{"context":"NestFactory","level":"info","message":"Starting Nest application...","timestamp":"2025-04-29 04:11:32"}
{"context":"InstanceLoader","level":"info","message":"TypeOrmModule dependencies initialized","timestamp":"2025-04-29 04:11:32"}
{"context":"InstanceLoader","level":"info","message":"JwtModule dependencies initialized","timestamp":"2025-04-29 04:11:32"}
{"context":"InstanceLoader","level":"info","message":"ConfigHostModule dependencies initialized","timestamp":"2025-04-29 04:11:32"}
{"context":"InstanceLoader","level":"info","message":"DiscoveryModule dependencies initialized","timestamp":"2025-04-29 04:11:32"}
{"context":"InstanceLoader","level":"info","message":"ConfigModule dependencies initialized","timestamp":"2025-04-29 04:11:32"}
{"context":"InstanceLoader","level":"info","message":"ConfigModule dependencies initialized","timestamp":"2025-04-29 04:11:32"}
{"context":"InstanceLoader","level":"info","message":"ScheduleModule dependencies initialized","timestamp":"2025-04-29 04:11:32"}
{"context":"InstanceLoader","level":"info","message":"LoggerModule dependencies initialized","timestamp":"2025-04-29 04:11:32"}
{"context":"InstanceLoader","level":"info","message":"WinstonModule dependencies initialized","timestamp":"2025-04-29 04:11:32"}
{"context":"InstanceLoader","level":"info","message":"TypeOrmCoreModule dependencies initialized","timestamp":"2025-04-29 04:11:32"}
{"context":"InstanceLoader","level":"info","message":"TypeOrmModule dependencies initialized","timestamp":"2025-04-29 04:11:32"}
{"context":"InstanceLoader","level":"info","message":"TypeOrmModule dependencies initialized","timestamp":"2025-04-29 04:11:32"}
{"context":"InstanceLoader","level":"info","message":"TypeOrmModule dependencies initialized","timestamp":"2025-04-29 04:11:32"}
{"context":"InstanceLoader","level":"info","message":"TypeOrmModule dependencies initialized","timestamp":"2025-04-29 04:11:32"}
{"context":"InstanceLoader","level":"info","message":"TypeOrmModule dependencies initialized","timestamp":"2025-04-29 04:11:32"}
{"context":"InstanceLoader","level":"info","message":"TypeOrmModule dependencies initialized","timestamp":"2025-04-29 04:11:32"}
{"context":"InstanceLoader","level":"info","message":"TypeOrmModule dependencies initialized","timestamp":"2025-04-29 04:11:32"}
{"context":"InstanceLoader","level":"info","message":"AppModule dependencies initialized","timestamp":"2025-04-29 04:11:32"}
{"context":"InstanceLoader","level":"info","message":"CommonModule dependencies initialized","timestamp":"2025-04-29 04:11:32"}
{"context":"InstanceLoader","level":"info","message":"AuthModule dependencies initialized","timestamp":"2025-04-29 04:11:32"}
{"context":"InstanceLoader","level":"info","message":"UserModule dependencies initialized","timestamp":"2025-04-29 04:11:32"}
{"context":"InstanceLoader","level":"info","message":"StoreModule dependencies initialized","timestamp":"2025-04-29 04:11:32"}
{"context":"InstanceLoader","level":"info","message":"OwnerModule dependencies initialized","timestamp":"2025-04-29 04:11:32"}
{"context":"InstanceLoader","level":"info","message":"ItemModule dependencies initialized","timestamp":"2025-04-29 04:11:32"}
{"context":"InstanceLoader","level":"info","message":"LogisticsModule dependencies initialized","timestamp":"2025-04-29 04:11:32"}
{"context":"InstanceLoader","level":"info","message":"OrderModule dependencies initialized","timestamp":"2025-04-29 04:11:32"}
{"context":"RoutesResolver","level":"info","message":"UserController {/user}:","timestamp":"2025-04-29 04:11:32"}
{"context":"RouterExplorer","level":"info","message":"Mapped {/user, POST} route","timestamp":"2025-04-29 04:11:32"}
{"context":"RouterExplorer","level":"info","message":"Mapped {/user, GET} route","timestamp":"2025-04-29 04:11:32"}
{"context":"RouterExplorer","level":"info","message":"Mapped {/user/:id, GET} route","timestamp":"2025-04-29 04:11:32"}
{"context":"RouterExplorer","level":"info","message":"Mapped {/user/:id, PATCH} route","timestamp":"2025-04-29 04:11:32"}
{"context":"RouterExplorer","level":"info","message":"Mapped {/user/:id, DELETE} route","timestamp":"2025-04-29 04:11:32"}
{"context":"RoutesResolver","level":"info","message":"AuthController {/auth}:","timestamp":"2025-04-29 04:11:32"}
{"context":"RouterExplorer","level":"info","message":"Mapped {/auth/login, POST} route","timestamp":"2025-04-29 04:11:32"}
{"context":"RouterExplorer","level":"info","message":"Mapped {/auth/token/newToken, POST} route","timestamp":"2025-04-29 04:11:32"}
{"context":"RoutesResolver","level":"info","message":"StoreController {/store}:","timestamp":"2025-04-29 04:11:32"}
{"context":"RouterExplorer","level":"info","message":"Mapped {/store, POST} route","timestamp":"2025-04-29 04:11:32"}
{"context":"RouterExplorer","level":"info","message":"Mapped {/store, GET} route","timestamp":"2025-04-29 04:11:32"}
{"context":"RouterExplorer","level":"info","message":"Mapped {/store/:id, GET} route","timestamp":"2025-04-29 04:11:32"}
{"context":"RouterExplorer","level":"info","message":"Mapped {/store/:id, PATCH} route","timestamp":"2025-04-29 04:11:32"}
{"context":"RouterExplorer","level":"info","message":"Mapped {/store/:id, DELETE} route","timestamp":"2025-04-29 04:11:32"}
{"context":"RouterExplorer","level":"info","message":"Mapped {/store/warehouse, POST} route","timestamp":"2025-04-29 04:11:32"}
{"context":"RoutesResolver","level":"info","message":"OwnerController {/owner}:","timestamp":"2025-04-29 04:11:32"}
{"context":"RouterExplorer","level":"info","message":"Mapped {/owner, POST} route","timestamp":"2025-04-29 04:11:32"}
{"context":"RouterExplorer","level":"info","message":"Mapped {/owner, GET} route","timestamp":"2025-04-29 04:11:32"}
{"context":"RouterExplorer","level":"info","message":"Mapped {/owner/:id, GET} route","timestamp":"2025-04-29 04:11:32"}
{"context":"RouterExplorer","level":"info","message":"Mapped {/owner/:id, PATCH} route","timestamp":"2025-04-29 04:11:32"}
{"context":"RouterExplorer","level":"info","message":"Mapped {/owner/:id, DELETE} route","timestamp":"2025-04-29 04:11:32"}
{"context":"RoutesResolver","level":"info","message":"ItemController {/item}:","timestamp":"2025-04-29 04:11:32"}
{"context":"RouterExplorer","level":"info","message":"Mapped {/item, POST} route","timestamp":"2025-04-29 04:11:32"}
{"context":"RouterExplorer","level":"info","message":"Mapped {/item, GET} route","timestamp":"2025-04-29 04:11:32"}
{"context":"RouterExplorer","level":"info","message":"Mapped {/item/:id, GET} route","timestamp":"2025-04-29 04:11:32"}
{"context":"RouterExplorer","level":"info","message":"Mapped {/item/:id, PATCH} route","timestamp":"2025-04-29 04:11:32"}
{"context":"RouterExplorer","level":"info","message":"Mapped {/item/:id, DELETE} route","timestamp":"2025-04-29 04:11:32"}
{"context":"RouterExplorer","level":"info","message":"Mapped {/item/logistics, POST} route","timestamp":"2025-04-29 04:11:32"}
{"context":"RoutesResolver","level":"info","message":"LogisticsController {/logistics}:","timestamp":"2025-04-29 04:11:32"}
{"context":"RouterExplorer","level":"info","message":"Mapped {/logistics, POST} route","timestamp":"2025-04-29 04:11:32"}
{"context":"RouterExplorer","level":"info","message":"Mapped {/logistics, GET} route","timestamp":"2025-04-29 04:11:32"}
{"context":"RouterExplorer","level":"info","message":"Mapped {/logistics/:id, GET} route","timestamp":"2025-04-29 04:11:32"}
{"context":"RouterExplorer","level":"info","message":"Mapped {/logistics/:id, PATCH} route","timestamp":"2025-04-29 04:11:32"}
{"context":"RouterExplorer","level":"info","message":"Mapped {/logistics/:id, DELETE} route","timestamp":"2025-04-29 04:11:32"}
{"context":"RouterExplorer","level":"info","message":"Mapped {/logistics/warehouse/:id, GET} route","timestamp":"2025-04-29 04:11:32"}
{"context":"RouterExplorer","level":"info","message":"Mapped {/logistics/warehouse/:id, POST} route","timestamp":"2025-04-29 04:11:32"}
{"context":"RoutesResolver","level":"info","message":"OrderController {/order}:","timestamp":"2025-04-29 04:11:32"}
{"context":"RouterExplorer","level":"info","message":"Mapped {/order, POST} route","timestamp":"2025-04-29 04:11:32"}
{"context":"RouterExplorer","level":"info","message":"Mapped {/order, GET} route","timestamp":"2025-04-29 04:11:32"}
{"context":"RouterExplorer","level":"info","message":"Mapped {/order/:id, GET} route","timestamp":"2025-04-29 04:11:32"}
{"context":"RouterExplorer","level":"info","message":"Mapped {/order/:id, PATCH} route","timestamp":"2025-04-29 04:11:32"}
{"context":"RouterExplorer","level":"info","message":"Mapped {/order/:id, DELETE} route","timestamp":"2025-04-29 04:11:32"}
{"context":"RouterExplorer","level":"info","message":"Mapped {/order/batch/update-status, POST} route","timestamp":"2025-04-29 04:11:32"}
{"context":"NestApplication","level":"info","message":"Nest application successfully started","timestamp":"2025-04-29 04:11:32"}
{"context":"Bootstrap","level":"info","message":"애플리케이션이 3000 포트에서 시작되었습니다","timestamp":"2025-04-29 04:11:32"}
{"context":"NestFactory","level":"info","message":"Starting Nest application...","timestamp":"2025-04-29 04:27:20"}
{"context":"InstanceLoader","level":"info","message":"TypeOrmModule dependencies initialized","timestamp":"2025-04-29 04:27:20"}
{"context":"InstanceLoader","level":"info","message":"JwtModule dependencies initialized","timestamp":"2025-04-29 04:27:20"}
{"context":"InstanceLoader","level":"info","message":"ConfigHostModule dependencies initialized","timestamp":"2025-04-29 04:27:20"}
{"context":"InstanceLoader","level":"info","message":"DiscoveryModule dependencies initialized","timestamp":"2025-04-29 04:27:20"}
{"context":"InstanceLoader","level":"info","message":"ConfigModule dependencies initialized","timestamp":"2025-04-29 04:27:20"}
{"context":"InstanceLoader","level":"info","message":"ConfigModule dependencies initialized","timestamp":"2025-04-29 04:27:20"}
{"context":"InstanceLoader","level":"info","message":"ScheduleModule dependencies initialized","timestamp":"2025-04-29 04:27:20"}
{"context":"InstanceLoader","level":"info","message":"LoggerModule dependencies initialized","timestamp":"2025-04-29 04:27:20"}
{"context":"InstanceLoader","level":"info","message":"WinstonModule dependencies initialized","timestamp":"2025-04-29 04:27:20"}
{"context":"InstanceLoader","level":"info","message":"TypeOrmCoreModule dependencies initialized","timestamp":"2025-04-29 04:27:20"}
{"context":"InstanceLoader","level":"info","message":"TypeOrmModule dependencies initialized","timestamp":"2025-04-29 04:27:20"}
{"context":"InstanceLoader","level":"info","message":"TypeOrmModule dependencies initialized","timestamp":"2025-04-29 04:27:20"}
{"context":"InstanceLoader","level":"info","message":"TypeOrmModule dependencies initialized","timestamp":"2025-04-29 04:27:20"}
{"context":"InstanceLoader","level":"info","message":"TypeOrmModule dependencies initialized","timestamp":"2025-04-29 04:27:20"}
{"context":"InstanceLoader","level":"info","message":"TypeOrmModule dependencies initialized","timestamp":"2025-04-29 04:27:20"}
{"context":"InstanceLoader","level":"info","message":"TypeOrmModule dependencies initialized","timestamp":"2025-04-29 04:27:20"}
{"context":"InstanceLoader","level":"info","message":"TypeOrmModule dependencies initialized","timestamp":"2025-04-29 04:27:20"}
{"context":"InstanceLoader","level":"info","message":"AppModule dependencies initialized","timestamp":"2025-04-29 04:27:20"}
{"context":"InstanceLoader","level":"info","message":"CommonModule dependencies initialized","timestamp":"2025-04-29 04:27:20"}
{"context":"InstanceLoader","level":"info","message":"AuthModule dependencies initialized","timestamp":"2025-04-29 04:27:20"}
{"context":"InstanceLoader","level":"info","message":"UserModule dependencies initialized","timestamp":"2025-04-29 04:27:20"}
{"context":"InstanceLoader","level":"info","message":"StoreModule dependencies initialized","timestamp":"2025-04-29 04:27:20"}
{"context":"InstanceLoader","level":"info","message":"OwnerModule dependencies initialized","timestamp":"2025-04-29 04:27:20"}
{"context":"InstanceLoader","level":"info","message":"ItemModule dependencies initialized","timestamp":"2025-04-29 04:27:20"}
{"context":"InstanceLoader","level":"info","message":"LogisticsModule dependencies initialized","timestamp":"2025-04-29 04:27:20"}
{"context":"InstanceLoader","level":"info","message":"OrderModule dependencies initialized","timestamp":"2025-04-29 04:27:20"}
{"context":"RoutesResolver","level":"info","message":"UserController {/user}:","timestamp":"2025-04-29 04:27:20"}
{"context":"RouterExplorer","level":"info","message":"Mapped {/user, POST} route","timestamp":"2025-04-29 04:27:20"}
{"context":"RouterExplorer","level":"info","message":"Mapped {/user, GET} route","timestamp":"2025-04-29 04:27:20"}
{"context":"RouterExplorer","level":"info","message":"Mapped {/user/:id, GET} route","timestamp":"2025-04-29 04:27:20"}
{"context":"RouterExplorer","level":"info","message":"Mapped {/user/:id, PATCH} route","timestamp":"2025-04-29 04:27:20"}
{"context":"RouterExplorer","level":"info","message":"Mapped {/user/:id, DELETE} route","timestamp":"2025-04-29 04:27:20"}
{"context":"RoutesResolver","level":"info","message":"AuthController {/auth}:","timestamp":"2025-04-29 04:27:20"}
{"context":"RouterExplorer","level":"info","message":"Mapped {/auth/login, POST} route","timestamp":"2025-04-29 04:27:20"}
{"context":"RouterExplorer","level":"info","message":"Mapped {/auth/token/newToken, POST} route","timestamp":"2025-04-29 04:27:20"}
{"context":"RoutesResolver","level":"info","message":"StoreController {/store}:","timestamp":"2025-04-29 04:27:20"}
{"context":"RouterExplorer","level":"info","message":"Mapped {/store, POST} route","timestamp":"2025-04-29 04:27:20"}
{"context":"RouterExplorer","level":"info","message":"Mapped {/store, GET} route","timestamp":"2025-04-29 04:27:20"}
{"context":"RouterExplorer","level":"info","message":"Mapped {/store/:id, GET} route","timestamp":"2025-04-29 04:27:20"}
{"context":"RouterExplorer","level":"info","message":"Mapped {/store/:id, PATCH} route","timestamp":"2025-04-29 04:27:20"}
{"context":"RouterExplorer","level":"info","message":"Mapped {/store/:id, DELETE} route","timestamp":"2025-04-29 04:27:20"}
{"context":"RouterExplorer","level":"info","message":"Mapped {/store/warehouse, POST} route","timestamp":"2025-04-29 04:27:20"}
{"context":"RoutesResolver","level":"info","message":"OwnerController {/owner}:","timestamp":"2025-04-29 04:27:20"}
{"context":"RouterExplorer","level":"info","message":"Mapped {/owner, POST} route","timestamp":"2025-04-29 04:27:20"}
{"context":"RouterExplorer","level":"info","message":"Mapped {/owner, GET} route","timestamp":"2025-04-29 04:27:20"}
{"context":"RouterExplorer","level":"info","message":"Mapped {/owner/:id, GET} route","timestamp":"2025-04-29 04:27:20"}
{"context":"RouterExplorer","level":"info","message":"Mapped {/owner/:id, PATCH} route","timestamp":"2025-04-29 04:27:20"}
{"context":"RouterExplorer","level":"info","message":"Mapped {/owner/:id, DELETE} route","timestamp":"2025-04-29 04:27:20"}
{"context":"RoutesResolver","level":"info","message":"ItemController {/item}:","timestamp":"2025-04-29 04:27:20"}
{"context":"RouterExplorer","level":"info","message":"Mapped {/item, POST} route","timestamp":"2025-04-29 04:27:20"}
{"context":"RouterExplorer","level":"info","message":"Mapped {/item, GET} route","timestamp":"2025-04-29 04:27:20"}
{"context":"RouterExplorer","level":"info","message":"Mapped {/item/:id, GET} route","timestamp":"2025-04-29 04:27:20"}
{"context":"RouterExplorer","level":"info","message":"Mapped {/item/:id, PATCH} route","timestamp":"2025-04-29 04:27:20"}
{"context":"RouterExplorer","level":"info","message":"Mapped {/item/:id, DELETE} route","timestamp":"2025-04-29 04:27:20"}
{"context":"RouterExplorer","level":"info","message":"Mapped {/item/logistics, POST} route","timestamp":"2025-04-29 04:27:20"}
{"context":"RoutesResolver","level":"info","message":"LogisticsController {/logistics}:","timestamp":"2025-04-29 04:27:20"}
{"context":"RouterExplorer","level":"info","message":"Mapped {/logistics, POST} route","timestamp":"2025-04-29 04:27:20"}
{"context":"RouterExplorer","level":"info","message":"Mapped {/logistics, GET} route","timestamp":"2025-04-29 04:27:20"}
{"context":"RouterExplorer","level":"info","message":"Mapped {/logistics/:id, GET} route","timestamp":"2025-04-29 04:27:20"}
{"context":"RouterExplorer","level":"info","message":"Mapped {/logistics/:id, PATCH} route","timestamp":"2025-04-29 04:27:20"}
{"context":"RouterExplorer","level":"info","message":"Mapped {/logistics/:id, DELETE} route","timestamp":"2025-04-29 04:27:20"}
{"context":"RouterExplorer","level":"info","message":"Mapped {/logistics/warehouse/:id, GET} route","timestamp":"2025-04-29 04:27:20"}
{"context":"RouterExplorer","level":"info","message":"Mapped {/logistics/warehouse/:id, POST} route","timestamp":"2025-04-29 04:27:20"}
{"context":"RoutesResolver","level":"info","message":"OrderController {/order}:","timestamp":"2025-04-29 04:27:20"}
{"context":"RouterExplorer","level":"info","message":"Mapped {/order, POST} route","timestamp":"2025-04-29 04:27:20"}
{"context":"RouterExplorer","level":"info","message":"Mapped {/order, GET} route","timestamp":"2025-04-29 04:27:20"}
{"context":"RouterExplorer","level":"info","message":"Mapped {/order/:id, GET} route","timestamp":"2025-04-29 04:27:20"}
{"context":"RouterExplorer","level":"info","message":"Mapped {/order/:id, PATCH} route","timestamp":"2025-04-29 04:27:20"}
{"context":"RouterExplorer","level":"info","message":"Mapped {/order/:id, DELETE} route","timestamp":"2025-04-29 04:27:20"}
{"context":"RouterExplorer","level":"info","message":"Mapped {/order/batch/update-status, POST} route","timestamp":"2025-04-29 04:27:20"}
{"context":"NestApplication","level":"info","message":"Nest application successfully started","timestamp":"2025-04-29 04:27:20"}
{"context":"Bootstrap","level":"info","message":"애플리케이션이 3001 포트에서 시작되었습니다","timestamp":"2025-04-29 04:27:20"}
{"context":"NestFactory","level":"info","message":"Starting Nest application...","timestamp":"2025-04-29 04:29:09"}
{"context":"InstanceLoader","level":"info","message":"TypeOrmModule dependencies initialized","timestamp":"2025-04-29 04:29:09"}
{"context":"InstanceLoader","level":"info","message":"JwtModule dependencies initialized","timestamp":"2025-04-29 04:29:09"}
{"context":"InstanceLoader","level":"info","message":"ConfigHostModule dependencies initialized","timestamp":"2025-04-29 04:29:09"}
{"context":"InstanceLoader","level":"info","message":"DiscoveryModule dependencies initialized","timestamp":"2025-04-29 04:29:09"}
{"context":"InstanceLoader","level":"info","message":"ConfigModule dependencies initialized","timestamp":"2025-04-29 04:29:09"}
{"context":"InstanceLoader","level":"info","message":"ConfigModule dependencies initialized","timestamp":"2025-04-29 04:29:09"}
{"context":"InstanceLoader","level":"info","message":"ScheduleModule dependencies initialized","timestamp":"2025-04-29 04:29:09"}
{"context":"InstanceLoader","level":"info","message":"LoggerModule dependencies initialized","timestamp":"2025-04-29 04:29:09"}
{"context":"InstanceLoader","level":"info","message":"WinstonModule dependencies initialized","timestamp":"2025-04-29 04:29:09"}
{"context":"InstanceLoader","level":"info","message":"TypeOrmCoreModule dependencies initialized","timestamp":"2025-04-29 04:29:09"}
{"context":"InstanceLoader","level":"info","message":"TypeOrmModule dependencies initialized","timestamp":"2025-04-29 04:29:09"}
{"context":"InstanceLoader","level":"info","message":"TypeOrmModule dependencies initialized","timestamp":"2025-04-29 04:29:09"}
{"context":"InstanceLoader","level":"info","message":"TypeOrmModule dependencies initialized","timestamp":"2025-04-29 04:29:09"}
{"context":"InstanceLoader","level":"info","message":"TypeOrmModule dependencies initialized","timestamp":"2025-04-29 04:29:09"}
{"context":"InstanceLoader","level":"info","message":"TypeOrmModule dependencies initialized","timestamp":"2025-04-29 04:29:09"}
{"context":"InstanceLoader","level":"info","message":"TypeOrmModule dependencies initialized","timestamp":"2025-04-29 04:29:09"}
{"context":"InstanceLoader","level":"info","message":"TypeOrmModule dependencies initialized","timestamp":"2025-04-29 04:29:09"}
{"context":"InstanceLoader","level":"info","message":"AppModule dependencies initialized","timestamp":"2025-04-29 04:29:09"}
{"context":"InstanceLoader","level":"info","message":"CommonModule dependencies initialized","timestamp":"2025-04-29 04:29:09"}
{"context":"InstanceLoader","level":"info","message":"AuthModule dependencies initialized","timestamp":"2025-04-29 04:29:09"}
{"context":"InstanceLoader","level":"info","message":"UserModule dependencies initialized","timestamp":"2025-04-29 04:29:09"}
{"context":"InstanceLoader","level":"info","message":"StoreModule dependencies initialized","timestamp":"2025-04-29 04:29:09"}
{"context":"InstanceLoader","level":"info","message":"OwnerModule dependencies initialized","timestamp":"2025-04-29 04:29:09"}
{"context":"InstanceLoader","level":"info","message":"ItemModule dependencies initialized","timestamp":"2025-04-29 04:29:09"}
{"context":"InstanceLoader","level":"info","message":"LogisticsModule dependencies initialized","timestamp":"2025-04-29 04:29:09"}
{"context":"InstanceLoader","level":"info","message":"OrderModule dependencies initialized","timestamp":"2025-04-29 04:29:09"}
{"context":"RoutesResolver","level":"info","message":"UserController {/user}:","timestamp":"2025-04-29 04:29:09"}
{"context":"RouterExplorer","level":"info","message":"Mapped {/user, POST} route","timestamp":"2025-04-29 04:29:09"}
{"context":"RouterExplorer","level":"info","message":"Mapped {/user, GET} route","timestamp":"2025-04-29 04:29:09"}
{"context":"RouterExplorer","level":"info","message":"Mapped {/user/:id, GET} route","timestamp":"2025-04-29 04:29:09"}
{"context":"RouterExplorer","level":"info","message":"Mapped {/user/:id, PATCH} route","timestamp":"2025-04-29 04:29:09"}
{"context":"RouterExplorer","level":"info","message":"Mapped {/user/:id, DELETE} route","timestamp":"2025-04-29 04:29:09"}
{"context":"RoutesResolver","level":"info","message":"AuthController {/auth}:","timestamp":"2025-04-29 04:29:09"}
{"context":"RouterExplorer","level":"info","message":"Mapped {/auth/login, POST} route","timestamp":"2025-04-29 04:29:09"}
{"context":"RouterExplorer","level":"info","message":"Mapped {/auth/token/newToken, POST} route","timestamp":"2025-04-29 04:29:09"}
{"context":"RoutesResolver","level":"info","message":"StoreController {/store}:","timestamp":"2025-04-29 04:29:09"}
{"context":"RouterExplorer","level":"info","message":"Mapped {/store, POST} route","timestamp":"2025-04-29 04:29:09"}
{"context":"RouterExplorer","level":"info","message":"Mapped {/store, GET} route","timestamp":"2025-04-29 04:29:09"}
{"context":"RouterExplorer","level":"info","message":"Mapped {/store/:id, GET} route","timestamp":"2025-04-29 04:29:09"}
{"context":"RouterExplorer","level":"info","message":"Mapped {/store/:id, PATCH} route","timestamp":"2025-04-29 04:29:09"}
{"context":"RouterExplorer","level":"info","message":"Mapped {/store/:id, DELETE} route","timestamp":"2025-04-29 04:29:09"}
{"context":"RouterExplorer","level":"info","message":"Mapped {/store/warehouse, POST} route","timestamp":"2025-04-29 04:29:09"}
{"context":"RoutesResolver","level":"info","message":"OwnerController {/owner}:","timestamp":"2025-04-29 04:29:09"}
{"context":"RouterExplorer","level":"info","message":"Mapped {/owner, POST} route","timestamp":"2025-04-29 04:29:09"}
{"context":"RouterExplorer","level":"info","message":"Mapped {/owner, GET} route","timestamp":"2025-04-29 04:29:09"}
{"context":"RouterExplorer","level":"info","message":"Mapped {/owner/:id, GET} route","timestamp":"2025-04-29 04:29:09"}
{"context":"RouterExplorer","level":"info","message":"Mapped {/owner/:id, PATCH} route","timestamp":"2025-04-29 04:29:09"}
{"context":"RouterExplorer","level":"info","message":"Mapped {/owner/:id, DELETE} route","timestamp":"2025-04-29 04:29:09"}
{"context":"RoutesResolver","level":"info","message":"ItemController {/item}:","timestamp":"2025-04-29 04:29:09"}
{"context":"RouterExplorer","level":"info","message":"Mapped {/item, POST} route","timestamp":"2025-04-29 04:29:09"}
{"context":"RouterExplorer","level":"info","message":"Mapped {/item, GET} route","timestamp":"2025-04-29 04:29:09"}
{"context":"RouterExplorer","level":"info","message":"Mapped {/item/:id, GET} route","timestamp":"2025-04-29 04:29:09"}
{"context":"RouterExplorer","level":"info","message":"Mapped {/item/:id, PATCH} route","timestamp":"2025-04-29 04:29:09"}
{"context":"RouterExplorer","level":"info","message":"Mapped {/item/:id, DELETE} route","timestamp":"2025-04-29 04:29:09"}
{"context":"RouterExplorer","level":"info","message":"Mapped {/item/logistics, POST} route","timestamp":"2025-04-29 04:29:09"}
{"context":"RoutesResolver","level":"info","message":"LogisticsController {/logistics}:","timestamp":"2025-04-29 04:29:09"}
{"context":"RouterExplorer","level":"info","message":"Mapped {/logistics, POST} route","timestamp":"2025-04-29 04:29:09"}
{"context":"RouterExplorer","level":"info","message":"Mapped {/logistics, GET} route","timestamp":"2025-04-29 04:29:09"}
{"context":"RouterExplorer","level":"info","message":"Mapped {/logistics/:id, GET} route","timestamp":"2025-04-29 04:29:09"}
{"context":"RouterExplorer","level":"info","message":"Mapped {/logistics/:id, PATCH} route","timestamp":"2025-04-29 04:29:09"}
{"context":"RouterExplorer","level":"info","message":"Mapped {/logistics/:id, DELETE} route","timestamp":"2025-04-29 04:29:09"}
{"context":"RouterExplorer","level":"info","message":"Mapped {/logistics/warehouse/:id, GET} route","timestamp":"2025-04-29 04:29:09"}
{"context":"RouterExplorer","level":"info","message":"Mapped {/logistics/warehouse/:id, POST} route","timestamp":"2025-04-29 04:29:09"}
{"context":"RoutesResolver","level":"info","message":"OrderController {/order}:","timestamp":"2025-04-29 04:29:09"}
{"context":"RouterExplorer","level":"info","message":"Mapped {/order, POST} route","timestamp":"2025-04-29 04:29:09"}
{"context":"RouterExplorer","level":"info","message":"Mapped {/order, GET} route","timestamp":"2025-04-29 04:29:09"}
{"context":"RouterExplorer","level":"info","message":"Mapped {/order/:id, GET} route","timestamp":"2025-04-29 04:29:09"}
{"context":"RouterExplorer","level":"info","message":"Mapped {/order/:id, PATCH} route","timestamp":"2025-04-29 04:29:09"}
{"context":"RouterExplorer","level":"info","message":"Mapped {/order/:id, DELETE} route","timestamp":"2025-04-29 04:29:09"}
{"context":"RouterExplorer","level":"info","message":"Mapped {/order/batch/update-status, POST} route","timestamp":"2025-04-29 04:29:09"}
{"context":"NestApplication","level":"info","message":"Nest application successfully started","timestamp":"2025-04-29 04:29:09"}
{"context":"Bootstrap","level":"info","message":"애플리케이션이 3001 포트에서 시작되었습니다","timestamp":"2025-04-29 04:29:09"}
{"context":"HttpExceptionFilter","level":"error","message":"[예외] POST /user 400 - Bad control character in string literal in JSON at position 90","timestamp":"2025-04-29 04:32:02","trace":"BadRequestException: Bad control character in string literal in JSON at position 90\n    at RoutesResolver.mapExternalException (/app/node_modules/.pnpm/@nestjs+core@10.4.17_@nestjs+common@10.4.17_class-transformer@0.5.1_class-validator@0.1_eae1b69253770746a482487d36064dac/node_modules/@nestjs/core/router/routes-resolver.js:100:24)\n    at callback (/app/node_modules/.pnpm/@nestjs+core@10.4.17_@nestjs+common@10.4.17_class-transformer@0.5.1_class-validator@0.1_eae1b69253770746a482487d36064dac/node_modules/@nestjs/core/router/routes-resolver.js:86:24)\n    at /app/node_modules/.pnpm/@nestjs+core@10.4.17_@nestjs+common@10.4.17_class-transformer@0.5.1_class-validator@0.1_eae1b69253770746a482487d36064dac/node_modules/@nestjs/core/router/router-proxy.js:21:23\n    at Layer.handle_error (/app/node_modules/.pnpm/express@4.21.2/node_modules/express/lib/router/layer.js:71:5)\n    at trim_prefix (/app/node_modules/.pnpm/express@4.21.2/node_modules/express/lib/router/index.js:326:13)\n    at /app/node_modules/.pnpm/express@4.21.2/node_modules/express/lib/router/index.js:286:9\n    at Function.process_params (/app/node_modules/.pnpm/express@4.21.2/node_modules/express/lib/router/index.js:346:12)\n    at next (/app/node_modules/.pnpm/express@4.21.2/node_modules/express/lib/router/index.js:280:10)\n    at Layer.handle_error (/app/node_modules/.pnpm/express@4.21.2/node_modules/express/lib/router/layer.js:67:12)\n    at trim_prefix (/app/node_modules/.pnpm/express@4.21.2/node_modules/express/lib/router/index.js:326:13)"}
{"context":"HttpExceptionFilter","level":"error","message":"[예외] POST /user 401 - 접근 토큰 타입이 올바르지 않습니다.","timestamp":"2025-04-29 04:32:55","trace":"UnauthorizedException: 접근 토큰 타입이 올바르지 않습니다.\n    at RBACGuard.canActivate (/app/src/auth/guard/rbac.guard.ts:28:13)\n    at GuardsConsumer.tryActivate (/app/node_modules/.pnpm/@nestjs+core@10.4.17_@nestjs+common@10.4.17_class-transformer@0.5.1_class-validator@0.1_eae1b69253770746a482487d36064dac/node_modules/@nestjs/core/guards/guards-consumer.js:15:34)\n    at canActivateFn (/app/node_modules/.pnpm/@nestjs+core@10.4.17_@nestjs+common@10.4.17_class-transformer@0.5.1_class-validator@0.1_eae1b69253770746a482487d36064dac/node_modules/@nestjs/core/router/router-execution-context.js:135:59)\n    at /app/node_modules/.pnpm/@nestjs+core@10.4.17_@nestjs+common@10.4.17_class-transformer@0.5.1_class-validator@0.1_eae1b69253770746a482487d36064dac/node_modules/@nestjs/core/router/router-execution-context.js:42:37\n    at /app/node_modules/.pnpm/@nestjs+core@10.4.17_@nestjs+common@10.4.17_class-transformer@0.5.1_class-validator@0.1_eae1b69253770746a482487d36064dac/node_modules/@nestjs/core/router/router-proxy.js:9:23\n    at Layer.handle [as handle_request] (/app/node_modules/.pnpm/express@4.21.2/node_modules/express/lib/router/layer.js:95:5)\n    at next (/app/node_modules/.pnpm/express@4.21.2/node_modules/express/lib/router/route.js:149:13)\n    at Route.dispatch (/app/node_modules/.pnpm/express@4.21.2/node_modules/express/lib/router/route.js:119:3)\n    at Layer.handle [as handle_request] (/app/node_modules/.pnpm/express@4.21.2/node_modules/express/lib/router/layer.js:95:5)\n    at /app/node_modules/.pnpm/express@4.21.2/node_modules/express/lib/router/index.js:284:15"}
{"details":{"headers":{"accept":"application/json","accept-encoding":"gzip, deflate, br, zstd","accept-language":"en-US,en;q=0.9,ko;q=0.8","connection":"keep-alive","content-length":"123","content-type":"application/json","cookie":"PGADMIN_LANGUAGE=ko; pga4_session=711e6d48-02a4-41a1-8310-979477eaa790!AVTm/El4RqQvjoZZQui3FG9Nxlb0Zas77QRV6HCp+kQ=","dnt":"1","host":"localhost:3001","origin":"http://localhost:3001","referer":"http://localhost:3001/doc","sec-ch-ua":"\"Chromium\";v=\"135\", \"Not-A.Brand\";v=\"8\"","sec-ch-ua-mobile":"?0","sec-ch-ua-platform":"\"macOS\"","sec-fetch-dest":"empty","sec-fetch-mode":"cors","sec-fetch-site":"same-origin","user-agent":"Mozilla/5.0 (Macintosh; Intel Mac OS X 10_15_7) AppleWebKit/537.36 (KHTML, like Gecko) Chrome/135.0.0.0 Safari/537.36"},"ip":"::ffff:192.168.65.1","method":"POST","path":"/user"},"event":"인증/인가 실패","level":"warn","message":"보안 이벤트","timestamp":"2025-04-29T04:32:55.145Z","userId":"anonymous"}
{"context":"HttpExceptionFilter","level":"error","message":"[예외] POST /auth/login 401 - 접근 토큰 타입이 올바르지 않습니다.","timestamp":"2025-04-29 04:33:10","trace":"UnauthorizedException: 접근 토큰 타입이 올바르지 않습니다.\n    at RBACGuard.canActivate (/app/src/auth/guard/rbac.guard.ts:28:13)\n    at GuardsConsumer.tryActivate (/app/node_modules/.pnpm/@nestjs+core@10.4.17_@nestjs+common@10.4.17_class-transformer@0.5.1_class-validator@0.1_eae1b69253770746a482487d36064dac/node_modules/@nestjs/core/guards/guards-consumer.js:15:34)\n    at canActivateFn (/app/node_modules/.pnpm/@nestjs+core@10.4.17_@nestjs+common@10.4.17_class-transformer@0.5.1_class-validator@0.1_eae1b69253770746a482487d36064dac/node_modules/@nestjs/core/router/router-execution-context.js:135:59)\n    at /app/node_modules/.pnpm/@nestjs+core@10.4.17_@nestjs+common@10.4.17_class-transformer@0.5.1_class-validator@0.1_eae1b69253770746a482487d36064dac/node_modules/@nestjs/core/router/router-execution-context.js:42:37\n    at /app/node_modules/.pnpm/@nestjs+core@10.4.17_@nestjs+common@10.4.17_class-transformer@0.5.1_class-validator@0.1_eae1b69253770746a482487d36064dac/node_modules/@nestjs/core/router/router-proxy.js:9:23\n    at Layer.handle [as handle_request] (/app/node_modules/.pnpm/express@4.21.2/node_modules/express/lib/router/layer.js:95:5)\n    at next (/app/node_modules/.pnpm/express@4.21.2/node_modules/express/lib/router/route.js:149:13)\n    at Route.dispatch (/app/node_modules/.pnpm/express@4.21.2/node_modules/express/lib/router/route.js:119:3)\n    at Layer.handle [as handle_request] (/app/node_modules/.pnpm/express@4.21.2/node_modules/express/lib/router/layer.js:95:5)\n    at /app/node_modules/.pnpm/express@4.21.2/node_modules/express/lib/router/index.js:284:15"}
{"details":{"headers":{"accept":"*/*","accept-encoding":"gzip, deflate, br, zstd","accept-language":"en-US,en;q=0.9,ko;q=0.8","authorization":"Basic bXN1bmc5OEBuYXZlci5jb206MTIz","connection":"keep-alive","content-length":"0","cookie":"PGADMIN_LANGUAGE=ko; pga4_session=711e6d48-02a4-41a1-8310-979477eaa790!AVTm/El4RqQvjoZZQui3FG9Nxlb0Zas77QRV6HCp+kQ=","dnt":"1","host":"localhost:3001","origin":"http://localhost:3001","referer":"http://localhost:3001/doc","sec-ch-ua":"\"Chromium\";v=\"135\", \"Not-A.Brand\";v=\"8\"","sec-ch-ua-mobile":"?0","sec-ch-ua-platform":"\"macOS\"","sec-fetch-dest":"empty","sec-fetch-mode":"cors","sec-fetch-site":"same-origin","user-agent":"Mozilla/5.0 (Macintosh; Intel Mac OS X 10_15_7) AppleWebKit/537.36 (KHTML, like Gecko) Chrome/135.0.0.0 Safari/537.36"},"ip":"::ffff:192.168.65.1","method":"POST","path":"/auth/login"},"event":"인증/인가 실패","level":"warn","message":"보안 이벤트","timestamp":"2025-04-29T04:33:10.078Z","userId":"msung98@naver.com"}
{"context":"HttpExceptionFilter","level":"error","message":"[예외] POST /auth/login 401 - 접근 토큰 타입이 올바르지 않습니다.","timestamp":"2025-04-29 04:33:12","trace":"UnauthorizedException: 접근 토큰 타입이 올바르지 않습니다.\n    at RBACGuard.canActivate (/app/src/auth/guard/rbac.guard.ts:28:13)\n    at GuardsConsumer.tryActivate (/app/node_modules/.pnpm/@nestjs+core@10.4.17_@nestjs+common@10.4.17_class-transformer@0.5.1_class-validator@0.1_eae1b69253770746a482487d36064dac/node_modules/@nestjs/core/guards/guards-consumer.js:15:34)\n    at canActivateFn (/app/node_modules/.pnpm/@nestjs+core@10.4.17_@nestjs+common@10.4.17_class-transformer@0.5.1_class-validator@0.1_eae1b69253770746a482487d36064dac/node_modules/@nestjs/core/router/router-execution-context.js:135:59)\n    at /app/node_modules/.pnpm/@nestjs+core@10.4.17_@nestjs+common@10.4.17_class-transformer@0.5.1_class-validator@0.1_eae1b69253770746a482487d36064dac/node_modules/@nestjs/core/router/router-execution-context.js:42:37\n    at /app/node_modules/.pnpm/@nestjs+core@10.4.17_@nestjs+common@10.4.17_class-transformer@0.5.1_class-validator@0.1_eae1b69253770746a482487d36064dac/node_modules/@nestjs/core/router/router-proxy.js:9:23\n    at Layer.handle [as handle_request] (/app/node_modules/.pnpm/express@4.21.2/node_modules/express/lib/router/layer.js:95:5)\n    at next (/app/node_modules/.pnpm/express@4.21.2/node_modules/express/lib/router/route.js:149:13)\n    at Route.dispatch (/app/node_modules/.pnpm/express@4.21.2/node_modules/express/lib/router/route.js:119:3)\n    at Layer.handle [as handle_request] (/app/node_modules/.pnpm/express@4.21.2/node_modules/express/lib/router/layer.js:95:5)\n    at /app/node_modules/.pnpm/express@4.21.2/node_modules/express/lib/router/index.js:284:15"}
{"details":{"headers":{"accept":"*/*","accept-encoding":"gzip, deflate, br, zstd","accept-language":"en-US,en;q=0.9,ko;q=0.8","authorization":"Basic bXN1bmc5OEBuYXZlci5jb206MTIz","connection":"keep-alive","content-length":"0","cookie":"PGADMIN_LANGUAGE=ko; pga4_session=711e6d48-02a4-41a1-8310-979477eaa790!AVTm/El4RqQvjoZZQui3FG9Nxlb0Zas77QRV6HCp+kQ=","dnt":"1","host":"localhost:3001","origin":"http://localhost:3001","referer":"http://localhost:3001/doc","sec-ch-ua":"\"Chromium\";v=\"135\", \"Not-A.Brand\";v=\"8\"","sec-ch-ua-mobile":"?0","sec-ch-ua-platform":"\"macOS\"","sec-fetch-dest":"empty","sec-fetch-mode":"cors","sec-fetch-site":"same-origin","user-agent":"Mozilla/5.0 (Macintosh; Intel Mac OS X 10_15_7) AppleWebKit/537.36 (KHTML, like Gecko) Chrome/135.0.0.0 Safari/537.36"},"ip":"::ffff:192.168.65.1","method":"POST","path":"/auth/login"},"event":"인증/인가 실패","level":"warn","message":"보안 이벤트","timestamp":"2025-04-29T04:33:12.213Z","userId":"msung98@naver.com"}
{"context":"NestFactory","level":"info","message":"Starting Nest application...","timestamp":"2025-04-29 04:33:56"}
{"context":"InstanceLoader","level":"info","message":"TypeOrmModule dependencies initialized","timestamp":"2025-04-29 04:33:56"}
{"context":"InstanceLoader","level":"info","message":"JwtModule dependencies initialized","timestamp":"2025-04-29 04:33:56"}
{"context":"InstanceLoader","level":"info","message":"ConfigHostModule dependencies initialized","timestamp":"2025-04-29 04:33:56"}
{"context":"InstanceLoader","level":"info","message":"DiscoveryModule dependencies initialized","timestamp":"2025-04-29 04:33:56"}
{"context":"InstanceLoader","level":"info","message":"ConfigModule dependencies initialized","timestamp":"2025-04-29 04:33:56"}
{"context":"InstanceLoader","level":"info","message":"ConfigModule dependencies initialized","timestamp":"2025-04-29 04:33:56"}
{"context":"InstanceLoader","level":"info","message":"ScheduleModule dependencies initialized","timestamp":"2025-04-29 04:33:56"}
{"context":"InstanceLoader","level":"info","message":"LoggerModule dependencies initialized","timestamp":"2025-04-29 04:33:56"}
{"context":"InstanceLoader","level":"info","message":"WinstonModule dependencies initialized","timestamp":"2025-04-29 04:33:56"}
{"context":"InstanceLoader","level":"info","message":"TypeOrmCoreModule dependencies initialized","timestamp":"2025-04-29 04:33:56"}
{"context":"InstanceLoader","level":"info","message":"TypeOrmModule dependencies initialized","timestamp":"2025-04-29 04:33:56"}
{"context":"InstanceLoader","level":"info","message":"TypeOrmModule dependencies initialized","timestamp":"2025-04-29 04:33:56"}
{"context":"InstanceLoader","level":"info","message":"TypeOrmModule dependencies initialized","timestamp":"2025-04-29 04:33:56"}
{"context":"InstanceLoader","level":"info","message":"TypeOrmModule dependencies initialized","timestamp":"2025-04-29 04:33:56"}
{"context":"InstanceLoader","level":"info","message":"TypeOrmModule dependencies initialized","timestamp":"2025-04-29 04:33:56"}
{"context":"InstanceLoader","level":"info","message":"TypeOrmModule dependencies initialized","timestamp":"2025-04-29 04:33:56"}
{"context":"InstanceLoader","level":"info","message":"TypeOrmModule dependencies initialized","timestamp":"2025-04-29 04:33:56"}
{"context":"InstanceLoader","level":"info","message":"AppModule dependencies initialized","timestamp":"2025-04-29 04:33:56"}
{"context":"InstanceLoader","level":"info","message":"CommonModule dependencies initialized","timestamp":"2025-04-29 04:33:56"}
{"context":"InstanceLoader","level":"info","message":"AuthModule dependencies initialized","timestamp":"2025-04-29 04:33:56"}
{"context":"InstanceLoader","level":"info","message":"UserModule dependencies initialized","timestamp":"2025-04-29 04:33:56"}
{"context":"InstanceLoader","level":"info","message":"StoreModule dependencies initialized","timestamp":"2025-04-29 04:33:56"}
{"context":"InstanceLoader","level":"info","message":"OwnerModule dependencies initialized","timestamp":"2025-04-29 04:33:56"}
{"context":"InstanceLoader","level":"info","message":"ItemModule dependencies initialized","timestamp":"2025-04-29 04:33:56"}
{"context":"InstanceLoader","level":"info","message":"LogisticsModule dependencies initialized","timestamp":"2025-04-29 04:33:56"}
{"context":"InstanceLoader","level":"info","message":"OrderModule dependencies initialized","timestamp":"2025-04-29 04:33:56"}
{"context":"RoutesResolver","level":"info","message":"UserController {/user}:","timestamp":"2025-04-29 04:33:56"}
{"context":"RouterExplorer","level":"info","message":"Mapped {/user, POST} route","timestamp":"2025-04-29 04:33:56"}
{"context":"RouterExplorer","level":"info","message":"Mapped {/user, GET} route","timestamp":"2025-04-29 04:33:56"}
{"context":"RouterExplorer","level":"info","message":"Mapped {/user/:id, GET} route","timestamp":"2025-04-29 04:33:56"}
{"context":"RouterExplorer","level":"info","message":"Mapped {/user/:id, PATCH} route","timestamp":"2025-04-29 04:33:56"}
{"context":"RouterExplorer","level":"info","message":"Mapped {/user/:id, DELETE} route","timestamp":"2025-04-29 04:33:56"}
{"context":"RoutesResolver","level":"info","message":"AuthController {/auth}:","timestamp":"2025-04-29 04:33:56"}
{"context":"RouterExplorer","level":"info","message":"Mapped {/auth/login, POST} route","timestamp":"2025-04-29 04:33:56"}
{"context":"RouterExplorer","level":"info","message":"Mapped {/auth/token/newToken, POST} route","timestamp":"2025-04-29 04:33:56"}
{"context":"RoutesResolver","level":"info","message":"StoreController {/store}:","timestamp":"2025-04-29 04:33:56"}
{"context":"RouterExplorer","level":"info","message":"Mapped {/store, POST} route","timestamp":"2025-04-29 04:33:56"}
{"context":"RouterExplorer","level":"info","message":"Mapped {/store, GET} route","timestamp":"2025-04-29 04:33:56"}
{"context":"RouterExplorer","level":"info","message":"Mapped {/store/:id, GET} route","timestamp":"2025-04-29 04:33:56"}
{"context":"RouterExplorer","level":"info","message":"Mapped {/store/:id, PATCH} route","timestamp":"2025-04-29 04:33:56"}
{"context":"RouterExplorer","level":"info","message":"Mapped {/store/:id, DELETE} route","timestamp":"2025-04-29 04:33:56"}
{"context":"RouterExplorer","level":"info","message":"Mapped {/store/warehouse, POST} route","timestamp":"2025-04-29 04:33:56"}
{"context":"RoutesResolver","level":"info","message":"OwnerController {/owner}:","timestamp":"2025-04-29 04:33:56"}
{"context":"RouterExplorer","level":"info","message":"Mapped {/owner, POST} route","timestamp":"2025-04-29 04:33:56"}
{"context":"RouterExplorer","level":"info","message":"Mapped {/owner, GET} route","timestamp":"2025-04-29 04:33:56"}
{"context":"RouterExplorer","level":"info","message":"Mapped {/owner/:id, GET} route","timestamp":"2025-04-29 04:33:56"}
{"context":"RouterExplorer","level":"info","message":"Mapped {/owner/:id, PATCH} route","timestamp":"2025-04-29 04:33:56"}
{"context":"RouterExplorer","level":"info","message":"Mapped {/owner/:id, DELETE} route","timestamp":"2025-04-29 04:33:56"}
{"context":"RoutesResolver","level":"info","message":"ItemController {/item}:","timestamp":"2025-04-29 04:33:56"}
{"context":"RouterExplorer","level":"info","message":"Mapped {/item, POST} route","timestamp":"2025-04-29 04:33:56"}
{"context":"RouterExplorer","level":"info","message":"Mapped {/item, GET} route","timestamp":"2025-04-29 04:33:56"}
{"context":"RouterExplorer","level":"info","message":"Mapped {/item/:id, GET} route","timestamp":"2025-04-29 04:33:56"}
{"context":"RouterExplorer","level":"info","message":"Mapped {/item/:id, PATCH} route","timestamp":"2025-04-29 04:33:56"}
{"context":"RouterExplorer","level":"info","message":"Mapped {/item/:id, DELETE} route","timestamp":"2025-04-29 04:33:56"}
{"context":"RouterExplorer","level":"info","message":"Mapped {/item/logistics, POST} route","timestamp":"2025-04-29 04:33:56"}
{"context":"RoutesResolver","level":"info","message":"LogisticsController {/logistics}:","timestamp":"2025-04-29 04:33:56"}
{"context":"RouterExplorer","level":"info","message":"Mapped {/logistics, POST} route","timestamp":"2025-04-29 04:33:56"}
{"context":"RouterExplorer","level":"info","message":"Mapped {/logistics, GET} route","timestamp":"2025-04-29 04:33:56"}
{"context":"RouterExplorer","level":"info","message":"Mapped {/logistics/:id, GET} route","timestamp":"2025-04-29 04:33:56"}
{"context":"RouterExplorer","level":"info","message":"Mapped {/logistics/:id, PATCH} route","timestamp":"2025-04-29 04:33:56"}
{"context":"RouterExplorer","level":"info","message":"Mapped {/logistics/:id, DELETE} route","timestamp":"2025-04-29 04:33:56"}
{"context":"RouterExplorer","level":"info","message":"Mapped {/logistics/warehouse/:id, GET} route","timestamp":"2025-04-29 04:33:56"}
{"context":"RouterExplorer","level":"info","message":"Mapped {/logistics/warehouse/:id, POST} route","timestamp":"2025-04-29 04:33:56"}
{"context":"RoutesResolver","level":"info","message":"OrderController {/order}:","timestamp":"2025-04-29 04:33:56"}
{"context":"RouterExplorer","level":"info","message":"Mapped {/order, POST} route","timestamp":"2025-04-29 04:33:56"}
{"context":"RouterExplorer","level":"info","message":"Mapped {/order, GET} route","timestamp":"2025-04-29 04:33:56"}
{"context":"RouterExplorer","level":"info","message":"Mapped {/order/:id, GET} route","timestamp":"2025-04-29 04:33:56"}
{"context":"RouterExplorer","level":"info","message":"Mapped {/order/:id, PATCH} route","timestamp":"2025-04-29 04:33:56"}
{"context":"RouterExplorer","level":"info","message":"Mapped {/order/:id, DELETE} route","timestamp":"2025-04-29 04:33:56"}
{"context":"RouterExplorer","level":"info","message":"Mapped {/order/batch/update-status, POST} route","timestamp":"2025-04-29 04:33:56"}
{"context":"NestApplication","level":"info","message":"Nest application successfully started","timestamp":"2025-04-29 04:33:56"}
{"context":"Bootstrap","level":"info","message":"애플리케이션이 3001 포트에서 시작되었습니다","timestamp":"2025-04-29 04:33:56"}
{"context":"HttpExceptionFilter","level":"error","message":"[예외] POST /auth/login 401 - 접근 토큰 타입이 올바르지 않습니다.","timestamp":"2025-04-29 04:34:00","trace":"UnauthorizedException: 접근 토큰 타입이 올바르지 않습니다.\n    at RBACGuard.canActivate (/app/src/auth/guard/rbac.guard.ts:28:13)\n    at GuardsConsumer.tryActivate (/app/node_modules/.pnpm/@nestjs+core@10.4.17_@nestjs+common@10.4.17_class-transformer@0.5.1_class-validator@0.1_eae1b69253770746a482487d36064dac/node_modules/@nestjs/core/guards/guards-consumer.js:15:34)\n    at canActivateFn (/app/node_modules/.pnpm/@nestjs+core@10.4.17_@nestjs+common@10.4.17_class-transformer@0.5.1_class-validator@0.1_eae1b69253770746a482487d36064dac/node_modules/@nestjs/core/router/router-execution-context.js:135:59)\n    at /app/node_modules/.pnpm/@nestjs+core@10.4.17_@nestjs+common@10.4.17_class-transformer@0.5.1_class-validator@0.1_eae1b69253770746a482487d36064dac/node_modules/@nestjs/core/router/router-execution-context.js:42:37\n    at /app/node_modules/.pnpm/@nestjs+core@10.4.17_@nestjs+common@10.4.17_class-transformer@0.5.1_class-validator@0.1_eae1b69253770746a482487d36064dac/node_modules/@nestjs/core/router/router-proxy.js:9:23\n    at Layer.handle [as handle_request] (/app/node_modules/.pnpm/express@4.21.2/node_modules/express/lib/router/layer.js:95:5)\n    at next (/app/node_modules/.pnpm/express@4.21.2/node_modules/express/lib/router/route.js:149:13)\n    at Route.dispatch (/app/node_modules/.pnpm/express@4.21.2/node_modules/express/lib/router/route.js:119:3)\n    at Layer.handle [as handle_request] (/app/node_modules/.pnpm/express@4.21.2/node_modules/express/lib/router/layer.js:95:5)\n    at /app/node_modules/.pnpm/express@4.21.2/node_modules/express/lib/router/index.js:284:15"}
{"details":{"headers":{"accept":"*/*","accept-encoding":"gzip, deflate, br, zstd","accept-language":"en-US,en;q=0.9,ko;q=0.8","authorization":"Basic bXN1bmc5OEBuYXZlci5jb206MTIz","connection":"keep-alive","content-length":"0","cookie":"PGADMIN_LANGUAGE=ko; pga4_session=711e6d48-02a4-41a1-8310-979477eaa790!AVTm/El4RqQvjoZZQui3FG9Nxlb0Zas77QRV6HCp+kQ=","dnt":"1","host":"localhost:3001","origin":"http://localhost:3001","referer":"http://localhost:3001/doc","sec-ch-ua":"\"Chromium\";v=\"135\", \"Not-A.Brand\";v=\"8\"","sec-ch-ua-mobile":"?0","sec-ch-ua-platform":"\"macOS\"","sec-fetch-dest":"empty","sec-fetch-mode":"cors","sec-fetch-site":"same-origin","user-agent":"Mozilla/5.0 (Macintosh; Intel Mac OS X 10_15_7) AppleWebKit/537.36 (KHTML, like Gecko) Chrome/135.0.0.0 Safari/537.36"},"ip":"::ffff:192.168.65.1","method":"POST","path":"/auth/login"},"event":"인증/인가 실패","level":"warn","message":"보안 이벤트","timestamp":"2025-04-29T04:34:00.992Z","userId":"msung98@naver.com"}
{"context":"HttpExceptionFilter","level":"error","message":"[예외] POST /auth/login 401 - 접근 토큰 타입이 올바르지 않습니다.","timestamp":"2025-04-29 04:34:01","trace":"UnauthorizedException: 접근 토큰 타입이 올바르지 않습니다.\n    at RBACGuard.canActivate (/app/src/auth/guard/rbac.guard.ts:28:13)\n    at GuardsConsumer.tryActivate (/app/node_modules/.pnpm/@nestjs+core@10.4.17_@nestjs+common@10.4.17_class-transformer@0.5.1_class-validator@0.1_eae1b69253770746a482487d36064dac/node_modules/@nestjs/core/guards/guards-consumer.js:15:34)\n    at canActivateFn (/app/node_modules/.pnpm/@nestjs+core@10.4.17_@nestjs+common@10.4.17_class-transformer@0.5.1_class-validator@0.1_eae1b69253770746a482487d36064dac/node_modules/@nestjs/core/router/router-execution-context.js:135:59)\n    at /app/node_modules/.pnpm/@nestjs+core@10.4.17_@nestjs+common@10.4.17_class-transformer@0.5.1_class-validator@0.1_eae1b69253770746a482487d36064dac/node_modules/@nestjs/core/router/router-execution-context.js:42:37\n    at /app/node_modules/.pnpm/@nestjs+core@10.4.17_@nestjs+common@10.4.17_class-transformer@0.5.1_class-validator@0.1_eae1b69253770746a482487d36064dac/node_modules/@nestjs/core/router/router-proxy.js:9:23\n    at Layer.handle [as handle_request] (/app/node_modules/.pnpm/express@4.21.2/node_modules/express/lib/router/layer.js:95:5)\n    at next (/app/node_modules/.pnpm/express@4.21.2/node_modules/express/lib/router/route.js:149:13)\n    at Route.dispatch (/app/node_modules/.pnpm/express@4.21.2/node_modules/express/lib/router/route.js:119:3)\n    at Layer.handle [as handle_request] (/app/node_modules/.pnpm/express@4.21.2/node_modules/express/lib/router/layer.js:95:5)\n    at /app/node_modules/.pnpm/express@4.21.2/node_modules/express/lib/router/index.js:284:15"}
{"details":{"headers":{"accept":"*/*","accept-encoding":"gzip, deflate, br, zstd","accept-language":"en-US,en;q=0.9,ko;q=0.8","authorization":"Basic bXN1bmc5OEBuYXZlci5jb206MTIz","connection":"keep-alive","content-length":"0","cookie":"PGADMIN_LANGUAGE=ko; pga4_session=711e6d48-02a4-41a1-8310-979477eaa790!AVTm/El4RqQvjoZZQui3FG9Nxlb0Zas77QRV6HCp+kQ=","dnt":"1","host":"localhost:3001","origin":"http://localhost:3001","referer":"http://localhost:3001/doc","sec-ch-ua":"\"Chromium\";v=\"135\", \"Not-A.Brand\";v=\"8\"","sec-ch-ua-mobile":"?0","sec-ch-ua-platform":"\"macOS\"","sec-fetch-dest":"empty","sec-fetch-mode":"cors","sec-fetch-site":"same-origin","user-agent":"Mozilla/5.0 (Macintosh; Intel Mac OS X 10_15_7) AppleWebKit/537.36 (KHTML, like Gecko) Chrome/135.0.0.0 Safari/537.36"},"ip":"::ffff:192.168.65.1","method":"POST","path":"/auth/login"},"event":"인증/인가 실패","level":"warn","message":"보안 이벤트","timestamp":"2025-04-29T04:34:01.636Z","userId":"msung98@naver.com"}
{"context":"HttpExceptionFilter","level":"error","message":"[예외] POST /auth/login 401 - 접근 토큰 타입이 올바르지 않습니다.","timestamp":"2025-04-29 04:34:04","trace":"UnauthorizedException: 접근 토큰 타입이 올바르지 않습니다.\n    at RBACGuard.canActivate (/app/src/auth/guard/rbac.guard.ts:28:13)\n    at GuardsConsumer.tryActivate (/app/node_modules/.pnpm/@nestjs+core@10.4.17_@nestjs+common@10.4.17_class-transformer@0.5.1_class-validator@0.1_eae1b69253770746a482487d36064dac/node_modules/@nestjs/core/guards/guards-consumer.js:15:34)\n    at canActivateFn (/app/node_modules/.pnpm/@nestjs+core@10.4.17_@nestjs+common@10.4.17_class-transformer@0.5.1_class-validator@0.1_eae1b69253770746a482487d36064dac/node_modules/@nestjs/core/router/router-execution-context.js:135:59)\n    at /app/node_modules/.pnpm/@nestjs+core@10.4.17_@nestjs+common@10.4.17_class-transformer@0.5.1_class-validator@0.1_eae1b69253770746a482487d36064dac/node_modules/@nestjs/core/router/router-execution-context.js:42:37\n    at /app/node_modules/.pnpm/@nestjs+core@10.4.17_@nestjs+common@10.4.17_class-transformer@0.5.1_class-validator@0.1_eae1b69253770746a482487d36064dac/node_modules/@nestjs/core/router/router-proxy.js:9:23\n    at Layer.handle [as handle_request] (/app/node_modules/.pnpm/express@4.21.2/node_modules/express/lib/router/layer.js:95:5)\n    at next (/app/node_modules/.pnpm/express@4.21.2/node_modules/express/lib/router/route.js:149:13)\n    at Route.dispatch (/app/node_modules/.pnpm/express@4.21.2/node_modules/express/lib/router/route.js:119:3)\n    at Layer.handle [as handle_request] (/app/node_modules/.pnpm/express@4.21.2/node_modules/express/lib/router/layer.js:95:5)\n    at /app/node_modules/.pnpm/express@4.21.2/node_modules/express/lib/router/index.js:284:15"}
{"details":{"headers":{"accept":"*/*","accept-encoding":"gzip, deflate, br, zstd","accept-language":"en-US,en;q=0.9,ko;q=0.8","authorization":"Basic bXN1bmc5OEBuYXZlci5jb206MTIz","connection":"keep-alive","content-length":"0","cookie":"PGADMIN_LANGUAGE=ko; pga4_session=711e6d48-02a4-41a1-8310-979477eaa790!AVTm/El4RqQvjoZZQui3FG9Nxlb0Zas77QRV6HCp+kQ=","dnt":"1","host":"localhost:3001","origin":"http://localhost:3001","referer":"http://localhost:3001/doc","sec-ch-ua":"\"Chromium\";v=\"135\", \"Not-A.Brand\";v=\"8\"","sec-ch-ua-mobile":"?0","sec-ch-ua-platform":"\"macOS\"","sec-fetch-dest":"empty","sec-fetch-mode":"cors","sec-fetch-site":"same-origin","user-agent":"Mozilla/5.0 (Macintosh; Intel Mac OS X 10_15_7) AppleWebKit/537.36 (KHTML, like Gecko) Chrome/135.0.0.0 Safari/537.36"},"ip":"::ffff:192.168.65.1","method":"POST","path":"/auth/login"},"event":"인증/인가 실패","level":"warn","message":"보안 이벤트","timestamp":"2025-04-29T04:34:04.166Z","userId":"msung98@naver.com"}
{"context":"HttpExceptionFilter","level":"error","message":"[예외] POST /auth/login 401 - 접근 토큰 타입이 올바르지 않습니다.","timestamp":"2025-04-29 04:34:04","trace":"UnauthorizedException: 접근 토큰 타입이 올바르지 않습니다.\n    at RBACGuard.canActivate (/app/src/auth/guard/rbac.guard.ts:28:13)\n    at GuardsConsumer.tryActivate (/app/node_modules/.pnpm/@nestjs+core@10.4.17_@nestjs+common@10.4.17_class-transformer@0.5.1_class-validator@0.1_eae1b69253770746a482487d36064dac/node_modules/@nestjs/core/guards/guards-consumer.js:15:34)\n    at canActivateFn (/app/node_modules/.pnpm/@nestjs+core@10.4.17_@nestjs+common@10.4.17_class-transformer@0.5.1_class-validator@0.1_eae1b69253770746a482487d36064dac/node_modules/@nestjs/core/router/router-execution-context.js:135:59)\n    at /app/node_modules/.pnpm/@nestjs+core@10.4.17_@nestjs+common@10.4.17_class-transformer@0.5.1_class-validator@0.1_eae1b69253770746a482487d36064dac/node_modules/@nestjs/core/router/router-execution-context.js:42:37\n    at /app/node_modules/.pnpm/@nestjs+core@10.4.17_@nestjs+common@10.4.17_class-transformer@0.5.1_class-validator@0.1_eae1b69253770746a482487d36064dac/node_modules/@nestjs/core/router/router-proxy.js:9:23\n    at Layer.handle [as handle_request] (/app/node_modules/.pnpm/express@4.21.2/node_modules/express/lib/router/layer.js:95:5)\n    at next (/app/node_modules/.pnpm/express@4.21.2/node_modules/express/lib/router/route.js:149:13)\n    at Route.dispatch (/app/node_modules/.pnpm/express@4.21.2/node_modules/express/lib/router/route.js:119:3)\n    at Layer.handle [as handle_request] (/app/node_modules/.pnpm/express@4.21.2/node_modules/express/lib/router/layer.js:95:5)\n    at /app/node_modules/.pnpm/express@4.21.2/node_modules/express/lib/router/index.js:284:15"}
{"details":{"headers":{"accept":"*/*","accept-encoding":"gzip, deflate, br, zstd","accept-language":"en-US,en;q=0.9,ko;q=0.8","authorization":"Basic bXN1bmc5OEBuYXZlci5jb206MTIz","connection":"keep-alive","content-length":"0","cookie":"PGADMIN_LANGUAGE=ko; pga4_session=711e6d48-02a4-41a1-8310-979477eaa790!AVTm/El4RqQvjoZZQui3FG9Nxlb0Zas77QRV6HCp+kQ=","dnt":"1","host":"localhost:3001","origin":"http://localhost:3001","referer":"http://localhost:3001/doc","sec-ch-ua":"\"Chromium\";v=\"135\", \"Not-A.Brand\";v=\"8\"","sec-ch-ua-mobile":"?0","sec-ch-ua-platform":"\"macOS\"","sec-fetch-dest":"empty","sec-fetch-mode":"cors","sec-fetch-site":"same-origin","user-agent":"Mozilla/5.0 (Macintosh; Intel Mac OS X 10_15_7) AppleWebKit/537.36 (KHTML, like Gecko) Chrome/135.0.0.0 Safari/537.36"},"ip":"::ffff:192.168.65.1","method":"POST","path":"/auth/login"},"event":"인증/인가 실패","level":"warn","message":"보안 이벤트","timestamp":"2025-04-29T04:34:04.569Z","userId":"msung98@naver.com"}
{"context":"NestFactory","level":"info","message":"Starting Nest application...","timestamp":"2025-04-29 04:34:13"}
{"context":"InstanceLoader","level":"info","message":"TypeOrmModule dependencies initialized","timestamp":"2025-04-29 04:34:13"}
{"context":"InstanceLoader","level":"info","message":"JwtModule dependencies initialized","timestamp":"2025-04-29 04:34:13"}
{"context":"InstanceLoader","level":"info","message":"ConfigHostModule dependencies initialized","timestamp":"2025-04-29 04:34:13"}
{"context":"InstanceLoader","level":"info","message":"DiscoveryModule dependencies initialized","timestamp":"2025-04-29 04:34:13"}
{"context":"InstanceLoader","level":"info","message":"ConfigModule dependencies initialized","timestamp":"2025-04-29 04:34:13"}
{"context":"InstanceLoader","level":"info","message":"ConfigModule dependencies initialized","timestamp":"2025-04-29 04:34:13"}
{"context":"InstanceLoader","level":"info","message":"ScheduleModule dependencies initialized","timestamp":"2025-04-29 04:34:13"}
{"context":"InstanceLoader","level":"info","message":"LoggerModule dependencies initialized","timestamp":"2025-04-29 04:34:13"}
{"context":"InstanceLoader","level":"info","message":"WinstonModule dependencies initialized","timestamp":"2025-04-29 04:34:13"}
{"context":"InstanceLoader","level":"info","message":"TypeOrmCoreModule dependencies initialized","timestamp":"2025-04-29 04:34:13"}
{"context":"InstanceLoader","level":"info","message":"TypeOrmModule dependencies initialized","timestamp":"2025-04-29 04:34:13"}
{"context":"InstanceLoader","level":"info","message":"TypeOrmModule dependencies initialized","timestamp":"2025-04-29 04:34:13"}
{"context":"InstanceLoader","level":"info","message":"TypeOrmModule dependencies initialized","timestamp":"2025-04-29 04:34:13"}
{"context":"InstanceLoader","level":"info","message":"TypeOrmModule dependencies initialized","timestamp":"2025-04-29 04:34:13"}
{"context":"InstanceLoader","level":"info","message":"TypeOrmModule dependencies initialized","timestamp":"2025-04-29 04:34:13"}
{"context":"InstanceLoader","level":"info","message":"TypeOrmModule dependencies initialized","timestamp":"2025-04-29 04:34:13"}
{"context":"InstanceLoader","level":"info","message":"TypeOrmModule dependencies initialized","timestamp":"2025-04-29 04:34:13"}
{"context":"InstanceLoader","level":"info","message":"AppModule dependencies initialized","timestamp":"2025-04-29 04:34:13"}
{"context":"InstanceLoader","level":"info","message":"CommonModule dependencies initialized","timestamp":"2025-04-29 04:34:13"}
{"context":"InstanceLoader","level":"info","message":"AuthModule dependencies initialized","timestamp":"2025-04-29 04:34:13"}
{"context":"InstanceLoader","level":"info","message":"UserModule dependencies initialized","timestamp":"2025-04-29 04:34:13"}
{"context":"InstanceLoader","level":"info","message":"StoreModule dependencies initialized","timestamp":"2025-04-29 04:34:13"}
{"context":"InstanceLoader","level":"info","message":"OwnerModule dependencies initialized","timestamp":"2025-04-29 04:34:13"}
{"context":"InstanceLoader","level":"info","message":"ItemModule dependencies initialized","timestamp":"2025-04-29 04:34:13"}
{"context":"InstanceLoader","level":"info","message":"LogisticsModule dependencies initialized","timestamp":"2025-04-29 04:34:13"}
{"context":"InstanceLoader","level":"info","message":"OrderModule dependencies initialized","timestamp":"2025-04-29 04:34:13"}
{"context":"RoutesResolver","level":"info","message":"UserController {/user}:","timestamp":"2025-04-29 04:34:13"}
{"context":"RouterExplorer","level":"info","message":"Mapped {/user, POST} route","timestamp":"2025-04-29 04:34:13"}
{"context":"RouterExplorer","level":"info","message":"Mapped {/user, GET} route","timestamp":"2025-04-29 04:34:13"}
{"context":"RouterExplorer","level":"info","message":"Mapped {/user/:id, GET} route","timestamp":"2025-04-29 04:34:13"}
{"context":"RouterExplorer","level":"info","message":"Mapped {/user/:id, PATCH} route","timestamp":"2025-04-29 04:34:13"}
{"context":"RouterExplorer","level":"info","message":"Mapped {/user/:id, DELETE} route","timestamp":"2025-04-29 04:34:13"}
{"context":"RoutesResolver","level":"info","message":"AuthController {/auth}:","timestamp":"2025-04-29 04:34:13"}
{"context":"RouterExplorer","level":"info","message":"Mapped {/auth/login, POST} route","timestamp":"2025-04-29 04:34:13"}
{"context":"RouterExplorer","level":"info","message":"Mapped {/auth/token/newToken, POST} route","timestamp":"2025-04-29 04:34:13"}
{"context":"RoutesResolver","level":"info","message":"StoreController {/store}:","timestamp":"2025-04-29 04:34:13"}
{"context":"RouterExplorer","level":"info","message":"Mapped {/store, POST} route","timestamp":"2025-04-29 04:34:13"}
{"context":"RouterExplorer","level":"info","message":"Mapped {/store, GET} route","timestamp":"2025-04-29 04:34:13"}
{"context":"RouterExplorer","level":"info","message":"Mapped {/store/:id, GET} route","timestamp":"2025-04-29 04:34:13"}
{"context":"RouterExplorer","level":"info","message":"Mapped {/store/:id, PATCH} route","timestamp":"2025-04-29 04:34:13"}
{"context":"RouterExplorer","level":"info","message":"Mapped {/store/:id, DELETE} route","timestamp":"2025-04-29 04:34:13"}
{"context":"RouterExplorer","level":"info","message":"Mapped {/store/warehouse, POST} route","timestamp":"2025-04-29 04:34:13"}
{"context":"RoutesResolver","level":"info","message":"OwnerController {/owner}:","timestamp":"2025-04-29 04:34:13"}
{"context":"RouterExplorer","level":"info","message":"Mapped {/owner, POST} route","timestamp":"2025-04-29 04:34:13"}
{"context":"RouterExplorer","level":"info","message":"Mapped {/owner, GET} route","timestamp":"2025-04-29 04:34:13"}
{"context":"RouterExplorer","level":"info","message":"Mapped {/owner/:id, GET} route","timestamp":"2025-04-29 04:34:13"}
{"context":"RouterExplorer","level":"info","message":"Mapped {/owner/:id, PATCH} route","timestamp":"2025-04-29 04:34:13"}
{"context":"RouterExplorer","level":"info","message":"Mapped {/owner/:id, DELETE} route","timestamp":"2025-04-29 04:34:13"}
{"context":"RoutesResolver","level":"info","message":"ItemController {/item}:","timestamp":"2025-04-29 04:34:13"}
{"context":"RouterExplorer","level":"info","message":"Mapped {/item, POST} route","timestamp":"2025-04-29 04:34:13"}
{"context":"RouterExplorer","level":"info","message":"Mapped {/item, GET} route","timestamp":"2025-04-29 04:34:13"}
{"context":"RouterExplorer","level":"info","message":"Mapped {/item/:id, GET} route","timestamp":"2025-04-29 04:34:13"}
{"context":"RouterExplorer","level":"info","message":"Mapped {/item/:id, PATCH} route","timestamp":"2025-04-29 04:34:13"}
{"context":"RouterExplorer","level":"info","message":"Mapped {/item/:id, DELETE} route","timestamp":"2025-04-29 04:34:13"}
{"context":"RouterExplorer","level":"info","message":"Mapped {/item/logistics, POST} route","timestamp":"2025-04-29 04:34:13"}
{"context":"RoutesResolver","level":"info","message":"LogisticsController {/logistics}:","timestamp":"2025-04-29 04:34:13"}
{"context":"RouterExplorer","level":"info","message":"Mapped {/logistics, POST} route","timestamp":"2025-04-29 04:34:13"}
{"context":"RouterExplorer","level":"info","message":"Mapped {/logistics, GET} route","timestamp":"2025-04-29 04:34:13"}
{"context":"RouterExplorer","level":"info","message":"Mapped {/logistics/:id, GET} route","timestamp":"2025-04-29 04:34:13"}
{"context":"RouterExplorer","level":"info","message":"Mapped {/logistics/:id, PATCH} route","timestamp":"2025-04-29 04:34:13"}
{"context":"RouterExplorer","level":"info","message":"Mapped {/logistics/:id, DELETE} route","timestamp":"2025-04-29 04:34:13"}
{"context":"RouterExplorer","level":"info","message":"Mapped {/logistics/warehouse/:id, GET} route","timestamp":"2025-04-29 04:34:13"}
{"context":"RouterExplorer","level":"info","message":"Mapped {/logistics/warehouse/:id, POST} route","timestamp":"2025-04-29 04:34:13"}
{"context":"RoutesResolver","level":"info","message":"OrderController {/order}:","timestamp":"2025-04-29 04:34:13"}
{"context":"RouterExplorer","level":"info","message":"Mapped {/order, POST} route","timestamp":"2025-04-29 04:34:13"}
{"context":"RouterExplorer","level":"info","message":"Mapped {/order, GET} route","timestamp":"2025-04-29 04:34:13"}
{"context":"RouterExplorer","level":"info","message":"Mapped {/order/:id, GET} route","timestamp":"2025-04-29 04:34:13"}
{"context":"RouterExplorer","level":"info","message":"Mapped {/order/:id, PATCH} route","timestamp":"2025-04-29 04:34:13"}
{"context":"RouterExplorer","level":"info","message":"Mapped {/order/:id, DELETE} route","timestamp":"2025-04-29 04:34:13"}
{"context":"RouterExplorer","level":"info","message":"Mapped {/order/batch/update-status, POST} route","timestamp":"2025-04-29 04:34:13"}
{"context":"NestApplication","level":"info","message":"Nest application successfully started","timestamp":"2025-04-29 04:34:13"}
{"context":"Bootstrap","level":"info","message":"애플리케이션이 3001 포트에서 시작되었습니다","timestamp":"2025-04-29 04:34:13"}
{"context":"HttpExceptionFilter","level":"error","message":"[예외] POST /auth/login 401 - 접근 토큰 타입이 올바르지 않습니다.","timestamp":"2025-04-29 04:34:15","trace":"UnauthorizedException: 접근 토큰 타입이 올바르지 않습니다.\n    at RBACGuard.canActivate (/app/src/auth/guard/rbac.guard.ts:28:13)\n    at GuardsConsumer.tryActivate (/app/node_modules/.pnpm/@nestjs+core@10.4.17_@nestjs+common@10.4.17_class-transformer@0.5.1_class-validator@0.1_eae1b69253770746a482487d36064dac/node_modules/@nestjs/core/guards/guards-consumer.js:15:34)\n    at canActivateFn (/app/node_modules/.pnpm/@nestjs+core@10.4.17_@nestjs+common@10.4.17_class-transformer@0.5.1_class-validator@0.1_eae1b69253770746a482487d36064dac/node_modules/@nestjs/core/router/router-execution-context.js:135:59)\n    at /app/node_modules/.pnpm/@nestjs+core@10.4.17_@nestjs+common@10.4.17_class-transformer@0.5.1_class-validator@0.1_eae1b69253770746a482487d36064dac/node_modules/@nestjs/core/router/router-execution-context.js:42:37\n    at /app/node_modules/.pnpm/@nestjs+core@10.4.17_@nestjs+common@10.4.17_class-transformer@0.5.1_class-validator@0.1_eae1b69253770746a482487d36064dac/node_modules/@nestjs/core/router/router-proxy.js:9:23\n    at Layer.handle [as handle_request] (/app/node_modules/.pnpm/express@4.21.2/node_modules/express/lib/router/layer.js:95:5)\n    at next (/app/node_modules/.pnpm/express@4.21.2/node_modules/express/lib/router/route.js:149:13)\n    at Route.dispatch (/app/node_modules/.pnpm/express@4.21.2/node_modules/express/lib/router/route.js:119:3)\n    at Layer.handle [as handle_request] (/app/node_modules/.pnpm/express@4.21.2/node_modules/express/lib/router/layer.js:95:5)\n    at /app/node_modules/.pnpm/express@4.21.2/node_modules/express/lib/router/index.js:284:15"}
{"details":{"headers":{"accept":"*/*","accept-encoding":"gzip, deflate, br, zstd","accept-language":"en-US,en;q=0.9,ko;q=0.8","authorization":"Basic bXN1bmc5OEBuYXZlci5jb206MTIz","connection":"keep-alive","content-length":"0","cookie":"PGADMIN_LANGUAGE=ko; pga4_session=711e6d48-02a4-41a1-8310-979477eaa790!AVTm/El4RqQvjoZZQui3FG9Nxlb0Zas77QRV6HCp+kQ=","dnt":"1","host":"localhost:3001","origin":"http://localhost:3001","referer":"http://localhost:3001/doc","sec-ch-ua":"\"Chromium\";v=\"135\", \"Not-A.Brand\";v=\"8\"","sec-ch-ua-mobile":"?0","sec-ch-ua-platform":"\"macOS\"","sec-fetch-dest":"empty","sec-fetch-mode":"cors","sec-fetch-site":"same-origin","user-agent":"Mozilla/5.0 (Macintosh; Intel Mac OS X 10_15_7) AppleWebKit/537.36 (KHTML, like Gecko) Chrome/135.0.0.0 Safari/537.36"},"ip":"::ffff:192.168.65.1","method":"POST","path":"/auth/login"},"event":"인증/인가 실패","level":"warn","message":"보안 이벤트","timestamp":"2025-04-29T04:34:15.068Z","userId":"msung98@naver.com"}
{"context":"HttpExceptionFilter","level":"error","message":"[예외] POST /auth/login 401 - 접근 토큰 타입이 올바르지 않습니다.","timestamp":"2025-04-29 04:34:15","trace":"UnauthorizedException: 접근 토큰 타입이 올바르지 않습니다.\n    at RBACGuard.canActivate (/app/src/auth/guard/rbac.guard.ts:28:13)\n    at GuardsConsumer.tryActivate (/app/node_modules/.pnpm/@nestjs+core@10.4.17_@nestjs+common@10.4.17_class-transformer@0.5.1_class-validator@0.1_eae1b69253770746a482487d36064dac/node_modules/@nestjs/core/guards/guards-consumer.js:15:34)\n    at canActivateFn (/app/node_modules/.pnpm/@nestjs+core@10.4.17_@nestjs+common@10.4.17_class-transformer@0.5.1_class-validator@0.1_eae1b69253770746a482487d36064dac/node_modules/@nestjs/core/router/router-execution-context.js:135:59)\n    at /app/node_modules/.pnpm/@nestjs+core@10.4.17_@nestjs+common@10.4.17_class-transformer@0.5.1_class-validator@0.1_eae1b69253770746a482487d36064dac/node_modules/@nestjs/core/router/router-execution-context.js:42:37\n    at /app/node_modules/.pnpm/@nestjs+core@10.4.17_@nestjs+common@10.4.17_class-transformer@0.5.1_class-validator@0.1_eae1b69253770746a482487d36064dac/node_modules/@nestjs/core/router/router-proxy.js:9:23\n    at Layer.handle [as handle_request] (/app/node_modules/.pnpm/express@4.21.2/node_modules/express/lib/router/layer.js:95:5)\n    at next (/app/node_modules/.pnpm/express@4.21.2/node_modules/express/lib/router/route.js:149:13)\n    at Route.dispatch (/app/node_modules/.pnpm/express@4.21.2/node_modules/express/lib/router/route.js:119:3)\n    at Layer.handle [as handle_request] (/app/node_modules/.pnpm/express@4.21.2/node_modules/express/lib/router/layer.js:95:5)\n    at /app/node_modules/.pnpm/express@4.21.2/node_modules/express/lib/router/index.js:284:15"}
{"details":{"headers":{"accept":"*/*","accept-encoding":"gzip, deflate, br, zstd","accept-language":"en-US,en;q=0.9,ko;q=0.8","authorization":"Basic bXN1bmc5OEBuYXZlci5jb206MTIz","connection":"keep-alive","content-length":"0","cookie":"PGADMIN_LANGUAGE=ko; pga4_session=711e6d48-02a4-41a1-8310-979477eaa790!AVTm/El4RqQvjoZZQui3FG9Nxlb0Zas77QRV6HCp+kQ=","dnt":"1","host":"localhost:3001","origin":"http://localhost:3001","referer":"http://localhost:3001/doc","sec-ch-ua":"\"Chromium\";v=\"135\", \"Not-A.Brand\";v=\"8\"","sec-ch-ua-mobile":"?0","sec-ch-ua-platform":"\"macOS\"","sec-fetch-dest":"empty","sec-fetch-mode":"cors","sec-fetch-site":"same-origin","user-agent":"Mozilla/5.0 (Macintosh; Intel Mac OS X 10_15_7) AppleWebKit/537.36 (KHTML, like Gecko) Chrome/135.0.0.0 Safari/537.36"},"ip":"::ffff:192.168.65.1","method":"POST","path":"/auth/login"},"event":"인증/인가 실패","level":"warn","message":"보안 이벤트","timestamp":"2025-04-29T04:34:15.940Z","userId":"msung98@naver.com"}
{"context":"HttpExceptionFilter","level":"error","message":"[예외] POST /auth/login 401 - 접근 토큰 타입이 올바르지 않습니다.","timestamp":"2025-04-29 04:34:16","trace":"UnauthorizedException: 접근 토큰 타입이 올바르지 않습니다.\n    at RBACGuard.canActivate (/app/src/auth/guard/rbac.guard.ts:28:13)\n    at GuardsConsumer.tryActivate (/app/node_modules/.pnpm/@nestjs+core@10.4.17_@nestjs+common@10.4.17_class-transformer@0.5.1_class-validator@0.1_eae1b69253770746a482487d36064dac/node_modules/@nestjs/core/guards/guards-consumer.js:15:34)\n    at canActivateFn (/app/node_modules/.pnpm/@nestjs+core@10.4.17_@nestjs+common@10.4.17_class-transformer@0.5.1_class-validator@0.1_eae1b69253770746a482487d36064dac/node_modules/@nestjs/core/router/router-execution-context.js:135:59)\n    at /app/node_modules/.pnpm/@nestjs+core@10.4.17_@nestjs+common@10.4.17_class-transformer@0.5.1_class-validator@0.1_eae1b69253770746a482487d36064dac/node_modules/@nestjs/core/router/router-execution-context.js:42:37\n    at /app/node_modules/.pnpm/@nestjs+core@10.4.17_@nestjs+common@10.4.17_class-transformer@0.5.1_class-validator@0.1_eae1b69253770746a482487d36064dac/node_modules/@nestjs/core/router/router-proxy.js:9:23\n    at Layer.handle [as handle_request] (/app/node_modules/.pnpm/express@4.21.2/node_modules/express/lib/router/layer.js:95:5)\n    at next (/app/node_modules/.pnpm/express@4.21.2/node_modules/express/lib/router/route.js:149:13)\n    at Route.dispatch (/app/node_modules/.pnpm/express@4.21.2/node_modules/express/lib/router/route.js:119:3)\n    at Layer.handle [as handle_request] (/app/node_modules/.pnpm/express@4.21.2/node_modules/express/lib/router/layer.js:95:5)\n    at /app/node_modules/.pnpm/express@4.21.2/node_modules/express/lib/router/index.js:284:15"}
{"details":{"headers":{"accept":"*/*","accept-encoding":"gzip, deflate, br, zstd","accept-language":"en-US,en;q=0.9,ko;q=0.8","authorization":"Basic bXN1bmc5OEBuYXZlci5jb206MTIz","connection":"keep-alive","content-length":"0","cookie":"PGADMIN_LANGUAGE=ko; pga4_session=711e6d48-02a4-41a1-8310-979477eaa790!AVTm/El4RqQvjoZZQui3FG9Nxlb0Zas77QRV6HCp+kQ=","dnt":"1","host":"localhost:3001","origin":"http://localhost:3001","referer":"http://localhost:3001/doc","sec-ch-ua":"\"Chromium\";v=\"135\", \"Not-A.Brand\";v=\"8\"","sec-ch-ua-mobile":"?0","sec-ch-ua-platform":"\"macOS\"","sec-fetch-dest":"empty","sec-fetch-mode":"cors","sec-fetch-site":"same-origin","user-agent":"Mozilla/5.0 (Macintosh; Intel Mac OS X 10_15_7) AppleWebKit/537.36 (KHTML, like Gecko) Chrome/135.0.0.0 Safari/537.36"},"ip":"::ffff:192.168.65.1","method":"POST","path":"/auth/login"},"event":"인증/인가 실패","level":"warn","message":"보안 이벤트","timestamp":"2025-04-29T04:34:16.311Z","userId":"msung98@naver.com"}
{"context":"HttpExceptionFilter","level":"error","message":"[예외] POST / 401 - Bearer 토큰 검증 실패","timestamp":"2025-04-29 04:34:24","trace":"UnauthorizedException: Bearer 토큰 검증 실패\n    at MiddlewareHost.bearerTokenValidate (/app/src/auth/middleware/tokenAuthanticator.middleware.ts:154:13)\n    at process.processTicksAndRejections (node:internal/process/task_queues:95:5)\n    at async MiddlewareHost.use (/app/src/auth/middleware/tokenAuthanticator.middleware.ts:34:31)\n    at async /app/node_modules/.pnpm/@nestjs+core@10.4.17_@nestjs+common@10.4.17_class-transformer@0.5.1_class-validator@0.1_eae1b69253770746a482487d36064dac/node_modules/@nestjs/core/router/router-proxy.js:9:17"}
{"details":{"headers":{"accept":"*/*","accept-encoding":"gzip, deflate, br","authorization":"Bearer eyJhbGciOiJIUzI1NiIsInR5cCI6IkpXVCJ9.eyJzdWIiOjEwLCJyb2xlIjoxLCJ0eXBlIjoiYWNjZXNzIiwiaWF0IjoxNzQ1ODk0NTA1LCJleHAiOjE3NDU4OTc1MDV9.eISdy6EfP-A7WM_M-51geY8-UEUrXeobEbHo-IEcwug","cache-control":"no-cache","connection":"keep-alive","content-length":"117","content-type":"application/json","host":"localhost:3001","postman-token":"bf43ba30-86e8-465b-b8af-3f9cee93de6d","user-agent":"PostmanRuntime/7.43.3"},"ip":"::ffff:192.168.65.1","method":"POST","path":"/"},"event":"인증/인가 실패","level":"warn","message":"보안 이벤트","timestamp":"2025-04-29T04:34:24.375Z","userId":"unknown"}
{"context":"HttpExceptionFilter","level":"error","message":"[예외] POST /auth/login 401 - 접근 토큰 타입이 올바르지 않습니다.","timestamp":"2025-04-29 04:34:33","trace":"UnauthorizedException: 접근 토큰 타입이 올바르지 않습니다.\n    at RBACGuard.canActivate (/app/src/auth/guard/rbac.guard.ts:28:13)\n    at GuardsConsumer.tryActivate (/app/node_modules/.pnpm/@nestjs+core@10.4.17_@nestjs+common@10.4.17_class-transformer@0.5.1_class-validator@0.1_eae1b69253770746a482487d36064dac/node_modules/@nestjs/core/guards/guards-consumer.js:15:34)\n    at canActivateFn (/app/node_modules/.pnpm/@nestjs+core@10.4.17_@nestjs+common@10.4.17_class-transformer@0.5.1_class-validator@0.1_eae1b69253770746a482487d36064dac/node_modules/@nestjs/core/router/router-execution-context.js:135:59)\n    at /app/node_modules/.pnpm/@nestjs+core@10.4.17_@nestjs+common@10.4.17_class-transformer@0.5.1_class-validator@0.1_eae1b69253770746a482487d36064dac/node_modules/@nestjs/core/router/router-execution-context.js:42:37\n    at /app/node_modules/.pnpm/@nestjs+core@10.4.17_@nestjs+common@10.4.17_class-transformer@0.5.1_class-validator@0.1_eae1b69253770746a482487d36064dac/node_modules/@nestjs/core/router/router-proxy.js:9:23\n    at Layer.handle [as handle_request] (/app/node_modules/.pnpm/express@4.21.2/node_modules/express/lib/router/layer.js:95:5)\n    at next (/app/node_modules/.pnpm/express@4.21.2/node_modules/express/lib/router/route.js:149:13)\n    at Route.dispatch (/app/node_modules/.pnpm/express@4.21.2/node_modules/express/lib/router/route.js:119:3)\n    at Layer.handle [as handle_request] (/app/node_modules/.pnpm/express@4.21.2/node_modules/express/lib/router/layer.js:95:5)\n    at /app/node_modules/.pnpm/express@4.21.2/node_modules/express/lib/router/index.js:284:15"}
{"details":{"headers":{"accept":"*/*","accept-encoding":"gzip, deflate, br","authorization":"Basic dGVzdEB0ZXN0LmNvbToxMjM=","cache-control":"no-cache","connection":"keep-alive","content-length":"0","host":"localhost:3001","postman-token":"64b28aa1-ebc1-451c-b688-3e96c050416b","user-agent":"PostmanRuntime/7.43.3"},"ip":"::ffff:192.168.65.1","method":"POST","path":"/auth/login"},"event":"인증/인가 실패","level":"warn","message":"보안 이벤트","timestamp":"2025-04-29T04:34:33.593Z","userId":"test@test.com"}
{"context":"NestFactory","level":"info","message":"Starting Nest application...","timestamp":"2025-04-29 04:38:01"}
{"context":"InstanceLoader","level":"info","message":"TypeOrmModule dependencies initialized","timestamp":"2025-04-29 04:38:01"}
{"context":"InstanceLoader","level":"info","message":"JwtModule dependencies initialized","timestamp":"2025-04-29 04:38:01"}
{"context":"InstanceLoader","level":"info","message":"ConfigHostModule dependencies initialized","timestamp":"2025-04-29 04:38:01"}
{"context":"InstanceLoader","level":"info","message":"DiscoveryModule dependencies initialized","timestamp":"2025-04-29 04:38:01"}
{"context":"InstanceLoader","level":"info","message":"ConfigModule dependencies initialized","timestamp":"2025-04-29 04:38:01"}
{"context":"InstanceLoader","level":"info","message":"ConfigModule dependencies initialized","timestamp":"2025-04-29 04:38:01"}
{"context":"InstanceLoader","level":"info","message":"ScheduleModule dependencies initialized","timestamp":"2025-04-29 04:38:01"}
{"context":"InstanceLoader","level":"info","message":"LoggerModule dependencies initialized","timestamp":"2025-04-29 04:38:01"}
{"context":"InstanceLoader","level":"info","message":"WinstonModule dependencies initialized","timestamp":"2025-04-29 04:38:01"}
{"context":"InstanceLoader","level":"info","message":"TypeOrmCoreModule dependencies initialized","timestamp":"2025-04-29 04:38:01"}
{"context":"InstanceLoader","level":"info","message":"TypeOrmModule dependencies initialized","timestamp":"2025-04-29 04:38:01"}
{"context":"InstanceLoader","level":"info","message":"TypeOrmModule dependencies initialized","timestamp":"2025-04-29 04:38:01"}
{"context":"InstanceLoader","level":"info","message":"TypeOrmModule dependencies initialized","timestamp":"2025-04-29 04:38:01"}
{"context":"InstanceLoader","level":"info","message":"TypeOrmModule dependencies initialized","timestamp":"2025-04-29 04:38:01"}
{"context":"InstanceLoader","level":"info","message":"TypeOrmModule dependencies initialized","timestamp":"2025-04-29 04:38:01"}
{"context":"InstanceLoader","level":"info","message":"TypeOrmModule dependencies initialized","timestamp":"2025-04-29 04:38:01"}
{"context":"InstanceLoader","level":"info","message":"TypeOrmModule dependencies initialized","timestamp":"2025-04-29 04:38:01"}
{"context":"InstanceLoader","level":"info","message":"AppModule dependencies initialized","timestamp":"2025-04-29 04:38:01"}
{"context":"InstanceLoader","level":"info","message":"CommonModule dependencies initialized","timestamp":"2025-04-29 04:38:01"}
{"context":"InstanceLoader","level":"info","message":"AuthModule dependencies initialized","timestamp":"2025-04-29 04:38:01"}
{"context":"InstanceLoader","level":"info","message":"UserModule dependencies initialized","timestamp":"2025-04-29 04:38:01"}
{"context":"InstanceLoader","level":"info","message":"StoreModule dependencies initialized","timestamp":"2025-04-29 04:38:01"}
{"context":"InstanceLoader","level":"info","message":"OwnerModule dependencies initialized","timestamp":"2025-04-29 04:38:01"}
{"context":"InstanceLoader","level":"info","message":"ItemModule dependencies initialized","timestamp":"2025-04-29 04:38:01"}
{"context":"InstanceLoader","level":"info","message":"LogisticsModule dependencies initialized","timestamp":"2025-04-29 04:38:01"}
{"context":"InstanceLoader","level":"info","message":"OrderModule dependencies initialized","timestamp":"2025-04-29 04:38:01"}
{"context":"RoutesResolver","level":"info","message":"UserController {/user}:","timestamp":"2025-04-29 04:38:01"}
{"context":"RouterExplorer","level":"info","message":"Mapped {/user, POST} route","timestamp":"2025-04-29 04:38:01"}
{"context":"RouterExplorer","level":"info","message":"Mapped {/user, GET} route","timestamp":"2025-04-29 04:38:01"}
{"context":"RouterExplorer","level":"info","message":"Mapped {/user/:id, GET} route","timestamp":"2025-04-29 04:38:01"}
{"context":"RouterExplorer","level":"info","message":"Mapped {/user/:id, PATCH} route","timestamp":"2025-04-29 04:38:01"}
{"context":"RouterExplorer","level":"info","message":"Mapped {/user/:id, DELETE} route","timestamp":"2025-04-29 04:38:01"}
{"context":"RoutesResolver","level":"info","message":"AuthController {/auth}:","timestamp":"2025-04-29 04:38:01"}
{"context":"RouterExplorer","level":"info","message":"Mapped {/auth/login, POST} route","timestamp":"2025-04-29 04:38:01"}
{"context":"RouterExplorer","level":"info","message":"Mapped {/auth/token/newToken, POST} route","timestamp":"2025-04-29 04:38:01"}
{"context":"RoutesResolver","level":"info","message":"StoreController {/store}:","timestamp":"2025-04-29 04:38:01"}
{"context":"RouterExplorer","level":"info","message":"Mapped {/store, POST} route","timestamp":"2025-04-29 04:38:01"}
{"context":"RouterExplorer","level":"info","message":"Mapped {/store, GET} route","timestamp":"2025-04-29 04:38:01"}
{"context":"RouterExplorer","level":"info","message":"Mapped {/store/:id, GET} route","timestamp":"2025-04-29 04:38:01"}
{"context":"RouterExplorer","level":"info","message":"Mapped {/store/:id, PATCH} route","timestamp":"2025-04-29 04:38:01"}
{"context":"RouterExplorer","level":"info","message":"Mapped {/store/:id, DELETE} route","timestamp":"2025-04-29 04:38:01"}
{"context":"RouterExplorer","level":"info","message":"Mapped {/store/warehouse, POST} route","timestamp":"2025-04-29 04:38:01"}
{"context":"RoutesResolver","level":"info","message":"OwnerController {/owner}:","timestamp":"2025-04-29 04:38:01"}
{"context":"RouterExplorer","level":"info","message":"Mapped {/owner, POST} route","timestamp":"2025-04-29 04:38:01"}
{"context":"RouterExplorer","level":"info","message":"Mapped {/owner, GET} route","timestamp":"2025-04-29 04:38:01"}
{"context":"RouterExplorer","level":"info","message":"Mapped {/owner/:id, GET} route","timestamp":"2025-04-29 04:38:01"}
{"context":"RouterExplorer","level":"info","message":"Mapped {/owner/:id, PATCH} route","timestamp":"2025-04-29 04:38:01"}
{"context":"RouterExplorer","level":"info","message":"Mapped {/owner/:id, DELETE} route","timestamp":"2025-04-29 04:38:01"}
{"context":"RoutesResolver","level":"info","message":"ItemController {/item}:","timestamp":"2025-04-29 04:38:01"}
{"context":"RouterExplorer","level":"info","message":"Mapped {/item, POST} route","timestamp":"2025-04-29 04:38:01"}
{"context":"RouterExplorer","level":"info","message":"Mapped {/item, GET} route","timestamp":"2025-04-29 04:38:01"}
{"context":"RouterExplorer","level":"info","message":"Mapped {/item/:id, GET} route","timestamp":"2025-04-29 04:38:01"}
{"context":"RouterExplorer","level":"info","message":"Mapped {/item/:id, PATCH} route","timestamp":"2025-04-29 04:38:01"}
{"context":"RouterExplorer","level":"info","message":"Mapped {/item/:id, DELETE} route","timestamp":"2025-04-29 04:38:01"}
{"context":"RouterExplorer","level":"info","message":"Mapped {/item/logistics, POST} route","timestamp":"2025-04-29 04:38:01"}
{"context":"RoutesResolver","level":"info","message":"LogisticsController {/logistics}:","timestamp":"2025-04-29 04:38:01"}
{"context":"RouterExplorer","level":"info","message":"Mapped {/logistics, POST} route","timestamp":"2025-04-29 04:38:01"}
{"context":"RouterExplorer","level":"info","message":"Mapped {/logistics, GET} route","timestamp":"2025-04-29 04:38:01"}
{"context":"RouterExplorer","level":"info","message":"Mapped {/logistics/:id, GET} route","timestamp":"2025-04-29 04:38:01"}
{"context":"RouterExplorer","level":"info","message":"Mapped {/logistics/:id, PATCH} route","timestamp":"2025-04-29 04:38:01"}
{"context":"RouterExplorer","level":"info","message":"Mapped {/logistics/:id, DELETE} route","timestamp":"2025-04-29 04:38:01"}
{"context":"RouterExplorer","level":"info","message":"Mapped {/logistics/warehouse/:id, GET} route","timestamp":"2025-04-29 04:38:01"}
{"context":"RouterExplorer","level":"info","message":"Mapped {/logistics/warehouse/:id, POST} route","timestamp":"2025-04-29 04:38:01"}
{"context":"RoutesResolver","level":"info","message":"OrderController {/order}:","timestamp":"2025-04-29 04:38:01"}
{"context":"RouterExplorer","level":"info","message":"Mapped {/order, POST} route","timestamp":"2025-04-29 04:38:01"}
{"context":"RouterExplorer","level":"info","message":"Mapped {/order, GET} route","timestamp":"2025-04-29 04:38:01"}
{"context":"RouterExplorer","level":"info","message":"Mapped {/order/:id, GET} route","timestamp":"2025-04-29 04:38:01"}
{"context":"RouterExplorer","level":"info","message":"Mapped {/order/:id, PATCH} route","timestamp":"2025-04-29 04:38:01"}
{"context":"RouterExplorer","level":"info","message":"Mapped {/order/:id, DELETE} route","timestamp":"2025-04-29 04:38:01"}
{"context":"RouterExplorer","level":"info","message":"Mapped {/order/batch/update-status, POST} route","timestamp":"2025-04-29 04:38:01"}
{"context":"NestApplication","level":"info","message":"Nest application successfully started","timestamp":"2025-04-29 04:38:01"}
{"context":"Bootstrap","level":"info","message":"애플리케이션이 3001 포트에서 시작되었습니다","timestamp":"2025-04-29 04:38:01"}
{"context":"HttpExceptionFilter","level":"error","message":"[예외] POST / 401 - Bearer 토큰 검증 실패","timestamp":"2025-04-29 04:38:20","trace":"UnauthorizedException: Bearer 토큰 검증 실패\n    at MiddlewareHost.bearerTokenValidate (/app/src/auth/middleware/tokenAuthanticator.middleware.ts:154:13)\n    at process.processTicksAndRejections (node:internal/process/task_queues:95:5)\n    at async MiddlewareHost.use (/app/src/auth/middleware/tokenAuthanticator.middleware.ts:34:31)\n    at async /app/node_modules/.pnpm/@nestjs+core@10.4.17_@nestjs+common@10.4.17_class-transformer@0.5.1_class-validator@0.1_eae1b69253770746a482487d36064dac/node_modules/@nestjs/core/router/router-proxy.js:9:17"}
{"details":{"headers":{"accept":"*/*","accept-encoding":"gzip, deflate, br","authorization":"Bearer eyJhbGciOiJIUzI1NiIsInR5cCI6IkpXVCJ9.eyJzdWIiOjEwLCJyb2xlIjoxLCJ0eXBlIjoiYWNjZXNzIiwiaWF0IjoxNzQ1ODk0NTA1LCJleHAiOjE3NDU4OTc1MDV9.eISdy6EfP-A7WM_M-51geY8-UEUrXeobEbHo-IEcwug","cache-control":"no-cache","connection":"keep-alive","content-length":"120","content-type":"application/json","host":"localhost:3001","postman-token":"f3b46309-02b9-4c51-b7de-be4575ea5c12","user-agent":"PostmanRuntime/7.43.3"},"ip":"::ffff:192.168.65.1","method":"POST","path":"/"},"event":"인증/인가 실패","level":"warn","message":"보안 이벤트","timestamp":"2025-04-29T04:38:20.042Z","userId":"unknown"}
{"context":"HttpExceptionFilter","level":"error","message":"[예외] GET /user?order=id_DESC&take=3 401 - 접근 토큰 타입이 올바르지 않습니다.","timestamp":"2025-04-29 04:38:41","trace":"UnauthorizedException: 접근 토큰 타입이 올바르지 않습니다.\n    at RBACGuard.canActivate (/app/src/auth/guard/rbac.guard.ts:28:13)\n    at GuardsConsumer.tryActivate (/app/node_modules/.pnpm/@nestjs+core@10.4.17_@nestjs+common@10.4.17_class-transformer@0.5.1_class-validator@0.1_eae1b69253770746a482487d36064dac/node_modules/@nestjs/core/guards/guards-consumer.js:15:34)\n    at canActivateFn (/app/node_modules/.pnpm/@nestjs+core@10.4.17_@nestjs+common@10.4.17_class-transformer@0.5.1_class-validator@0.1_eae1b69253770746a482487d36064dac/node_modules/@nestjs/core/router/router-execution-context.js:135:59)\n    at /app/node_modules/.pnpm/@nestjs+core@10.4.17_@nestjs+common@10.4.17_class-transformer@0.5.1_class-validator@0.1_eae1b69253770746a482487d36064dac/node_modules/@nestjs/core/router/router-execution-context.js:42:37\n    at /app/node_modules/.pnpm/@nestjs+core@10.4.17_@nestjs+common@10.4.17_class-transformer@0.5.1_class-validator@0.1_eae1b69253770746a482487d36064dac/node_modules/@nestjs/core/router/router-proxy.js:9:23\n    at Layer.handle [as handle_request] (/app/node_modules/.pnpm/express@4.21.2/node_modules/express/lib/router/layer.js:95:5)\n    at next (/app/node_modules/.pnpm/express@4.21.2/node_modules/express/lib/router/route.js:149:13)\n    at Route.dispatch (/app/node_modules/.pnpm/express@4.21.2/node_modules/express/lib/router/route.js:119:3)\n    at Layer.handle [as handle_request] (/app/node_modules/.pnpm/express@4.21.2/node_modules/express/lib/router/layer.js:95:5)\n    at /app/node_modules/.pnpm/express@4.21.2/node_modules/express/lib/router/index.js:284:15"}
{"details":{"headers":{"accept":"*/*","accept-encoding":"gzip, deflate, br, zstd","accept-language":"en-US,en;q=0.9,ko;q=0.8","connection":"keep-alive","cookie":"PGADMIN_LANGUAGE=ko; pga4_session=711e6d48-02a4-41a1-8310-979477eaa790!AVTm/El4RqQvjoZZQui3FG9Nxlb0Zas77QRV6HCp+kQ=","dnt":"1","host":"localhost:3001","referer":"http://localhost:3001/doc","sec-ch-ua":"\"Chromium\";v=\"135\", \"Not-A.Brand\";v=\"8\"","sec-ch-ua-mobile":"?0","sec-ch-ua-platform":"\"macOS\"","sec-fetch-dest":"empty","sec-fetch-mode":"cors","sec-fetch-site":"same-origin","user-agent":"Mozilla/5.0 (Macintosh; Intel Mac OS X 10_15_7) AppleWebKit/537.36 (KHTML, like Gecko) Chrome/135.0.0.0 Safari/537.36"},"ip":"::ffff:192.168.65.1","method":"GET","path":"/user?order=id_DESC&take=3"},"event":"인증/인가 실패","level":"warn","message":"보안 이벤트","timestamp":"2025-04-29T04:38:41.953Z","userId":"anonymous"}
{"context":"HttpExceptionFilter","level":"error","message":"[예외] POST /auth/login 401 - 접근 토큰 타입이 올바르지 않습니다.","timestamp":"2025-04-29 04:38:50","trace":"UnauthorizedException: 접근 토큰 타입이 올바르지 않습니다.\n    at RBACGuard.canActivate (/app/src/auth/guard/rbac.guard.ts:28:13)\n    at GuardsConsumer.tryActivate (/app/node_modules/.pnpm/@nestjs+core@10.4.17_@nestjs+common@10.4.17_class-transformer@0.5.1_class-validator@0.1_eae1b69253770746a482487d36064dac/node_modules/@nestjs/core/guards/guards-consumer.js:15:34)\n    at canActivateFn (/app/node_modules/.pnpm/@nestjs+core@10.4.17_@nestjs+common@10.4.17_class-transformer@0.5.1_class-validator@0.1_eae1b69253770746a482487d36064dac/node_modules/@nestjs/core/router/router-execution-context.js:135:59)\n    at /app/node_modules/.pnpm/@nestjs+core@10.4.17_@nestjs+common@10.4.17_class-transformer@0.5.1_class-validator@0.1_eae1b69253770746a482487d36064dac/node_modules/@nestjs/core/router/router-execution-context.js:42:37\n    at /app/node_modules/.pnpm/@nestjs+core@10.4.17_@nestjs+common@10.4.17_class-transformer@0.5.1_class-validator@0.1_eae1b69253770746a482487d36064dac/node_modules/@nestjs/core/router/router-proxy.js:9:23\n    at Layer.handle [as handle_request] (/app/node_modules/.pnpm/express@4.21.2/node_modules/express/lib/router/layer.js:95:5)\n    at next (/app/node_modules/.pnpm/express@4.21.2/node_modules/express/lib/router/route.js:149:13)\n    at Route.dispatch (/app/node_modules/.pnpm/express@4.21.2/node_modules/express/lib/router/route.js:119:3)\n    at Layer.handle [as handle_request] (/app/node_modules/.pnpm/express@4.21.2/node_modules/express/lib/router/layer.js:95:5)\n    at /app/node_modules/.pnpm/express@4.21.2/node_modules/express/lib/router/index.js:284:15"}
{"details":{"headers":{"accept":"*/*","accept-encoding":"gzip, deflate, br, zstd","accept-language":"en-US,en;q=0.9,ko;q=0.8","authorization":"Basic bXN1bmc5OEBuYXZlci5jb206MTIz","connection":"keep-alive","content-length":"0","cookie":"PGADMIN_LANGUAGE=ko; pga4_session=711e6d48-02a4-41a1-8310-979477eaa790!AVTm/El4RqQvjoZZQui3FG9Nxlb0Zas77QRV6HCp+kQ=","dnt":"1","host":"localhost:3001","origin":"http://localhost:3001","referer":"http://localhost:3001/doc","sec-ch-ua":"\"Chromium\";v=\"135\", \"Not-A.Brand\";v=\"8\"","sec-ch-ua-mobile":"?0","sec-ch-ua-platform":"\"macOS\"","sec-fetch-dest":"empty","sec-fetch-mode":"cors","sec-fetch-site":"same-origin","user-agent":"Mozilla/5.0 (Macintosh; Intel Mac OS X 10_15_7) AppleWebKit/537.36 (KHTML, like Gecko) Chrome/135.0.0.0 Safari/537.36"},"ip":"::ffff:192.168.65.1","method":"POST","path":"/auth/login"},"event":"인증/인가 실패","level":"warn","message":"보안 이벤트","timestamp":"2025-04-29T04:38:50.841Z","userId":"msung98@naver.com"}
{"context":"HttpExceptionFilter","level":"error","message":"[예외] POST /auth/login 401 - 접근 토큰 타입이 올바르지 않습니다.","timestamp":"2025-04-29 04:39:07","trace":"UnauthorizedException: 접근 토큰 타입이 올바르지 않습니다.\n    at RBACGuard.canActivate (/app/src/auth/guard/rbac.guard.ts:28:13)\n    at GuardsConsumer.tryActivate (/app/node_modules/.pnpm/@nestjs+core@10.4.17_@nestjs+common@10.4.17_class-transformer@0.5.1_class-validator@0.1_eae1b69253770746a482487d36064dac/node_modules/@nestjs/core/guards/guards-consumer.js:15:34)\n    at canActivateFn (/app/node_modules/.pnpm/@nestjs+core@10.4.17_@nestjs+common@10.4.17_class-transformer@0.5.1_class-validator@0.1_eae1b69253770746a482487d36064dac/node_modules/@nestjs/core/router/router-execution-context.js:135:59)\n    at /app/node_modules/.pnpm/@nestjs+core@10.4.17_@nestjs+common@10.4.17_class-transformer@0.5.1_class-validator@0.1_eae1b69253770746a482487d36064dac/node_modules/@nestjs/core/router/router-execution-context.js:42:37\n    at /app/node_modules/.pnpm/@nestjs+core@10.4.17_@nestjs+common@10.4.17_class-transformer@0.5.1_class-validator@0.1_eae1b69253770746a482487d36064dac/node_modules/@nestjs/core/router/router-proxy.js:9:23\n    at Layer.handle [as handle_request] (/app/node_modules/.pnpm/express@4.21.2/node_modules/express/lib/router/layer.js:95:5)\n    at next (/app/node_modules/.pnpm/express@4.21.2/node_modules/express/lib/router/route.js:149:13)\n    at Route.dispatch (/app/node_modules/.pnpm/express@4.21.2/node_modules/express/lib/router/route.js:119:3)\n    at Layer.handle [as handle_request] (/app/node_modules/.pnpm/express@4.21.2/node_modules/express/lib/router/layer.js:95:5)\n    at /app/node_modules/.pnpm/express@4.21.2/node_modules/express/lib/router/index.js:284:15"}
{"details":{"headers":{"accept":"*/*","accept-encoding":"gzip, deflate, br, zstd","accept-language":"en-US,en;q=0.9,ko;q=0.8","authorization":"Basic bXN1bmc5OEBuYXZlci5jb206MTIz","connection":"keep-alive","content-length":"0","cookie":"PGADMIN_LANGUAGE=ko; pga4_session=711e6d48-02a4-41a1-8310-979477eaa790!AVTm/El4RqQvjoZZQui3FG9Nxlb0Zas77QRV6HCp+kQ=","dnt":"1","host":"localhost:3001","origin":"http://localhost:3001","referer":"http://localhost:3001/doc","sec-ch-ua":"\"Chromium\";v=\"135\", \"Not-A.Brand\";v=\"8\"","sec-ch-ua-mobile":"?0","sec-ch-ua-platform":"\"macOS\"","sec-fetch-dest":"empty","sec-fetch-mode":"cors","sec-fetch-site":"same-origin","user-agent":"Mozilla/5.0 (Macintosh; Intel Mac OS X 10_15_7) AppleWebKit/537.36 (KHTML, like Gecko) Chrome/135.0.0.0 Safari/537.36"},"ip":"::ffff:192.168.65.1","method":"POST","path":"/auth/login"},"event":"인증/인가 실패","level":"warn","message":"보안 이벤트","timestamp":"2025-04-29T04:39:07.693Z","userId":"msung98@naver.com"}
{"context":"HttpExceptionFilter","level":"error","message":"[예외] POST / 401 - Bearer 토큰 검증 실패","timestamp":"2025-04-29 04:39:11","trace":"UnauthorizedException: Bearer 토큰 검증 실패\n    at MiddlewareHost.bearerTokenValidate (/app/src/auth/middleware/tokenAuthanticator.middleware.ts:154:13)\n    at process.processTicksAndRejections (node:internal/process/task_queues:95:5)\n    at async MiddlewareHost.use (/app/src/auth/middleware/tokenAuthanticator.middleware.ts:34:31)\n    at async /app/node_modules/.pnpm/@nestjs+core@10.4.17_@nestjs+common@10.4.17_class-transformer@0.5.1_class-validator@0.1_eae1b69253770746a482487d36064dac/node_modules/@nestjs/core/router/router-proxy.js:9:17"}
{"details":{"headers":{"accept":"*/*","accept-encoding":"gzip, deflate, br","authorization":"Bearer eyJhbGciOiJIUzI1NiIsInR5cCI6IkpXVCJ9.eyJzdWIiOjEwLCJyb2xlIjoxLCJ0eXBlIjoiYWNjZXNzIiwiaWF0IjoxNzQ1ODk0NTA1LCJleHAiOjE3NDU4OTc1MDV9.eISdy6EfP-A7WM_M-51geY8-UEUrXeobEbHo-IEcwug","cache-control":"no-cache","connection":"keep-alive","content-length":"120","content-type":"application/json","host":"localhost:3001","postman-token":"284a9593-5020-4958-b262-84a348f38d77","user-agent":"PostmanRuntime/7.43.3"},"ip":"::ffff:192.168.65.1","method":"POST","path":"/"},"event":"인증/인가 실패","level":"warn","message":"보안 이벤트","timestamp":"2025-04-29T04:39:11.899Z","userId":"unknown"}
{"context":"HttpExceptionFilter","level":"error","message":"[예외] POST / 401 - Bearer 토큰 검증 실패","timestamp":"2025-04-29 04:39:12","trace":"UnauthorizedException: Bearer 토큰 검증 실패\n    at MiddlewareHost.bearerTokenValidate (/app/src/auth/middleware/tokenAuthanticator.middleware.ts:154:13)\n    at process.processTicksAndRejections (node:internal/process/task_queues:95:5)\n    at async MiddlewareHost.use (/app/src/auth/middleware/tokenAuthanticator.middleware.ts:34:31)\n    at async /app/node_modules/.pnpm/@nestjs+core@10.4.17_@nestjs+common@10.4.17_class-transformer@0.5.1_class-validator@0.1_eae1b69253770746a482487d36064dac/node_modules/@nestjs/core/router/router-proxy.js:9:17"}
{"details":{"headers":{"accept":"*/*","accept-encoding":"gzip, deflate, br","authorization":"Bearer eyJhbGciOiJIUzI1NiIsInR5cCI6IkpXVCJ9.eyJzdWIiOjEwLCJyb2xlIjoxLCJ0eXBlIjoiYWNjZXNzIiwiaWF0IjoxNzQ1ODk0NTA1LCJleHAiOjE3NDU4OTc1MDV9.eISdy6EfP-A7WM_M-51geY8-UEUrXeobEbHo-IEcwug","cache-control":"no-cache","connection":"keep-alive","content-length":"120","content-type":"application/json","host":"localhost:3001","postman-token":"5ec49764-5fa8-49df-9acd-1a3f46f4c989","user-agent":"PostmanRuntime/7.43.3"},"ip":"::ffff:192.168.65.1","method":"POST","path":"/"},"event":"인증/인가 실패","level":"warn","message":"보안 이벤트","timestamp":"2025-04-29T04:39:12.573Z","userId":"unknown"}
{"context":"HttpExceptionFilter","level":"error","message":"[예외] POST /auth/login 401 - 접근 토큰 타입이 올바르지 않습니다.","timestamp":"2025-04-29 04:39:32","trace":"UnauthorizedException: 접근 토큰 타입이 올바르지 않습니다.\n    at RBACGuard.canActivate (/app/src/auth/guard/rbac.guard.ts:28:13)\n    at GuardsConsumer.tryActivate (/app/node_modules/.pnpm/@nestjs+core@10.4.17_@nestjs+common@10.4.17_class-transformer@0.5.1_class-validator@0.1_eae1b69253770746a482487d36064dac/node_modules/@nestjs/core/guards/guards-consumer.js:15:34)\n    at canActivateFn (/app/node_modules/.pnpm/@nestjs+core@10.4.17_@nestjs+common@10.4.17_class-transformer@0.5.1_class-validator@0.1_eae1b69253770746a482487d36064dac/node_modules/@nestjs/core/router/router-execution-context.js:135:59)\n    at /app/node_modules/.pnpm/@nestjs+core@10.4.17_@nestjs+common@10.4.17_class-transformer@0.5.1_class-validator@0.1_eae1b69253770746a482487d36064dac/node_modules/@nestjs/core/router/router-execution-context.js:42:37\n    at /app/node_modules/.pnpm/@nestjs+core@10.4.17_@nestjs+common@10.4.17_class-transformer@0.5.1_class-validator@0.1_eae1b69253770746a482487d36064dac/node_modules/@nestjs/core/router/router-proxy.js:9:23\n    at Layer.handle [as handle_request] (/app/node_modules/.pnpm/express@4.21.2/node_modules/express/lib/router/layer.js:95:5)\n    at next (/app/node_modules/.pnpm/express@4.21.2/node_modules/express/lib/router/route.js:149:13)\n    at Route.dispatch (/app/node_modules/.pnpm/express@4.21.2/node_modules/express/lib/router/route.js:119:3)\n    at Layer.handle [as handle_request] (/app/node_modules/.pnpm/express@4.21.2/node_modules/express/lib/router/layer.js:95:5)\n    at /app/node_modules/.pnpm/express@4.21.2/node_modules/express/lib/router/index.js:284:15"}
{"details":{"headers":{"accept":"*/*","accept-encoding":"gzip, deflate, br","authorization":"Basic dGVzdEB0ZXN0LmNvbToxMjM=","cache-control":"no-cache","connection":"keep-alive","content-length":"0","host":"localhost:3001","postman-token":"e5227207-4206-4d4d-858f-eabe90af912b","user-agent":"PostmanRuntime/7.43.3"},"ip":"::ffff:192.168.65.1","method":"POST","path":"/auth/login"},"event":"인증/인가 실패","level":"warn","message":"보안 이벤트","timestamp":"2025-04-29T04:39:32.149Z","userId":"test@test.com"}
{"context":"NestFactory","level":"info","message":"Starting Nest application...","timestamp":"2025-04-29 04:39:56"}
{"context":"InstanceLoader","level":"info","message":"TypeOrmModule dependencies initialized","timestamp":"2025-04-29 04:39:56"}
{"context":"InstanceLoader","level":"info","message":"JwtModule dependencies initialized","timestamp":"2025-04-29 04:39:56"}
{"context":"InstanceLoader","level":"info","message":"ConfigHostModule dependencies initialized","timestamp":"2025-04-29 04:39:56"}
{"context":"InstanceLoader","level":"info","message":"DiscoveryModule dependencies initialized","timestamp":"2025-04-29 04:39:57"}
{"context":"InstanceLoader","level":"info","message":"ConfigModule dependencies initialized","timestamp":"2025-04-29 04:39:57"}
{"context":"InstanceLoader","level":"info","message":"ConfigModule dependencies initialized","timestamp":"2025-04-29 04:39:57"}
{"context":"InstanceLoader","level":"info","message":"ScheduleModule dependencies initialized","timestamp":"2025-04-29 04:39:57"}
{"context":"InstanceLoader","level":"info","message":"LoggerModule dependencies initialized","timestamp":"2025-04-29 04:39:57"}
{"context":"InstanceLoader","level":"info","message":"WinstonModule dependencies initialized","timestamp":"2025-04-29 04:39:57"}
{"context":"InstanceLoader","level":"info","message":"TypeOrmCoreModule dependencies initialized","timestamp":"2025-04-29 04:39:57"}
{"context":"InstanceLoader","level":"info","message":"TypeOrmModule dependencies initialized","timestamp":"2025-04-29 04:39:57"}
{"context":"InstanceLoader","level":"info","message":"TypeOrmModule dependencies initialized","timestamp":"2025-04-29 04:39:57"}
{"context":"InstanceLoader","level":"info","message":"TypeOrmModule dependencies initialized","timestamp":"2025-04-29 04:39:57"}
{"context":"InstanceLoader","level":"info","message":"TypeOrmModule dependencies initialized","timestamp":"2025-04-29 04:39:57"}
{"context":"InstanceLoader","level":"info","message":"TypeOrmModule dependencies initialized","timestamp":"2025-04-29 04:39:57"}
{"context":"InstanceLoader","level":"info","message":"TypeOrmModule dependencies initialized","timestamp":"2025-04-29 04:39:57"}
{"context":"InstanceLoader","level":"info","message":"TypeOrmModule dependencies initialized","timestamp":"2025-04-29 04:39:57"}
{"context":"InstanceLoader","level":"info","message":"AppModule dependencies initialized","timestamp":"2025-04-29 04:39:57"}
{"context":"InstanceLoader","level":"info","message":"CommonModule dependencies initialized","timestamp":"2025-04-29 04:39:57"}
{"context":"InstanceLoader","level":"info","message":"AuthModule dependencies initialized","timestamp":"2025-04-29 04:39:57"}
{"context":"InstanceLoader","level":"info","message":"UserModule dependencies initialized","timestamp":"2025-04-29 04:39:57"}
{"context":"InstanceLoader","level":"info","message":"StoreModule dependencies initialized","timestamp":"2025-04-29 04:39:57"}
{"context":"InstanceLoader","level":"info","message":"OwnerModule dependencies initialized","timestamp":"2025-04-29 04:39:57"}
{"context":"InstanceLoader","level":"info","message":"ItemModule dependencies initialized","timestamp":"2025-04-29 04:39:57"}
{"context":"InstanceLoader","level":"info","message":"LogisticsModule dependencies initialized","timestamp":"2025-04-29 04:39:57"}
{"context":"InstanceLoader","level":"info","message":"OrderModule dependencies initialized","timestamp":"2025-04-29 04:39:57"}
{"context":"RoutesResolver","level":"info","message":"UserController {/user}:","timestamp":"2025-04-29 04:39:57"}
{"context":"RouterExplorer","level":"info","message":"Mapped {/user, POST} route","timestamp":"2025-04-29 04:39:57"}
{"context":"RouterExplorer","level":"info","message":"Mapped {/user, GET} route","timestamp":"2025-04-29 04:39:57"}
{"context":"RouterExplorer","level":"info","message":"Mapped {/user/:id, GET} route","timestamp":"2025-04-29 04:39:57"}
{"context":"RouterExplorer","level":"info","message":"Mapped {/user/:id, PATCH} route","timestamp":"2025-04-29 04:39:57"}
{"context":"RouterExplorer","level":"info","message":"Mapped {/user/:id, DELETE} route","timestamp":"2025-04-29 04:39:57"}
{"context":"RoutesResolver","level":"info","message":"AuthController {/auth}:","timestamp":"2025-04-29 04:39:57"}
{"context":"RouterExplorer","level":"info","message":"Mapped {/auth/login, POST} route","timestamp":"2025-04-29 04:39:57"}
{"context":"RouterExplorer","level":"info","message":"Mapped {/auth/token/newToken, POST} route","timestamp":"2025-04-29 04:39:57"}
{"context":"RoutesResolver","level":"info","message":"StoreController {/store}:","timestamp":"2025-04-29 04:39:57"}
{"context":"RouterExplorer","level":"info","message":"Mapped {/store, POST} route","timestamp":"2025-04-29 04:39:57"}
{"context":"RouterExplorer","level":"info","message":"Mapped {/store, GET} route","timestamp":"2025-04-29 04:39:57"}
{"context":"RouterExplorer","level":"info","message":"Mapped {/store/:id, GET} route","timestamp":"2025-04-29 04:39:57"}
{"context":"RouterExplorer","level":"info","message":"Mapped {/store/:id, PATCH} route","timestamp":"2025-04-29 04:39:57"}
{"context":"RouterExplorer","level":"info","message":"Mapped {/store/:id, DELETE} route","timestamp":"2025-04-29 04:39:57"}
{"context":"RouterExplorer","level":"info","message":"Mapped {/store/warehouse, POST} route","timestamp":"2025-04-29 04:39:57"}
{"context":"RoutesResolver","level":"info","message":"OwnerController {/owner}:","timestamp":"2025-04-29 04:39:57"}
{"context":"RouterExplorer","level":"info","message":"Mapped {/owner, POST} route","timestamp":"2025-04-29 04:39:57"}
{"context":"RouterExplorer","level":"info","message":"Mapped {/owner, GET} route","timestamp":"2025-04-29 04:39:57"}
{"context":"RouterExplorer","level":"info","message":"Mapped {/owner/:id, GET} route","timestamp":"2025-04-29 04:39:57"}
{"context":"RouterExplorer","level":"info","message":"Mapped {/owner/:id, PATCH} route","timestamp":"2025-04-29 04:39:57"}
{"context":"RouterExplorer","level":"info","message":"Mapped {/owner/:id, DELETE} route","timestamp":"2025-04-29 04:39:57"}
{"context":"RoutesResolver","level":"info","message":"ItemController {/item}:","timestamp":"2025-04-29 04:39:57"}
{"context":"RouterExplorer","level":"info","message":"Mapped {/item, POST} route","timestamp":"2025-04-29 04:39:57"}
{"context":"RouterExplorer","level":"info","message":"Mapped {/item, GET} route","timestamp":"2025-04-29 04:39:57"}
{"context":"RouterExplorer","level":"info","message":"Mapped {/item/:id, GET} route","timestamp":"2025-04-29 04:39:57"}
{"context":"RouterExplorer","level":"info","message":"Mapped {/item/:id, PATCH} route","timestamp":"2025-04-29 04:39:57"}
{"context":"RouterExplorer","level":"info","message":"Mapped {/item/:id, DELETE} route","timestamp":"2025-04-29 04:39:57"}
{"context":"RouterExplorer","level":"info","message":"Mapped {/item/logistics, POST} route","timestamp":"2025-04-29 04:39:57"}
{"context":"RoutesResolver","level":"info","message":"LogisticsController {/logistics}:","timestamp":"2025-04-29 04:39:57"}
{"context":"RouterExplorer","level":"info","message":"Mapped {/logistics, POST} route","timestamp":"2025-04-29 04:39:57"}
{"context":"RouterExplorer","level":"info","message":"Mapped {/logistics, GET} route","timestamp":"2025-04-29 04:39:57"}
{"context":"RouterExplorer","level":"info","message":"Mapped {/logistics/:id, GET} route","timestamp":"2025-04-29 04:39:57"}
{"context":"RouterExplorer","level":"info","message":"Mapped {/logistics/:id, PATCH} route","timestamp":"2025-04-29 04:39:57"}
{"context":"RouterExplorer","level":"info","message":"Mapped {/logistics/:id, DELETE} route","timestamp":"2025-04-29 04:39:57"}
{"context":"RouterExplorer","level":"info","message":"Mapped {/logistics/warehouse/:id, GET} route","timestamp":"2025-04-29 04:39:57"}
{"context":"RouterExplorer","level":"info","message":"Mapped {/logistics/warehouse/:id, POST} route","timestamp":"2025-04-29 04:39:57"}
{"context":"RoutesResolver","level":"info","message":"OrderController {/order}:","timestamp":"2025-04-29 04:39:57"}
{"context":"RouterExplorer","level":"info","message":"Mapped {/order, POST} route","timestamp":"2025-04-29 04:39:57"}
{"context":"RouterExplorer","level":"info","message":"Mapped {/order, GET} route","timestamp":"2025-04-29 04:39:57"}
{"context":"RouterExplorer","level":"info","message":"Mapped {/order/:id, GET} route","timestamp":"2025-04-29 04:39:57"}
{"context":"RouterExplorer","level":"info","message":"Mapped {/order/:id, PATCH} route","timestamp":"2025-04-29 04:39:57"}
{"context":"RouterExplorer","level":"info","message":"Mapped {/order/:id, DELETE} route","timestamp":"2025-04-29 04:39:57"}
{"context":"RouterExplorer","level":"info","message":"Mapped {/order/batch/update-status, POST} route","timestamp":"2025-04-29 04:39:57"}
{"context":"NestApplication","level":"info","message":"Nest application successfully started","timestamp":"2025-04-29 04:39:57"}
{"context":"Bootstrap","level":"info","message":"애플리케이션이 3001 포트에서 시작되었습니다","timestamp":"2025-04-29 04:39:57"}
{"context":"NestFactory","level":"info","message":"Starting Nest application...","timestamp":"2025-04-29 04:40:03"}
{"context":"InstanceLoader","level":"info","message":"TypeOrmModule dependencies initialized","timestamp":"2025-04-29 04:40:03"}
{"context":"InstanceLoader","level":"info","message":"JwtModule dependencies initialized","timestamp":"2025-04-29 04:40:03"}
{"context":"InstanceLoader","level":"info","message":"ConfigHostModule dependencies initialized","timestamp":"2025-04-29 04:40:03"}
{"context":"InstanceLoader","level":"info","message":"DiscoveryModule dependencies initialized","timestamp":"2025-04-29 04:40:03"}
{"context":"InstanceLoader","level":"info","message":"ConfigModule dependencies initialized","timestamp":"2025-04-29 04:40:03"}
{"context":"InstanceLoader","level":"info","message":"ConfigModule dependencies initialized","timestamp":"2025-04-29 04:40:03"}
{"context":"InstanceLoader","level":"info","message":"ScheduleModule dependencies initialized","timestamp":"2025-04-29 04:40:03"}
{"context":"InstanceLoader","level":"info","message":"LoggerModule dependencies initialized","timestamp":"2025-04-29 04:40:03"}
{"context":"InstanceLoader","level":"info","message":"WinstonModule dependencies initialized","timestamp":"2025-04-29 04:40:03"}
{"context":"InstanceLoader","level":"info","message":"TypeOrmCoreModule dependencies initialized","timestamp":"2025-04-29 04:40:03"}
{"context":"InstanceLoader","level":"info","message":"TypeOrmModule dependencies initialized","timestamp":"2025-04-29 04:40:03"}
{"context":"InstanceLoader","level":"info","message":"TypeOrmModule dependencies initialized","timestamp":"2025-04-29 04:40:03"}
{"context":"InstanceLoader","level":"info","message":"TypeOrmModule dependencies initialized","timestamp":"2025-04-29 04:40:03"}
{"context":"InstanceLoader","level":"info","message":"TypeOrmModule dependencies initialized","timestamp":"2025-04-29 04:40:03"}
{"context":"InstanceLoader","level":"info","message":"TypeOrmModule dependencies initialized","timestamp":"2025-04-29 04:40:03"}
{"context":"InstanceLoader","level":"info","message":"TypeOrmModule dependencies initialized","timestamp":"2025-04-29 04:40:03"}
{"context":"InstanceLoader","level":"info","message":"TypeOrmModule dependencies initialized","timestamp":"2025-04-29 04:40:03"}
{"context":"InstanceLoader","level":"info","message":"AppModule dependencies initialized","timestamp":"2025-04-29 04:40:03"}
{"context":"InstanceLoader","level":"info","message":"CommonModule dependencies initialized","timestamp":"2025-04-29 04:40:03"}
{"context":"InstanceLoader","level":"info","message":"AuthModule dependencies initialized","timestamp":"2025-04-29 04:40:03"}
{"context":"InstanceLoader","level":"info","message":"UserModule dependencies initialized","timestamp":"2025-04-29 04:40:03"}
{"context":"InstanceLoader","level":"info","message":"StoreModule dependencies initialized","timestamp":"2025-04-29 04:40:03"}
{"context":"InstanceLoader","level":"info","message":"OwnerModule dependencies initialized","timestamp":"2025-04-29 04:40:03"}
{"context":"InstanceLoader","level":"info","message":"ItemModule dependencies initialized","timestamp":"2025-04-29 04:40:03"}
{"context":"InstanceLoader","level":"info","message":"LogisticsModule dependencies initialized","timestamp":"2025-04-29 04:40:03"}
{"context":"InstanceLoader","level":"info","message":"OrderModule dependencies initialized","timestamp":"2025-04-29 04:40:03"}
{"context":"RoutesResolver","level":"info","message":"UserController {/user}:","timestamp":"2025-04-29 04:40:03"}
{"context":"RouterExplorer","level":"info","message":"Mapped {/user, POST} route","timestamp":"2025-04-29 04:40:03"}
{"context":"RouterExplorer","level":"info","message":"Mapped {/user, GET} route","timestamp":"2025-04-29 04:40:03"}
{"context":"RouterExplorer","level":"info","message":"Mapped {/user/:id, GET} route","timestamp":"2025-04-29 04:40:03"}
{"context":"RouterExplorer","level":"info","message":"Mapped {/user/:id, PATCH} route","timestamp":"2025-04-29 04:40:03"}
{"context":"RouterExplorer","level":"info","message":"Mapped {/user/:id, DELETE} route","timestamp":"2025-04-29 04:40:03"}
{"context":"RoutesResolver","level":"info","message":"AuthController {/auth}:","timestamp":"2025-04-29 04:40:03"}
{"context":"RouterExplorer","level":"info","message":"Mapped {/auth/login, POST} route","timestamp":"2025-04-29 04:40:03"}
{"context":"RouterExplorer","level":"info","message":"Mapped {/auth/token/newToken, POST} route","timestamp":"2025-04-29 04:40:03"}
{"context":"RoutesResolver","level":"info","message":"StoreController {/store}:","timestamp":"2025-04-29 04:40:03"}
{"context":"RouterExplorer","level":"info","message":"Mapped {/store, POST} route","timestamp":"2025-04-29 04:40:03"}
{"context":"RouterExplorer","level":"info","message":"Mapped {/store, GET} route","timestamp":"2025-04-29 04:40:03"}
{"context":"RouterExplorer","level":"info","message":"Mapped {/store/:id, GET} route","timestamp":"2025-04-29 04:40:03"}
{"context":"RouterExplorer","level":"info","message":"Mapped {/store/:id, PATCH} route","timestamp":"2025-04-29 04:40:03"}
{"context":"RouterExplorer","level":"info","message":"Mapped {/store/:id, DELETE} route","timestamp":"2025-04-29 04:40:03"}
{"context":"RouterExplorer","level":"info","message":"Mapped {/store/warehouse, POST} route","timestamp":"2025-04-29 04:40:03"}
{"context":"RoutesResolver","level":"info","message":"OwnerController {/owner}:","timestamp":"2025-04-29 04:40:03"}
{"context":"RouterExplorer","level":"info","message":"Mapped {/owner, POST} route","timestamp":"2025-04-29 04:40:03"}
{"context":"RouterExplorer","level":"info","message":"Mapped {/owner, GET} route","timestamp":"2025-04-29 04:40:03"}
{"context":"RouterExplorer","level":"info","message":"Mapped {/owner/:id, GET} route","timestamp":"2025-04-29 04:40:03"}
{"context":"RouterExplorer","level":"info","message":"Mapped {/owner/:id, PATCH} route","timestamp":"2025-04-29 04:40:03"}
{"context":"RouterExplorer","level":"info","message":"Mapped {/owner/:id, DELETE} route","timestamp":"2025-04-29 04:40:03"}
{"context":"RoutesResolver","level":"info","message":"ItemController {/item}:","timestamp":"2025-04-29 04:40:03"}
{"context":"RouterExplorer","level":"info","message":"Mapped {/item, POST} route","timestamp":"2025-04-29 04:40:03"}
{"context":"RouterExplorer","level":"info","message":"Mapped {/item, GET} route","timestamp":"2025-04-29 04:40:03"}
{"context":"RouterExplorer","level":"info","message":"Mapped {/item/:id, GET} route","timestamp":"2025-04-29 04:40:03"}
{"context":"RouterExplorer","level":"info","message":"Mapped {/item/:id, PATCH} route","timestamp":"2025-04-29 04:40:03"}
{"context":"RouterExplorer","level":"info","message":"Mapped {/item/:id, DELETE} route","timestamp":"2025-04-29 04:40:03"}
{"context":"RouterExplorer","level":"info","message":"Mapped {/item/logistics, POST} route","timestamp":"2025-04-29 04:40:03"}
{"context":"RoutesResolver","level":"info","message":"LogisticsController {/logistics}:","timestamp":"2025-04-29 04:40:03"}
{"context":"RouterExplorer","level":"info","message":"Mapped {/logistics, POST} route","timestamp":"2025-04-29 04:40:03"}
{"context":"RouterExplorer","level":"info","message":"Mapped {/logistics, GET} route","timestamp":"2025-04-29 04:40:03"}
{"context":"RouterExplorer","level":"info","message":"Mapped {/logistics/:id, GET} route","timestamp":"2025-04-29 04:40:03"}
{"context":"RouterExplorer","level":"info","message":"Mapped {/logistics/:id, PATCH} route","timestamp":"2025-04-29 04:40:03"}
{"context":"RouterExplorer","level":"info","message":"Mapped {/logistics/:id, DELETE} route","timestamp":"2025-04-29 04:40:03"}
{"context":"RouterExplorer","level":"info","message":"Mapped {/logistics/warehouse/:id, GET} route","timestamp":"2025-04-29 04:40:03"}
{"context":"RouterExplorer","level":"info","message":"Mapped {/logistics/warehouse/:id, POST} route","timestamp":"2025-04-29 04:40:03"}
{"context":"RoutesResolver","level":"info","message":"OrderController {/order}:","timestamp":"2025-04-29 04:40:03"}
{"context":"RouterExplorer","level":"info","message":"Mapped {/order, POST} route","timestamp":"2025-04-29 04:40:03"}
{"context":"RouterExplorer","level":"info","message":"Mapped {/order, GET} route","timestamp":"2025-04-29 04:40:03"}
{"context":"RouterExplorer","level":"info","message":"Mapped {/order/:id, GET} route","timestamp":"2025-04-29 04:40:03"}
{"context":"RouterExplorer","level":"info","message":"Mapped {/order/:id, PATCH} route","timestamp":"2025-04-29 04:40:03"}
{"context":"RouterExplorer","level":"info","message":"Mapped {/order/:id, DELETE} route","timestamp":"2025-04-29 04:40:03"}
{"context":"RouterExplorer","level":"info","message":"Mapped {/order/batch/update-status, POST} route","timestamp":"2025-04-29 04:40:03"}
{"context":"NestApplication","level":"info","message":"Nest application successfully started","timestamp":"2025-04-29 04:40:03"}
{"context":"Bootstrap","level":"info","message":"애플리케이션이 3001 포트에서 시작되었습니다","timestamp":"2025-04-29 04:40:03"}
{"context":"NestFactory","level":"info","message":"Starting Nest application...","timestamp":"2025-04-29 04:40:35"}
{"context":"InstanceLoader","level":"info","message":"TypeOrmModule dependencies initialized","timestamp":"2025-04-29 04:40:35"}
{"context":"InstanceLoader","level":"info","message":"JwtModule dependencies initialized","timestamp":"2025-04-29 04:40:35"}
{"context":"InstanceLoader","level":"info","message":"ConfigHostModule dependencies initialized","timestamp":"2025-04-29 04:40:35"}
{"context":"InstanceLoader","level":"info","message":"DiscoveryModule dependencies initialized","timestamp":"2025-04-29 04:40:35"}
{"context":"InstanceLoader","level":"info","message":"ConfigModule dependencies initialized","timestamp":"2025-04-29 04:40:35"}
{"context":"InstanceLoader","level":"info","message":"ConfigModule dependencies initialized","timestamp":"2025-04-29 04:40:35"}
{"context":"InstanceLoader","level":"info","message":"ScheduleModule dependencies initialized","timestamp":"2025-04-29 04:40:35"}
{"context":"InstanceLoader","level":"info","message":"LoggerModule dependencies initialized","timestamp":"2025-04-29 04:40:35"}
{"context":"InstanceLoader","level":"info","message":"WinstonModule dependencies initialized","timestamp":"2025-04-29 04:40:35"}
{"context":"InstanceLoader","level":"info","message":"TypeOrmCoreModule dependencies initialized","timestamp":"2025-04-29 04:40:35"}
{"context":"InstanceLoader","level":"info","message":"TypeOrmModule dependencies initialized","timestamp":"2025-04-29 04:40:35"}
{"context":"InstanceLoader","level":"info","message":"TypeOrmModule dependencies initialized","timestamp":"2025-04-29 04:40:35"}
{"context":"InstanceLoader","level":"info","message":"TypeOrmModule dependencies initialized","timestamp":"2025-04-29 04:40:35"}
{"context":"InstanceLoader","level":"info","message":"TypeOrmModule dependencies initialized","timestamp":"2025-04-29 04:40:35"}
{"context":"InstanceLoader","level":"info","message":"TypeOrmModule dependencies initialized","timestamp":"2025-04-29 04:40:35"}
{"context":"InstanceLoader","level":"info","message":"TypeOrmModule dependencies initialized","timestamp":"2025-04-29 04:40:35"}
{"context":"InstanceLoader","level":"info","message":"TypeOrmModule dependencies initialized","timestamp":"2025-04-29 04:40:35"}
{"context":"InstanceLoader","level":"info","message":"AppModule dependencies initialized","timestamp":"2025-04-29 04:40:35"}
{"context":"InstanceLoader","level":"info","message":"CommonModule dependencies initialized","timestamp":"2025-04-29 04:40:35"}
{"context":"InstanceLoader","level":"info","message":"AuthModule dependencies initialized","timestamp":"2025-04-29 04:40:35"}
{"context":"InstanceLoader","level":"info","message":"UserModule dependencies initialized","timestamp":"2025-04-29 04:40:35"}
{"context":"InstanceLoader","level":"info","message":"StoreModule dependencies initialized","timestamp":"2025-04-29 04:40:35"}
{"context":"InstanceLoader","level":"info","message":"OwnerModule dependencies initialized","timestamp":"2025-04-29 04:40:35"}
{"context":"InstanceLoader","level":"info","message":"ItemModule dependencies initialized","timestamp":"2025-04-29 04:40:35"}
{"context":"InstanceLoader","level":"info","message":"LogisticsModule dependencies initialized","timestamp":"2025-04-29 04:40:35"}
{"context":"InstanceLoader","level":"info","message":"OrderModule dependencies initialized","timestamp":"2025-04-29 04:40:35"}
{"context":"RoutesResolver","level":"info","message":"UserController {/user}:","timestamp":"2025-04-29 04:40:35"}
{"context":"RouterExplorer","level":"info","message":"Mapped {/user, POST} route","timestamp":"2025-04-29 04:40:35"}
{"context":"RouterExplorer","level":"info","message":"Mapped {/user, GET} route","timestamp":"2025-04-29 04:40:35"}
{"context":"RouterExplorer","level":"info","message":"Mapped {/user/:id, GET} route","timestamp":"2025-04-29 04:40:35"}
{"context":"RouterExplorer","level":"info","message":"Mapped {/user/:id, PATCH} route","timestamp":"2025-04-29 04:40:35"}
{"context":"RouterExplorer","level":"info","message":"Mapped {/user/:id, DELETE} route","timestamp":"2025-04-29 04:40:35"}
{"context":"RoutesResolver","level":"info","message":"AuthController {/auth}:","timestamp":"2025-04-29 04:40:35"}
{"context":"RouterExplorer","level":"info","message":"Mapped {/auth/login, POST} route","timestamp":"2025-04-29 04:40:35"}
{"context":"RouterExplorer","level":"info","message":"Mapped {/auth/token/newToken, POST} route","timestamp":"2025-04-29 04:40:35"}
{"context":"RoutesResolver","level":"info","message":"StoreController {/store}:","timestamp":"2025-04-29 04:40:35"}
{"context":"RouterExplorer","level":"info","message":"Mapped {/store, POST} route","timestamp":"2025-04-29 04:40:35"}
{"context":"RouterExplorer","level":"info","message":"Mapped {/store, GET} route","timestamp":"2025-04-29 04:40:35"}
{"context":"RouterExplorer","level":"info","message":"Mapped {/store/:id, GET} route","timestamp":"2025-04-29 04:40:35"}
{"context":"RouterExplorer","level":"info","message":"Mapped {/store/:id, PATCH} route","timestamp":"2025-04-29 04:40:35"}
{"context":"RouterExplorer","level":"info","message":"Mapped {/store/:id, DELETE} route","timestamp":"2025-04-29 04:40:35"}
{"context":"RouterExplorer","level":"info","message":"Mapped {/store/warehouse, POST} route","timestamp":"2025-04-29 04:40:35"}
{"context":"RoutesResolver","level":"info","message":"OwnerController {/owner}:","timestamp":"2025-04-29 04:40:35"}
{"context":"RouterExplorer","level":"info","message":"Mapped {/owner, POST} route","timestamp":"2025-04-29 04:40:35"}
{"context":"RouterExplorer","level":"info","message":"Mapped {/owner, GET} route","timestamp":"2025-04-29 04:40:35"}
{"context":"RouterExplorer","level":"info","message":"Mapped {/owner/:id, GET} route","timestamp":"2025-04-29 04:40:35"}
{"context":"RouterExplorer","level":"info","message":"Mapped {/owner/:id, PATCH} route","timestamp":"2025-04-29 04:40:35"}
{"context":"RouterExplorer","level":"info","message":"Mapped {/owner/:id, DELETE} route","timestamp":"2025-04-29 04:40:35"}
{"context":"RoutesResolver","level":"info","message":"ItemController {/item}:","timestamp":"2025-04-29 04:40:35"}
{"context":"RouterExplorer","level":"info","message":"Mapped {/item, POST} route","timestamp":"2025-04-29 04:40:35"}
{"context":"RouterExplorer","level":"info","message":"Mapped {/item, GET} route","timestamp":"2025-04-29 04:40:35"}
{"context":"RouterExplorer","level":"info","message":"Mapped {/item/:id, GET} route","timestamp":"2025-04-29 04:40:35"}
{"context":"RouterExplorer","level":"info","message":"Mapped {/item/:id, PATCH} route","timestamp":"2025-04-29 04:40:35"}
{"context":"RouterExplorer","level":"info","message":"Mapped {/item/:id, DELETE} route","timestamp":"2025-04-29 04:40:35"}
{"context":"RouterExplorer","level":"info","message":"Mapped {/item/logistics, POST} route","timestamp":"2025-04-29 04:40:35"}
{"context":"RoutesResolver","level":"info","message":"LogisticsController {/logistics}:","timestamp":"2025-04-29 04:40:35"}
{"context":"RouterExplorer","level":"info","message":"Mapped {/logistics, POST} route","timestamp":"2025-04-29 04:40:35"}
{"context":"RouterExplorer","level":"info","message":"Mapped {/logistics, GET} route","timestamp":"2025-04-29 04:40:35"}
{"context":"RouterExplorer","level":"info","message":"Mapped {/logistics/:id, GET} route","timestamp":"2025-04-29 04:40:35"}
{"context":"RouterExplorer","level":"info","message":"Mapped {/logistics/:id, PATCH} route","timestamp":"2025-04-29 04:40:35"}
{"context":"RouterExplorer","level":"info","message":"Mapped {/logistics/:id, DELETE} route","timestamp":"2025-04-29 04:40:35"}
{"context":"RouterExplorer","level":"info","message":"Mapped {/logistics/warehouse/:id, GET} route","timestamp":"2025-04-29 04:40:35"}
{"context":"RouterExplorer","level":"info","message":"Mapped {/logistics/warehouse/:id, POST} route","timestamp":"2025-04-29 04:40:35"}
{"context":"RoutesResolver","level":"info","message":"OrderController {/order}:","timestamp":"2025-04-29 04:40:35"}
{"context":"RouterExplorer","level":"info","message":"Mapped {/order, POST} route","timestamp":"2025-04-29 04:40:35"}
{"context":"RouterExplorer","level":"info","message":"Mapped {/order, GET} route","timestamp":"2025-04-29 04:40:35"}
{"context":"RouterExplorer","level":"info","message":"Mapped {/order/:id, GET} route","timestamp":"2025-04-29 04:40:35"}
{"context":"RouterExplorer","level":"info","message":"Mapped {/order/:id, PATCH} route","timestamp":"2025-04-29 04:40:35"}
{"context":"RouterExplorer","level":"info","message":"Mapped {/order/:id, DELETE} route","timestamp":"2025-04-29 04:40:35"}
{"context":"RouterExplorer","level":"info","message":"Mapped {/order/batch/update-status, POST} route","timestamp":"2025-04-29 04:40:35"}
{"context":"NestApplication","level":"info","message":"Nest application successfully started","timestamp":"2025-04-29 04:40:35"}
{"context":"Bootstrap","level":"info","message":"애플리케이션이 3001 포트에서 시작되었습니다","timestamp":"2025-04-29 04:40:35"}
{"context":"NestFactory","level":"info","message":"Starting Nest application...","timestamp":"2025-04-29 04:40:42"}
{"context":"InstanceLoader","level":"info","message":"TypeOrmModule dependencies initialized","timestamp":"2025-04-29 04:40:42"}
{"context":"InstanceLoader","level":"info","message":"JwtModule dependencies initialized","timestamp":"2025-04-29 04:40:42"}
{"context":"InstanceLoader","level":"info","message":"ConfigHostModule dependencies initialized","timestamp":"2025-04-29 04:40:42"}
{"context":"InstanceLoader","level":"info","message":"DiscoveryModule dependencies initialized","timestamp":"2025-04-29 04:40:42"}
{"context":"InstanceLoader","level":"info","message":"ConfigModule dependencies initialized","timestamp":"2025-04-29 04:40:42"}
{"context":"InstanceLoader","level":"info","message":"ConfigModule dependencies initialized","timestamp":"2025-04-29 04:40:42"}
{"context":"InstanceLoader","level":"info","message":"ScheduleModule dependencies initialized","timestamp":"2025-04-29 04:40:42"}
{"context":"InstanceLoader","level":"info","message":"LoggerModule dependencies initialized","timestamp":"2025-04-29 04:40:42"}
{"context":"InstanceLoader","level":"info","message":"WinstonModule dependencies initialized","timestamp":"2025-04-29 04:40:42"}
{"context":"InstanceLoader","level":"info","message":"TypeOrmCoreModule dependencies initialized","timestamp":"2025-04-29 04:40:42"}
{"context":"InstanceLoader","level":"info","message":"TypeOrmModule dependencies initialized","timestamp":"2025-04-29 04:40:42"}
{"context":"InstanceLoader","level":"info","message":"TypeOrmModule dependencies initialized","timestamp":"2025-04-29 04:40:42"}
{"context":"InstanceLoader","level":"info","message":"TypeOrmModule dependencies initialized","timestamp":"2025-04-29 04:40:42"}
{"context":"InstanceLoader","level":"info","message":"TypeOrmModule dependencies initialized","timestamp":"2025-04-29 04:40:42"}
{"context":"InstanceLoader","level":"info","message":"TypeOrmModule dependencies initialized","timestamp":"2025-04-29 04:40:42"}
{"context":"InstanceLoader","level":"info","message":"TypeOrmModule dependencies initialized","timestamp":"2025-04-29 04:40:42"}
{"context":"InstanceLoader","level":"info","message":"TypeOrmModule dependencies initialized","timestamp":"2025-04-29 04:40:42"}
{"context":"InstanceLoader","level":"info","message":"AppModule dependencies initialized","timestamp":"2025-04-29 04:40:42"}
{"context":"InstanceLoader","level":"info","message":"CommonModule dependencies initialized","timestamp":"2025-04-29 04:40:42"}
{"context":"InstanceLoader","level":"info","message":"AuthModule dependencies initialized","timestamp":"2025-04-29 04:40:42"}
{"context":"InstanceLoader","level":"info","message":"UserModule dependencies initialized","timestamp":"2025-04-29 04:40:42"}
{"context":"InstanceLoader","level":"info","message":"StoreModule dependencies initialized","timestamp":"2025-04-29 04:40:42"}
{"context":"InstanceLoader","level":"info","message":"OwnerModule dependencies initialized","timestamp":"2025-04-29 04:40:42"}
{"context":"InstanceLoader","level":"info","message":"ItemModule dependencies initialized","timestamp":"2025-04-29 04:40:42"}
{"context":"InstanceLoader","level":"info","message":"LogisticsModule dependencies initialized","timestamp":"2025-04-29 04:40:42"}
{"context":"InstanceLoader","level":"info","message":"OrderModule dependencies initialized","timestamp":"2025-04-29 04:40:42"}
{"context":"RoutesResolver","level":"info","message":"UserController {/user}:","timestamp":"2025-04-29 04:40:42"}
{"context":"RouterExplorer","level":"info","message":"Mapped {/user, POST} route","timestamp":"2025-04-29 04:40:42"}
{"context":"RouterExplorer","level":"info","message":"Mapped {/user, GET} route","timestamp":"2025-04-29 04:40:42"}
{"context":"RouterExplorer","level":"info","message":"Mapped {/user/:id, GET} route","timestamp":"2025-04-29 04:40:42"}
{"context":"RouterExplorer","level":"info","message":"Mapped {/user/:id, PATCH} route","timestamp":"2025-04-29 04:40:42"}
{"context":"RouterExplorer","level":"info","message":"Mapped {/user/:id, DELETE} route","timestamp":"2025-04-29 04:40:42"}
{"context":"RoutesResolver","level":"info","message":"AuthController {/auth}:","timestamp":"2025-04-29 04:40:42"}
{"context":"RouterExplorer","level":"info","message":"Mapped {/auth/login, POST} route","timestamp":"2025-04-29 04:40:42"}
{"context":"RouterExplorer","level":"info","message":"Mapped {/auth/token/newToken, POST} route","timestamp":"2025-04-29 04:40:42"}
{"context":"RoutesResolver","level":"info","message":"StoreController {/store}:","timestamp":"2025-04-29 04:40:42"}
{"context":"RouterExplorer","level":"info","message":"Mapped {/store, POST} route","timestamp":"2025-04-29 04:40:42"}
{"context":"RouterExplorer","level":"info","message":"Mapped {/store, GET} route","timestamp":"2025-04-29 04:40:42"}
{"context":"RouterExplorer","level":"info","message":"Mapped {/store/:id, GET} route","timestamp":"2025-04-29 04:40:42"}
{"context":"RouterExplorer","level":"info","message":"Mapped {/store/:id, PATCH} route","timestamp":"2025-04-29 04:40:42"}
{"context":"RouterExplorer","level":"info","message":"Mapped {/store/:id, DELETE} route","timestamp":"2025-04-29 04:40:42"}
{"context":"RouterExplorer","level":"info","message":"Mapped {/store/warehouse, POST} route","timestamp":"2025-04-29 04:40:42"}
{"context":"RoutesResolver","level":"info","message":"OwnerController {/owner}:","timestamp":"2025-04-29 04:40:42"}
{"context":"RouterExplorer","level":"info","message":"Mapped {/owner, POST} route","timestamp":"2025-04-29 04:40:42"}
{"context":"RouterExplorer","level":"info","message":"Mapped {/owner, GET} route","timestamp":"2025-04-29 04:40:42"}
{"context":"RouterExplorer","level":"info","message":"Mapped {/owner/:id, GET} route","timestamp":"2025-04-29 04:40:42"}
{"context":"RouterExplorer","level":"info","message":"Mapped {/owner/:id, PATCH} route","timestamp":"2025-04-29 04:40:42"}
{"context":"RouterExplorer","level":"info","message":"Mapped {/owner/:id, DELETE} route","timestamp":"2025-04-29 04:40:42"}
{"context":"RoutesResolver","level":"info","message":"ItemController {/item}:","timestamp":"2025-04-29 04:40:42"}
{"context":"RouterExplorer","level":"info","message":"Mapped {/item, POST} route","timestamp":"2025-04-29 04:40:42"}
{"context":"RouterExplorer","level":"info","message":"Mapped {/item, GET} route","timestamp":"2025-04-29 04:40:42"}
{"context":"RouterExplorer","level":"info","message":"Mapped {/item/:id, GET} route","timestamp":"2025-04-29 04:40:42"}
{"context":"RouterExplorer","level":"info","message":"Mapped {/item/:id, PATCH} route","timestamp":"2025-04-29 04:40:42"}
{"context":"RouterExplorer","level":"info","message":"Mapped {/item/:id, DELETE} route","timestamp":"2025-04-29 04:40:42"}
{"context":"RouterExplorer","level":"info","message":"Mapped {/item/logistics, POST} route","timestamp":"2025-04-29 04:40:42"}
{"context":"RoutesResolver","level":"info","message":"LogisticsController {/logistics}:","timestamp":"2025-04-29 04:40:42"}
{"context":"RouterExplorer","level":"info","message":"Mapped {/logistics, POST} route","timestamp":"2025-04-29 04:40:42"}
{"context":"RouterExplorer","level":"info","message":"Mapped {/logistics, GET} route","timestamp":"2025-04-29 04:40:42"}
{"context":"RouterExplorer","level":"info","message":"Mapped {/logistics/:id, GET} route","timestamp":"2025-04-29 04:40:42"}
{"context":"RouterExplorer","level":"info","message":"Mapped {/logistics/:id, PATCH} route","timestamp":"2025-04-29 04:40:42"}
{"context":"RouterExplorer","level":"info","message":"Mapped {/logistics/:id, DELETE} route","timestamp":"2025-04-29 04:40:42"}
{"context":"RouterExplorer","level":"info","message":"Mapped {/logistics/warehouse/:id, GET} route","timestamp":"2025-04-29 04:40:42"}
{"context":"RouterExplorer","level":"info","message":"Mapped {/logistics/warehouse/:id, POST} route","timestamp":"2025-04-29 04:40:42"}
{"context":"RoutesResolver","level":"info","message":"OrderController {/order}:","timestamp":"2025-04-29 04:40:42"}
{"context":"RouterExplorer","level":"info","message":"Mapped {/order, POST} route","timestamp":"2025-04-29 04:40:42"}
{"context":"RouterExplorer","level":"info","message":"Mapped {/order, GET} route","timestamp":"2025-04-29 04:40:42"}
{"context":"RouterExplorer","level":"info","message":"Mapped {/order/:id, GET} route","timestamp":"2025-04-29 04:40:42"}
{"context":"RouterExplorer","level":"info","message":"Mapped {/order/:id, PATCH} route","timestamp":"2025-04-29 04:40:42"}
{"context":"RouterExplorer","level":"info","message":"Mapped {/order/:id, DELETE} route","timestamp":"2025-04-29 04:40:42"}
{"context":"RouterExplorer","level":"info","message":"Mapped {/order/batch/update-status, POST} route","timestamp":"2025-04-29 04:40:42"}
{"context":"NestApplication","level":"info","message":"Nest application successfully started","timestamp":"2025-04-29 04:40:42"}
{"context":"Bootstrap","level":"info","message":"애플리케이션이 3001 포트에서 시작되었습니다","timestamp":"2025-04-29 04:40:42"}
{"context":"NestFactory","level":"info","message":"Starting Nest application...","timestamp":"2025-04-29 04:40:53"}
{"context":"InstanceLoader","level":"info","message":"TypeOrmModule dependencies initialized","timestamp":"2025-04-29 04:40:53"}
{"context":"InstanceLoader","level":"info","message":"JwtModule dependencies initialized","timestamp":"2025-04-29 04:40:53"}
{"context":"InstanceLoader","level":"info","message":"ConfigHostModule dependencies initialized","timestamp":"2025-04-29 04:40:53"}
{"context":"InstanceLoader","level":"info","message":"DiscoveryModule dependencies initialized","timestamp":"2025-04-29 04:40:53"}
{"context":"InstanceLoader","level":"info","message":"ConfigModule dependencies initialized","timestamp":"2025-04-29 04:40:53"}
{"context":"InstanceLoader","level":"info","message":"ConfigModule dependencies initialized","timestamp":"2025-04-29 04:40:53"}
{"context":"InstanceLoader","level":"info","message":"ScheduleModule dependencies initialized","timestamp":"2025-04-29 04:40:53"}
{"context":"InstanceLoader","level":"info","message":"LoggerModule dependencies initialized","timestamp":"2025-04-29 04:40:53"}
{"context":"InstanceLoader","level":"info","message":"WinstonModule dependencies initialized","timestamp":"2025-04-29 04:40:53"}
{"context":"InstanceLoader","level":"info","message":"TypeOrmCoreModule dependencies initialized","timestamp":"2025-04-29 04:40:53"}
{"context":"InstanceLoader","level":"info","message":"TypeOrmModule dependencies initialized","timestamp":"2025-04-29 04:40:53"}
{"context":"InstanceLoader","level":"info","message":"TypeOrmModule dependencies initialized","timestamp":"2025-04-29 04:40:53"}
{"context":"InstanceLoader","level":"info","message":"TypeOrmModule dependencies initialized","timestamp":"2025-04-29 04:40:53"}
{"context":"InstanceLoader","level":"info","message":"TypeOrmModule dependencies initialized","timestamp":"2025-04-29 04:40:53"}
{"context":"InstanceLoader","level":"info","message":"TypeOrmModule dependencies initialized","timestamp":"2025-04-29 04:40:53"}
{"context":"InstanceLoader","level":"info","message":"TypeOrmModule dependencies initialized","timestamp":"2025-04-29 04:40:53"}
{"context":"InstanceLoader","level":"info","message":"TypeOrmModule dependencies initialized","timestamp":"2025-04-29 04:40:53"}
{"context":"InstanceLoader","level":"info","message":"AppModule dependencies initialized","timestamp":"2025-04-29 04:40:53"}
{"context":"InstanceLoader","level":"info","message":"CommonModule dependencies initialized","timestamp":"2025-04-29 04:40:53"}
{"context":"InstanceLoader","level":"info","message":"AuthModule dependencies initialized","timestamp":"2025-04-29 04:40:53"}
{"context":"InstanceLoader","level":"info","message":"UserModule dependencies initialized","timestamp":"2025-04-29 04:40:53"}
{"context":"InstanceLoader","level":"info","message":"StoreModule dependencies initialized","timestamp":"2025-04-29 04:40:53"}
{"context":"InstanceLoader","level":"info","message":"OwnerModule dependencies initialized","timestamp":"2025-04-29 04:40:53"}
{"context":"InstanceLoader","level":"info","message":"ItemModule dependencies initialized","timestamp":"2025-04-29 04:40:53"}
{"context":"InstanceLoader","level":"info","message":"LogisticsModule dependencies initialized","timestamp":"2025-04-29 04:40:53"}
{"context":"InstanceLoader","level":"info","message":"OrderModule dependencies initialized","timestamp":"2025-04-29 04:40:53"}
{"context":"RoutesResolver","level":"info","message":"UserController {/user}:","timestamp":"2025-04-29 04:40:53"}
{"context":"RouterExplorer","level":"info","message":"Mapped {/user, POST} route","timestamp":"2025-04-29 04:40:53"}
{"context":"RouterExplorer","level":"info","message":"Mapped {/user, GET} route","timestamp":"2025-04-29 04:40:53"}
{"context":"RouterExplorer","level":"info","message":"Mapped {/user/:id, GET} route","timestamp":"2025-04-29 04:40:53"}
{"context":"RouterExplorer","level":"info","message":"Mapped {/user/:id, PATCH} route","timestamp":"2025-04-29 04:40:53"}
{"context":"RouterExplorer","level":"info","message":"Mapped {/user/:id, DELETE} route","timestamp":"2025-04-29 04:40:53"}
{"context":"RoutesResolver","level":"info","message":"AuthController {/auth}:","timestamp":"2025-04-29 04:40:53"}
{"context":"RouterExplorer","level":"info","message":"Mapped {/auth/login, POST} route","timestamp":"2025-04-29 04:40:53"}
{"context":"RouterExplorer","level":"info","message":"Mapped {/auth/token/newToken, POST} route","timestamp":"2025-04-29 04:40:53"}
{"context":"RoutesResolver","level":"info","message":"StoreController {/store}:","timestamp":"2025-04-29 04:40:53"}
{"context":"RouterExplorer","level":"info","message":"Mapped {/store, POST} route","timestamp":"2025-04-29 04:40:53"}
{"context":"RouterExplorer","level":"info","message":"Mapped {/store, GET} route","timestamp":"2025-04-29 04:40:53"}
{"context":"RouterExplorer","level":"info","message":"Mapped {/store/:id, GET} route","timestamp":"2025-04-29 04:40:53"}
{"context":"RouterExplorer","level":"info","message":"Mapped {/store/:id, PATCH} route","timestamp":"2025-04-29 04:40:53"}
{"context":"RouterExplorer","level":"info","message":"Mapped {/store/:id, DELETE} route","timestamp":"2025-04-29 04:40:53"}
{"context":"RouterExplorer","level":"info","message":"Mapped {/store/warehouse, POST} route","timestamp":"2025-04-29 04:40:53"}
{"context":"RoutesResolver","level":"info","message":"OwnerController {/owner}:","timestamp":"2025-04-29 04:40:53"}
{"context":"RouterExplorer","level":"info","message":"Mapped {/owner, POST} route","timestamp":"2025-04-29 04:40:53"}
{"context":"RouterExplorer","level":"info","message":"Mapped {/owner, GET} route","timestamp":"2025-04-29 04:40:53"}
{"context":"RouterExplorer","level":"info","message":"Mapped {/owner/:id, GET} route","timestamp":"2025-04-29 04:40:53"}
{"context":"RouterExplorer","level":"info","message":"Mapped {/owner/:id, PATCH} route","timestamp":"2025-04-29 04:40:53"}
{"context":"RouterExplorer","level":"info","message":"Mapped {/owner/:id, DELETE} route","timestamp":"2025-04-29 04:40:53"}
{"context":"RoutesResolver","level":"info","message":"ItemController {/item}:","timestamp":"2025-04-29 04:40:53"}
{"context":"RouterExplorer","level":"info","message":"Mapped {/item, POST} route","timestamp":"2025-04-29 04:40:53"}
{"context":"RouterExplorer","level":"info","message":"Mapped {/item, GET} route","timestamp":"2025-04-29 04:40:53"}
{"context":"RouterExplorer","level":"info","message":"Mapped {/item/:id, GET} route","timestamp":"2025-04-29 04:40:53"}
{"context":"RouterExplorer","level":"info","message":"Mapped {/item/:id, PATCH} route","timestamp":"2025-04-29 04:40:53"}
{"context":"RouterExplorer","level":"info","message":"Mapped {/item/:id, DELETE} route","timestamp":"2025-04-29 04:40:53"}
{"context":"RouterExplorer","level":"info","message":"Mapped {/item/logistics, POST} route","timestamp":"2025-04-29 04:40:53"}
{"context":"RoutesResolver","level":"info","message":"LogisticsController {/logistics}:","timestamp":"2025-04-29 04:40:53"}
{"context":"RouterExplorer","level":"info","message":"Mapped {/logistics, POST} route","timestamp":"2025-04-29 04:40:53"}
{"context":"RouterExplorer","level":"info","message":"Mapped {/logistics, GET} route","timestamp":"2025-04-29 04:40:53"}
{"context":"RouterExplorer","level":"info","message":"Mapped {/logistics/:id, GET} route","timestamp":"2025-04-29 04:40:53"}
{"context":"RouterExplorer","level":"info","message":"Mapped {/logistics/:id, PATCH} route","timestamp":"2025-04-29 04:40:53"}
{"context":"RouterExplorer","level":"info","message":"Mapped {/logistics/:id, DELETE} route","timestamp":"2025-04-29 04:40:53"}
{"context":"RouterExplorer","level":"info","message":"Mapped {/logistics/warehouse/:id, GET} route","timestamp":"2025-04-29 04:40:53"}
{"context":"RouterExplorer","level":"info","message":"Mapped {/logistics/warehouse/:id, POST} route","timestamp":"2025-04-29 04:40:53"}
{"context":"RoutesResolver","level":"info","message":"OrderController {/order}:","timestamp":"2025-04-29 04:40:53"}
{"context":"RouterExplorer","level":"info","message":"Mapped {/order, POST} route","timestamp":"2025-04-29 04:40:53"}
{"context":"RouterExplorer","level":"info","message":"Mapped {/order, GET} route","timestamp":"2025-04-29 04:40:53"}
{"context":"RouterExplorer","level":"info","message":"Mapped {/order/:id, GET} route","timestamp":"2025-04-29 04:40:53"}
{"context":"RouterExplorer","level":"info","message":"Mapped {/order/:id, PATCH} route","timestamp":"2025-04-29 04:40:53"}
{"context":"RouterExplorer","level":"info","message":"Mapped {/order/:id, DELETE} route","timestamp":"2025-04-29 04:40:53"}
{"context":"RouterExplorer","level":"info","message":"Mapped {/order/batch/update-status, POST} route","timestamp":"2025-04-29 04:40:53"}
{"context":"NestApplication","level":"info","message":"Nest application successfully started","timestamp":"2025-04-29 04:40:53"}
{"context":"Bootstrap","level":"info","message":"애플리케이션이 3001 포트에서 시작되었습니다","timestamp":"2025-04-29 04:40:53"}
{"context":"NestFactory","level":"info","message":"Starting Nest application...","timestamp":"2025-04-29 04:41:11"}
{"context":"InstanceLoader","level":"info","message":"TypeOrmModule dependencies initialized","timestamp":"2025-04-29 04:41:11"}
{"context":"InstanceLoader","level":"info","message":"JwtModule dependencies initialized","timestamp":"2025-04-29 04:41:11"}
{"context":"InstanceLoader","level":"info","message":"ConfigHostModule dependencies initialized","timestamp":"2025-04-29 04:41:11"}
{"context":"InstanceLoader","level":"info","message":"DiscoveryModule dependencies initialized","timestamp":"2025-04-29 04:41:11"}
{"context":"InstanceLoader","level":"info","message":"ConfigModule dependencies initialized","timestamp":"2025-04-29 04:41:11"}
{"context":"InstanceLoader","level":"info","message":"ConfigModule dependencies initialized","timestamp":"2025-04-29 04:41:11"}
{"context":"InstanceLoader","level":"info","message":"ScheduleModule dependencies initialized","timestamp":"2025-04-29 04:41:11"}
{"context":"InstanceLoader","level":"info","message":"LoggerModule dependencies initialized","timestamp":"2025-04-29 04:41:11"}
{"context":"InstanceLoader","level":"info","message":"WinstonModule dependencies initialized","timestamp":"2025-04-29 04:41:11"}
{"context":"InstanceLoader","level":"info","message":"TypeOrmCoreModule dependencies initialized","timestamp":"2025-04-29 04:41:11"}
{"context":"InstanceLoader","level":"info","message":"TypeOrmModule dependencies initialized","timestamp":"2025-04-29 04:41:11"}
{"context":"InstanceLoader","level":"info","message":"TypeOrmModule dependencies initialized","timestamp":"2025-04-29 04:41:11"}
{"context":"InstanceLoader","level":"info","message":"TypeOrmModule dependencies initialized","timestamp":"2025-04-29 04:41:11"}
{"context":"InstanceLoader","level":"info","message":"TypeOrmModule dependencies initialized","timestamp":"2025-04-29 04:41:11"}
{"context":"InstanceLoader","level":"info","message":"TypeOrmModule dependencies initialized","timestamp":"2025-04-29 04:41:11"}
{"context":"InstanceLoader","level":"info","message":"TypeOrmModule dependencies initialized","timestamp":"2025-04-29 04:41:11"}
{"context":"InstanceLoader","level":"info","message":"TypeOrmModule dependencies initialized","timestamp":"2025-04-29 04:41:11"}
{"context":"InstanceLoader","level":"info","message":"AppModule dependencies initialized","timestamp":"2025-04-29 04:41:11"}
{"context":"InstanceLoader","level":"info","message":"CommonModule dependencies initialized","timestamp":"2025-04-29 04:41:11"}
{"context":"InstanceLoader","level":"info","message":"AuthModule dependencies initialized","timestamp":"2025-04-29 04:41:11"}
{"context":"InstanceLoader","level":"info","message":"UserModule dependencies initialized","timestamp":"2025-04-29 04:41:11"}
{"context":"InstanceLoader","level":"info","message":"StoreModule dependencies initialized","timestamp":"2025-04-29 04:41:11"}
{"context":"InstanceLoader","level":"info","message":"OwnerModule dependencies initialized","timestamp":"2025-04-29 04:41:11"}
{"context":"InstanceLoader","level":"info","message":"ItemModule dependencies initialized","timestamp":"2025-04-29 04:41:11"}
{"context":"InstanceLoader","level":"info","message":"LogisticsModule dependencies initialized","timestamp":"2025-04-29 04:41:11"}
{"context":"InstanceLoader","level":"info","message":"OrderModule dependencies initialized","timestamp":"2025-04-29 04:41:11"}
{"context":"RoutesResolver","level":"info","message":"UserController {/user}:","timestamp":"2025-04-29 04:41:11"}
{"context":"RouterExplorer","level":"info","message":"Mapped {/user, POST} route","timestamp":"2025-04-29 04:41:11"}
{"context":"RouterExplorer","level":"info","message":"Mapped {/user, GET} route","timestamp":"2025-04-29 04:41:11"}
{"context":"RouterExplorer","level":"info","message":"Mapped {/user/:id, GET} route","timestamp":"2025-04-29 04:41:11"}
{"context":"RouterExplorer","level":"info","message":"Mapped {/user/:id, PATCH} route","timestamp":"2025-04-29 04:41:11"}
{"context":"RouterExplorer","level":"info","message":"Mapped {/user/:id, DELETE} route","timestamp":"2025-04-29 04:41:11"}
{"context":"RoutesResolver","level":"info","message":"AuthController {/auth}:","timestamp":"2025-04-29 04:41:11"}
{"context":"RouterExplorer","level":"info","message":"Mapped {/auth/login, POST} route","timestamp":"2025-04-29 04:41:11"}
{"context":"RouterExplorer","level":"info","message":"Mapped {/auth/token/newToken, POST} route","timestamp":"2025-04-29 04:41:11"}
{"context":"RoutesResolver","level":"info","message":"StoreController {/store}:","timestamp":"2025-04-29 04:41:11"}
{"context":"RouterExplorer","level":"info","message":"Mapped {/store, POST} route","timestamp":"2025-04-29 04:41:11"}
{"context":"RouterExplorer","level":"info","message":"Mapped {/store, GET} route","timestamp":"2025-04-29 04:41:11"}
{"context":"RouterExplorer","level":"info","message":"Mapped {/store/:id, GET} route","timestamp":"2025-04-29 04:41:11"}
{"context":"RouterExplorer","level":"info","message":"Mapped {/store/:id, PATCH} route","timestamp":"2025-04-29 04:41:11"}
{"context":"RouterExplorer","level":"info","message":"Mapped {/store/:id, DELETE} route","timestamp":"2025-04-29 04:41:11"}
{"context":"RouterExplorer","level":"info","message":"Mapped {/store/warehouse, POST} route","timestamp":"2025-04-29 04:41:11"}
{"context":"RoutesResolver","level":"info","message":"OwnerController {/owner}:","timestamp":"2025-04-29 04:41:11"}
{"context":"RouterExplorer","level":"info","message":"Mapped {/owner, POST} route","timestamp":"2025-04-29 04:41:11"}
{"context":"RouterExplorer","level":"info","message":"Mapped {/owner, GET} route","timestamp":"2025-04-29 04:41:11"}
{"context":"RouterExplorer","level":"info","message":"Mapped {/owner/:id, GET} route","timestamp":"2025-04-29 04:41:11"}
{"context":"RouterExplorer","level":"info","message":"Mapped {/owner/:id, PATCH} route","timestamp":"2025-04-29 04:41:11"}
{"context":"RouterExplorer","level":"info","message":"Mapped {/owner/:id, DELETE} route","timestamp":"2025-04-29 04:41:11"}
{"context":"RoutesResolver","level":"info","message":"ItemController {/item}:","timestamp":"2025-04-29 04:41:11"}
{"context":"RouterExplorer","level":"info","message":"Mapped {/item, POST} route","timestamp":"2025-04-29 04:41:11"}
{"context":"RouterExplorer","level":"info","message":"Mapped {/item, GET} route","timestamp":"2025-04-29 04:41:11"}
{"context":"RouterExplorer","level":"info","message":"Mapped {/item/:id, GET} route","timestamp":"2025-04-29 04:41:11"}
{"context":"RouterExplorer","level":"info","message":"Mapped {/item/:id, PATCH} route","timestamp":"2025-04-29 04:41:11"}
{"context":"RouterExplorer","level":"info","message":"Mapped {/item/:id, DELETE} route","timestamp":"2025-04-29 04:41:11"}
{"context":"RouterExplorer","level":"info","message":"Mapped {/item/logistics, POST} route","timestamp":"2025-04-29 04:41:11"}
{"context":"RoutesResolver","level":"info","message":"LogisticsController {/logistics}:","timestamp":"2025-04-29 04:41:11"}
{"context":"RouterExplorer","level":"info","message":"Mapped {/logistics, POST} route","timestamp":"2025-04-29 04:41:11"}
{"context":"RouterExplorer","level":"info","message":"Mapped {/logistics, GET} route","timestamp":"2025-04-29 04:41:11"}
{"context":"RouterExplorer","level":"info","message":"Mapped {/logistics/:id, GET} route","timestamp":"2025-04-29 04:41:11"}
{"context":"RouterExplorer","level":"info","message":"Mapped {/logistics/:id, PATCH} route","timestamp":"2025-04-29 04:41:11"}
{"context":"RouterExplorer","level":"info","message":"Mapped {/logistics/:id, DELETE} route","timestamp":"2025-04-29 04:41:11"}
{"context":"RouterExplorer","level":"info","message":"Mapped {/logistics/warehouse/:id, GET} route","timestamp":"2025-04-29 04:41:11"}
{"context":"RouterExplorer","level":"info","message":"Mapped {/logistics/warehouse/:id, POST} route","timestamp":"2025-04-29 04:41:11"}
{"context":"RoutesResolver","level":"info","message":"OrderController {/order}:","timestamp":"2025-04-29 04:41:11"}
{"context":"RouterExplorer","level":"info","message":"Mapped {/order, POST} route","timestamp":"2025-04-29 04:41:11"}
{"context":"RouterExplorer","level":"info","message":"Mapped {/order, GET} route","timestamp":"2025-04-29 04:41:11"}
{"context":"RouterExplorer","level":"info","message":"Mapped {/order/:id, GET} route","timestamp":"2025-04-29 04:41:11"}
{"context":"RouterExplorer","level":"info","message":"Mapped {/order/:id, PATCH} route","timestamp":"2025-04-29 04:41:11"}
{"context":"RouterExplorer","level":"info","message":"Mapped {/order/:id, DELETE} route","timestamp":"2025-04-29 04:41:11"}
{"context":"RouterExplorer","level":"info","message":"Mapped {/order/batch/update-status, POST} route","timestamp":"2025-04-29 04:41:11"}
{"context":"NestApplication","level":"info","message":"Nest application successfully started","timestamp":"2025-04-29 04:41:11"}
{"context":"Bootstrap","level":"info","message":"애플리케이션이 3001 포트에서 시작되었습니다","timestamp":"2025-04-29 04:41:11"}
{"context":"HttpExceptionFilter","level":"error","message":"[예외] POST / 401 - Bearer 토큰 검증 실패","timestamp":"2025-04-29 04:41:12","trace":"UnauthorizedException: Bearer 토큰 검증 실패\n    at MiddlewareHost.bearerTokenValidate (/app/src/auth/middleware/tokenAuthanticator.middleware.ts:154:13)\n    at process.processTicksAndRejections (node:internal/process/task_queues:95:5)\n    at async MiddlewareHost.use (/app/src/auth/middleware/tokenAuthanticator.middleware.ts:34:31)\n    at async /app/node_modules/.pnpm/@nestjs+core@10.4.17_@nestjs+common@10.4.17_class-transformer@0.5.1_class-validator@0.1_eae1b69253770746a482487d36064dac/node_modules/@nestjs/core/router/router-proxy.js:9:17"}
{"details":{"headers":{"accept":"*/*","accept-encoding":"gzip, deflate, br","authorization":"Bearer eyJhbGciOiJIUzI1NiIsInR5cCI6IkpXVCJ9.eyJzdWIiOjEwLCJyb2xlIjoxLCJ0eXBlIjoiYWNjZXNzIiwiaWF0IjoxNzQ1ODk0NTA1LCJleHAiOjE3NDU4OTc1MDV9.eISdy6EfP-A7WM_M-51geY8-UEUrXeobEbHo-IEcwug","cache-control":"no-cache","connection":"keep-alive","content-length":"120","content-type":"application/json","host":"localhost:3001","postman-token":"6a45aab5-fbe6-4f27-a490-7e608cc1679c","user-agent":"PostmanRuntime/7.43.3"},"ip":"::ffff:192.168.65.1","method":"POST","path":"/"},"event":"인증/인가 실패","level":"warn","message":"보안 이벤트","timestamp":"2025-04-29T04:41:12.216Z","userId":"unknown"}
{"context":"HttpExceptionFilter","level":"error","message":"[예외] POST / 401 - Bearer 토큰 검증 실패","timestamp":"2025-04-29 04:41:12","trace":"UnauthorizedException: Bearer 토큰 검증 실패\n    at MiddlewareHost.bearerTokenValidate (/app/src/auth/middleware/tokenAuthanticator.middleware.ts:154:13)\n    at process.processTicksAndRejections (node:internal/process/task_queues:95:5)\n    at async MiddlewareHost.use (/app/src/auth/middleware/tokenAuthanticator.middleware.ts:34:31)\n    at async /app/node_modules/.pnpm/@nestjs+core@10.4.17_@nestjs+common@10.4.17_class-transformer@0.5.1_class-validator@0.1_eae1b69253770746a482487d36064dac/node_modules/@nestjs/core/router/router-proxy.js:9:17"}
{"details":{"headers":{"accept":"*/*","accept-encoding":"gzip, deflate, br","authorization":"Bearer eyJhbGciOiJIUzI1NiIsInR5cCI6IkpXVCJ9.eyJzdWIiOjEwLCJyb2xlIjoxLCJ0eXBlIjoiYWNjZXNzIiwiaWF0IjoxNzQ1ODk0NTA1LCJleHAiOjE3NDU4OTc1MDV9.eISdy6EfP-A7WM_M-51geY8-UEUrXeobEbHo-IEcwug","cache-control":"no-cache","connection":"keep-alive","content-length":"120","content-type":"application/json","host":"localhost:3001","postman-token":"7dbcb2de-a8b1-4f2a-9ee6-2696197080c1","user-agent":"PostmanRuntime/7.43.3"},"ip":"::ffff:192.168.65.1","method":"POST","path":"/"},"event":"인증/인가 실패","level":"warn","message":"보안 이벤트","timestamp":"2025-04-29T04:41:12.990Z","userId":"unknown"}
{"context":"HttpExceptionFilter","level":"error","message":"[예외] POST / 401 - Bearer 토큰 검증 실패","timestamp":"2025-04-29 04:41:13","trace":"UnauthorizedException: Bearer 토큰 검증 실패\n    at MiddlewareHost.bearerTokenValidate (/app/src/auth/middleware/tokenAuthanticator.middleware.ts:154:13)\n    at process.processTicksAndRejections (node:internal/process/task_queues:95:5)\n    at async MiddlewareHost.use (/app/src/auth/middleware/tokenAuthanticator.middleware.ts:34:31)\n    at async /app/node_modules/.pnpm/@nestjs+core@10.4.17_@nestjs+common@10.4.17_class-transformer@0.5.1_class-validator@0.1_eae1b69253770746a482487d36064dac/node_modules/@nestjs/core/router/router-proxy.js:9:17"}
{"details":{"headers":{"accept":"*/*","accept-encoding":"gzip, deflate, br","authorization":"Bearer eyJhbGciOiJIUzI1NiIsInR5cCI6IkpXVCJ9.eyJzdWIiOjEwLCJyb2xlIjoxLCJ0eXBlIjoiYWNjZXNzIiwiaWF0IjoxNzQ1ODk0NTA1LCJleHAiOjE3NDU4OTc1MDV9.eISdy6EfP-A7WM_M-51geY8-UEUrXeobEbHo-IEcwug","cache-control":"no-cache","connection":"keep-alive","content-length":"120","content-type":"application/json","host":"localhost:3001","postman-token":"296ba2c6-f66c-4c6a-9837-012cbe276487","user-agent":"PostmanRuntime/7.43.3"},"ip":"::ffff:192.168.65.1","method":"POST","path":"/"},"event":"인증/인가 실패","level":"warn","message":"보안 이벤트","timestamp":"2025-04-29T04:41:13.636Z","userId":"unknown"}
{"context":"HttpExceptionFilter","level":"error","message":"[예외] POST / 401 - Bearer 토큰 검증 실패","timestamp":"2025-04-29 04:41:14","trace":"UnauthorizedException: Bearer 토큰 검증 실패\n    at MiddlewareHost.bearerTokenValidate (/app/src/auth/middleware/tokenAuthanticator.middleware.ts:154:13)\n    at process.processTicksAndRejections (node:internal/process/task_queues:95:5)\n    at async MiddlewareHost.use (/app/src/auth/middleware/tokenAuthanticator.middleware.ts:34:31)\n    at async /app/node_modules/.pnpm/@nestjs+core@10.4.17_@nestjs+common@10.4.17_class-transformer@0.5.1_class-validator@0.1_eae1b69253770746a482487d36064dac/node_modules/@nestjs/core/router/router-proxy.js:9:17"}
{"details":{"headers":{"accept":"*/*","accept-encoding":"gzip, deflate, br","authorization":"Bearer eyJhbGciOiJIUzI1NiIsInR5cCI6IkpXVCJ9.eyJzdWIiOjEwLCJyb2xlIjoxLCJ0eXBlIjoiYWNjZXNzIiwiaWF0IjoxNzQ1ODk0NTA1LCJleHAiOjE3NDU4OTc1MDV9.eISdy6EfP-A7WM_M-51geY8-UEUrXeobEbHo-IEcwug","cache-control":"no-cache","connection":"keep-alive","content-length":"120","content-type":"application/json","host":"localhost:3001","postman-token":"a66ce6c3-2e48-45e0-ae6e-022f4d65a79b","user-agent":"PostmanRuntime/7.43.3"},"ip":"::ffff:192.168.65.1","method":"POST","path":"/"},"event":"인증/인가 실패","level":"warn","message":"보안 이벤트","timestamp":"2025-04-29T04:41:14.288Z","userId":"unknown"}
{"context":"NestFactory","level":"info","message":"Starting Nest application...","timestamp":"2025-04-29 04:43:21"}
{"context":"InstanceLoader","level":"info","message":"TypeOrmModule dependencies initialized","timestamp":"2025-04-29 04:43:21"}
{"context":"InstanceLoader","level":"info","message":"JwtModule dependencies initialized","timestamp":"2025-04-29 04:43:21"}
{"context":"InstanceLoader","level":"info","message":"ConfigHostModule dependencies initialized","timestamp":"2025-04-29 04:43:21"}
{"context":"InstanceLoader","level":"info","message":"DiscoveryModule dependencies initialized","timestamp":"2025-04-29 04:43:21"}
{"context":"InstanceLoader","level":"info","message":"ConfigModule dependencies initialized","timestamp":"2025-04-29 04:43:21"}
{"context":"InstanceLoader","level":"info","message":"ConfigModule dependencies initialized","timestamp":"2025-04-29 04:43:21"}
{"context":"InstanceLoader","level":"info","message":"ScheduleModule dependencies initialized","timestamp":"2025-04-29 04:43:21"}
{"context":"InstanceLoader","level":"info","message":"LoggerModule dependencies initialized","timestamp":"2025-04-29 04:43:21"}
{"context":"InstanceLoader","level":"info","message":"WinstonModule dependencies initialized","timestamp":"2025-04-29 04:43:21"}
{"context":"InstanceLoader","level":"info","message":"TypeOrmCoreModule dependencies initialized","timestamp":"2025-04-29 04:43:21"}
{"context":"InstanceLoader","level":"info","message":"TypeOrmModule dependencies initialized","timestamp":"2025-04-29 04:43:21"}
{"context":"InstanceLoader","level":"info","message":"TypeOrmModule dependencies initialized","timestamp":"2025-04-29 04:43:21"}
{"context":"InstanceLoader","level":"info","message":"TypeOrmModule dependencies initialized","timestamp":"2025-04-29 04:43:21"}
{"context":"InstanceLoader","level":"info","message":"TypeOrmModule dependencies initialized","timestamp":"2025-04-29 04:43:21"}
{"context":"InstanceLoader","level":"info","message":"TypeOrmModule dependencies initialized","timestamp":"2025-04-29 04:43:21"}
{"context":"InstanceLoader","level":"info","message":"TypeOrmModule dependencies initialized","timestamp":"2025-04-29 04:43:21"}
{"context":"InstanceLoader","level":"info","message":"TypeOrmModule dependencies initialized","timestamp":"2025-04-29 04:43:21"}
{"context":"InstanceLoader","level":"info","message":"AppModule dependencies initialized","timestamp":"2025-04-29 04:43:21"}
{"context":"InstanceLoader","level":"info","message":"CommonModule dependencies initialized","timestamp":"2025-04-29 04:43:21"}
{"context":"InstanceLoader","level":"info","message":"AuthModule dependencies initialized","timestamp":"2025-04-29 04:43:21"}
{"context":"InstanceLoader","level":"info","message":"UserModule dependencies initialized","timestamp":"2025-04-29 04:43:21"}
{"context":"InstanceLoader","level":"info","message":"StoreModule dependencies initialized","timestamp":"2025-04-29 04:43:21"}
{"context":"InstanceLoader","level":"info","message":"OwnerModule dependencies initialized","timestamp":"2025-04-29 04:43:21"}
{"context":"InstanceLoader","level":"info","message":"ItemModule dependencies initialized","timestamp":"2025-04-29 04:43:21"}
{"context":"InstanceLoader","level":"info","message":"LogisticsModule dependencies initialized","timestamp":"2025-04-29 04:43:21"}
{"context":"InstanceLoader","level":"info","message":"OrderModule dependencies initialized","timestamp":"2025-04-29 04:43:21"}
{"context":"RoutesResolver","level":"info","message":"UserController {/user}:","timestamp":"2025-04-29 04:43:21"}
{"context":"RouterExplorer","level":"info","message":"Mapped {/user, POST} route","timestamp":"2025-04-29 04:43:21"}
{"context":"RouterExplorer","level":"info","message":"Mapped {/user, GET} route","timestamp":"2025-04-29 04:43:21"}
{"context":"RouterExplorer","level":"info","message":"Mapped {/user/:id, GET} route","timestamp":"2025-04-29 04:43:21"}
{"context":"RouterExplorer","level":"info","message":"Mapped {/user/:id, PATCH} route","timestamp":"2025-04-29 04:43:21"}
{"context":"RouterExplorer","level":"info","message":"Mapped {/user/:id, DELETE} route","timestamp":"2025-04-29 04:43:21"}
{"context":"RoutesResolver","level":"info","message":"AuthController {/auth}:","timestamp":"2025-04-29 04:43:21"}
{"context":"RouterExplorer","level":"info","message":"Mapped {/auth/login, POST} route","timestamp":"2025-04-29 04:43:21"}
{"context":"RouterExplorer","level":"info","message":"Mapped {/auth/token/newToken, POST} route","timestamp":"2025-04-29 04:43:21"}
{"context":"RoutesResolver","level":"info","message":"StoreController {/store}:","timestamp":"2025-04-29 04:43:21"}
{"context":"RouterExplorer","level":"info","message":"Mapped {/store, POST} route","timestamp":"2025-04-29 04:43:21"}
{"context":"RouterExplorer","level":"info","message":"Mapped {/store, GET} route","timestamp":"2025-04-29 04:43:21"}
{"context":"RouterExplorer","level":"info","message":"Mapped {/store/:id, GET} route","timestamp":"2025-04-29 04:43:21"}
{"context":"RouterExplorer","level":"info","message":"Mapped {/store/:id, PATCH} route","timestamp":"2025-04-29 04:43:21"}
{"context":"RouterExplorer","level":"info","message":"Mapped {/store/:id, DELETE} route","timestamp":"2025-04-29 04:43:21"}
{"context":"RouterExplorer","level":"info","message":"Mapped {/store/warehouse, POST} route","timestamp":"2025-04-29 04:43:21"}
{"context":"RoutesResolver","level":"info","message":"OwnerController {/owner}:","timestamp":"2025-04-29 04:43:21"}
{"context":"RouterExplorer","level":"info","message":"Mapped {/owner, POST} route","timestamp":"2025-04-29 04:43:21"}
{"context":"RouterExplorer","level":"info","message":"Mapped {/owner, GET} route","timestamp":"2025-04-29 04:43:21"}
{"context":"RouterExplorer","level":"info","message":"Mapped {/owner/:id, GET} route","timestamp":"2025-04-29 04:43:21"}
{"context":"RouterExplorer","level":"info","message":"Mapped {/owner/:id, PATCH} route","timestamp":"2025-04-29 04:43:21"}
{"context":"RouterExplorer","level":"info","message":"Mapped {/owner/:id, DELETE} route","timestamp":"2025-04-29 04:43:21"}
{"context":"RoutesResolver","level":"info","message":"ItemController {/item}:","timestamp":"2025-04-29 04:43:21"}
{"context":"RouterExplorer","level":"info","message":"Mapped {/item, POST} route","timestamp":"2025-04-29 04:43:21"}
{"context":"RouterExplorer","level":"info","message":"Mapped {/item, GET} route","timestamp":"2025-04-29 04:43:21"}
{"context":"RouterExplorer","level":"info","message":"Mapped {/item/:id, GET} route","timestamp":"2025-04-29 04:43:21"}
{"context":"RouterExplorer","level":"info","message":"Mapped {/item/:id, PATCH} route","timestamp":"2025-04-29 04:43:21"}
{"context":"RouterExplorer","level":"info","message":"Mapped {/item/:id, DELETE} route","timestamp":"2025-04-29 04:43:21"}
{"context":"RouterExplorer","level":"info","message":"Mapped {/item/logistics, POST} route","timestamp":"2025-04-29 04:43:21"}
{"context":"RoutesResolver","level":"info","message":"LogisticsController {/logistics}:","timestamp":"2025-04-29 04:43:21"}
{"context":"RouterExplorer","level":"info","message":"Mapped {/logistics, POST} route","timestamp":"2025-04-29 04:43:21"}
{"context":"RouterExplorer","level":"info","message":"Mapped {/logistics, GET} route","timestamp":"2025-04-29 04:43:21"}
{"context":"RouterExplorer","level":"info","message":"Mapped {/logistics/:id, GET} route","timestamp":"2025-04-29 04:43:21"}
{"context":"RouterExplorer","level":"info","message":"Mapped {/logistics/:id, PATCH} route","timestamp":"2025-04-29 04:43:21"}
{"context":"RouterExplorer","level":"info","message":"Mapped {/logistics/:id, DELETE} route","timestamp":"2025-04-29 04:43:21"}
{"context":"RouterExplorer","level":"info","message":"Mapped {/logistics/warehouse/:id, GET} route","timestamp":"2025-04-29 04:43:21"}
{"context":"RouterExplorer","level":"info","message":"Mapped {/logistics/warehouse/:id, POST} route","timestamp":"2025-04-29 04:43:21"}
{"context":"RoutesResolver","level":"info","message":"OrderController {/order}:","timestamp":"2025-04-29 04:43:21"}
{"context":"RouterExplorer","level":"info","message":"Mapped {/order, POST} route","timestamp":"2025-04-29 04:43:21"}
{"context":"RouterExplorer","level":"info","message":"Mapped {/order, GET} route","timestamp":"2025-04-29 04:43:21"}
{"context":"RouterExplorer","level":"info","message":"Mapped {/order/:id, GET} route","timestamp":"2025-04-29 04:43:21"}
{"context":"RouterExplorer","level":"info","message":"Mapped {/order/:id, PATCH} route","timestamp":"2025-04-29 04:43:21"}
{"context":"RouterExplorer","level":"info","message":"Mapped {/order/:id, DELETE} route","timestamp":"2025-04-29 04:43:21"}
{"context":"RouterExplorer","level":"info","message":"Mapped {/order/batch/update-status, POST} route","timestamp":"2025-04-29 04:43:21"}
{"context":"NestApplication","level":"info","message":"Nest application successfully started","timestamp":"2025-04-29 04:43:21"}
{"context":"Bootstrap","level":"info","message":"애플리케이션이 3001 포트에서 시작되었습니다","timestamp":"2025-04-29 04:43:21"}
{"context":"NestFactory","level":"info","message":"Starting Nest application...","timestamp":"2025-04-29 04:44:19"}
{"context":"InstanceLoader","level":"info","message":"TypeOrmModule dependencies initialized","timestamp":"2025-04-29 04:44:19"}
{"context":"InstanceLoader","level":"info","message":"JwtModule dependencies initialized","timestamp":"2025-04-29 04:44:19"}
{"context":"InstanceLoader","level":"info","message":"ConfigHostModule dependencies initialized","timestamp":"2025-04-29 04:44:19"}
{"context":"InstanceLoader","level":"info","message":"DiscoveryModule dependencies initialized","timestamp":"2025-04-29 04:44:19"}
{"context":"InstanceLoader","level":"info","message":"ConfigModule dependencies initialized","timestamp":"2025-04-29 04:44:19"}
{"context":"InstanceLoader","level":"info","message":"ConfigModule dependencies initialized","timestamp":"2025-04-29 04:44:19"}
{"context":"InstanceLoader","level":"info","message":"ScheduleModule dependencies initialized","timestamp":"2025-04-29 04:44:19"}
{"context":"InstanceLoader","level":"info","message":"LoggerModule dependencies initialized","timestamp":"2025-04-29 04:44:19"}
{"context":"InstanceLoader","level":"info","message":"WinstonModule dependencies initialized","timestamp":"2025-04-29 04:44:19"}
{"context":"InstanceLoader","level":"info","message":"TypeOrmCoreModule dependencies initialized","timestamp":"2025-04-29 04:44:19"}
{"context":"InstanceLoader","level":"info","message":"TypeOrmModule dependencies initialized","timestamp":"2025-04-29 04:44:19"}
{"context":"InstanceLoader","level":"info","message":"TypeOrmModule dependencies initialized","timestamp":"2025-04-29 04:44:19"}
{"context":"InstanceLoader","level":"info","message":"TypeOrmModule dependencies initialized","timestamp":"2025-04-29 04:44:19"}
{"context":"InstanceLoader","level":"info","message":"TypeOrmModule dependencies initialized","timestamp":"2025-04-29 04:44:19"}
{"context":"InstanceLoader","level":"info","message":"TypeOrmModule dependencies initialized","timestamp":"2025-04-29 04:44:19"}
{"context":"InstanceLoader","level":"info","message":"TypeOrmModule dependencies initialized","timestamp":"2025-04-29 04:44:19"}
{"context":"InstanceLoader","level":"info","message":"TypeOrmModule dependencies initialized","timestamp":"2025-04-29 04:44:19"}
{"context":"InstanceLoader","level":"info","message":"AppModule dependencies initialized","timestamp":"2025-04-29 04:44:19"}
{"context":"InstanceLoader","level":"info","message":"CommonModule dependencies initialized","timestamp":"2025-04-29 04:44:19"}
{"context":"InstanceLoader","level":"info","message":"AuthModule dependencies initialized","timestamp":"2025-04-29 04:44:19"}
{"context":"InstanceLoader","level":"info","message":"UserModule dependencies initialized","timestamp":"2025-04-29 04:44:19"}
{"context":"InstanceLoader","level":"info","message":"StoreModule dependencies initialized","timestamp":"2025-04-29 04:44:19"}
{"context":"InstanceLoader","level":"info","message":"OwnerModule dependencies initialized","timestamp":"2025-04-29 04:44:19"}
{"context":"InstanceLoader","level":"info","message":"ItemModule dependencies initialized","timestamp":"2025-04-29 04:44:19"}
{"context":"InstanceLoader","level":"info","message":"LogisticsModule dependencies initialized","timestamp":"2025-04-29 04:44:19"}
{"context":"InstanceLoader","level":"info","message":"OrderModule dependencies initialized","timestamp":"2025-04-29 04:44:19"}
{"context":"RoutesResolver","level":"info","message":"UserController {/user}:","timestamp":"2025-04-29 04:44:19"}
{"context":"RouterExplorer","level":"info","message":"Mapped {/user, POST} route","timestamp":"2025-04-29 04:44:19"}
{"context":"RouterExplorer","level":"info","message":"Mapped {/user, GET} route","timestamp":"2025-04-29 04:44:19"}
{"context":"RouterExplorer","level":"info","message":"Mapped {/user/:id, GET} route","timestamp":"2025-04-29 04:44:19"}
{"context":"RouterExplorer","level":"info","message":"Mapped {/user/:id, PATCH} route","timestamp":"2025-04-29 04:44:19"}
{"context":"RouterExplorer","level":"info","message":"Mapped {/user/:id, DELETE} route","timestamp":"2025-04-29 04:44:19"}
{"context":"RoutesResolver","level":"info","message":"AuthController {/auth}:","timestamp":"2025-04-29 04:44:19"}
{"context":"RouterExplorer","level":"info","message":"Mapped {/auth/login, POST} route","timestamp":"2025-04-29 04:44:19"}
{"context":"RouterExplorer","level":"info","message":"Mapped {/auth/token/newToken, POST} route","timestamp":"2025-04-29 04:44:19"}
{"context":"RoutesResolver","level":"info","message":"StoreController {/store}:","timestamp":"2025-04-29 04:44:19"}
{"context":"RouterExplorer","level":"info","message":"Mapped {/store, POST} route","timestamp":"2025-04-29 04:44:19"}
{"context":"RouterExplorer","level":"info","message":"Mapped {/store, GET} route","timestamp":"2025-04-29 04:44:19"}
{"context":"RouterExplorer","level":"info","message":"Mapped {/store/:id, GET} route","timestamp":"2025-04-29 04:44:19"}
{"context":"RouterExplorer","level":"info","message":"Mapped {/store/:id, PATCH} route","timestamp":"2025-04-29 04:44:19"}
{"context":"RouterExplorer","level":"info","message":"Mapped {/store/:id, DELETE} route","timestamp":"2025-04-29 04:44:19"}
{"context":"RouterExplorer","level":"info","message":"Mapped {/store/warehouse, POST} route","timestamp":"2025-04-29 04:44:19"}
{"context":"RoutesResolver","level":"info","message":"OwnerController {/owner}:","timestamp":"2025-04-29 04:44:19"}
{"context":"RouterExplorer","level":"info","message":"Mapped {/owner, POST} route","timestamp":"2025-04-29 04:44:19"}
{"context":"RouterExplorer","level":"info","message":"Mapped {/owner, GET} route","timestamp":"2025-04-29 04:44:19"}
{"context":"RouterExplorer","level":"info","message":"Mapped {/owner/:id, GET} route","timestamp":"2025-04-29 04:44:19"}
{"context":"RouterExplorer","level":"info","message":"Mapped {/owner/:id, PATCH} route","timestamp":"2025-04-29 04:44:19"}
{"context":"RouterExplorer","level":"info","message":"Mapped {/owner/:id, DELETE} route","timestamp":"2025-04-29 04:44:19"}
{"context":"RoutesResolver","level":"info","message":"ItemController {/item}:","timestamp":"2025-04-29 04:44:19"}
{"context":"RouterExplorer","level":"info","message":"Mapped {/item, POST} route","timestamp":"2025-04-29 04:44:19"}
{"context":"RouterExplorer","level":"info","message":"Mapped {/item, GET} route","timestamp":"2025-04-29 04:44:19"}
{"context":"RouterExplorer","level":"info","message":"Mapped {/item/:id, GET} route","timestamp":"2025-04-29 04:44:19"}
{"context":"RouterExplorer","level":"info","message":"Mapped {/item/:id, PATCH} route","timestamp":"2025-04-29 04:44:19"}
{"context":"RouterExplorer","level":"info","message":"Mapped {/item/:id, DELETE} route","timestamp":"2025-04-29 04:44:19"}
{"context":"RouterExplorer","level":"info","message":"Mapped {/item/logistics, POST} route","timestamp":"2025-04-29 04:44:19"}
{"context":"RoutesResolver","level":"info","message":"LogisticsController {/logistics}:","timestamp":"2025-04-29 04:44:19"}
{"context":"RouterExplorer","level":"info","message":"Mapped {/logistics, POST} route","timestamp":"2025-04-29 04:44:19"}
{"context":"RouterExplorer","level":"info","message":"Mapped {/logistics, GET} route","timestamp":"2025-04-29 04:44:19"}
{"context":"RouterExplorer","level":"info","message":"Mapped {/logistics/:id, GET} route","timestamp":"2025-04-29 04:44:19"}
{"context":"RouterExplorer","level":"info","message":"Mapped {/logistics/:id, PATCH} route","timestamp":"2025-04-29 04:44:19"}
{"context":"RouterExplorer","level":"info","message":"Mapped {/logistics/:id, DELETE} route","timestamp":"2025-04-29 04:44:19"}
{"context":"RouterExplorer","level":"info","message":"Mapped {/logistics/warehouse/:id, GET} route","timestamp":"2025-04-29 04:44:19"}
{"context":"RouterExplorer","level":"info","message":"Mapped {/logistics/warehouse/:id, POST} route","timestamp":"2025-04-29 04:44:19"}
{"context":"RoutesResolver","level":"info","message":"OrderController {/order}:","timestamp":"2025-04-29 04:44:19"}
{"context":"RouterExplorer","level":"info","message":"Mapped {/order, POST} route","timestamp":"2025-04-29 04:44:19"}
{"context":"RouterExplorer","level":"info","message":"Mapped {/order, GET} route","timestamp":"2025-04-29 04:44:19"}
{"context":"RouterExplorer","level":"info","message":"Mapped {/order/:id, GET} route","timestamp":"2025-04-29 04:44:19"}
{"context":"RouterExplorer","level":"info","message":"Mapped {/order/:id, PATCH} route","timestamp":"2025-04-29 04:44:19"}
{"context":"RouterExplorer","level":"info","message":"Mapped {/order/:id, DELETE} route","timestamp":"2025-04-29 04:44:19"}
{"context":"RouterExplorer","level":"info","message":"Mapped {/order/batch/update-status, POST} route","timestamp":"2025-04-29 04:44:19"}
{"context":"NestApplication","level":"info","message":"Nest application successfully started","timestamp":"2025-04-29 04:44:19"}
{"context":"Bootstrap","level":"info","message":"애플리케이션이 3001 포트에서 시작되었습니다","timestamp":"2025-04-29 04:44:19"}
{"context":"HttpExceptionFilter","level":"error","message":"[예외] POST / 401 - Bearer 토큰 검증 실패","timestamp":"2025-04-29 04:44:31","trace":"UnauthorizedException: Bearer 토큰 검증 실패\n    at MiddlewareHost.bearerTokenValidate (/app/src/auth/middleware/tokenAuthanticator.middleware.ts:154:13)\n    at process.processTicksAndRejections (node:internal/process/task_queues:95:5)\n    at async MiddlewareHost.use (/app/src/auth/middleware/tokenAuthanticator.middleware.ts:34:31)\n    at async /app/node_modules/.pnpm/@nestjs+core@10.4.17_@nestjs+common@10.4.17_class-transformer@0.5.1_class-validator@0.1_eae1b69253770746a482487d36064dac/node_modules/@nestjs/core/router/router-proxy.js:9:17"}
{"details":{"headers":{"accept":"*/*","accept-encoding":"gzip, deflate, br","authorization":"Bearer eyJhbGciOiJIUzI1NiIsInR5cCI6IkpXVCJ9.eyJzdWIiOjEwLCJyb2xlIjoxLCJ0eXBlIjoiYWNjZXNzIiwiaWF0IjoxNzQ1ODk0NTA1LCJleHAiOjE3NDU4OTc1MDV9.eISdy6EfP-A7WM_M-51geY8-UEUrXeobEbHo-IEcwug","cache-control":"no-cache","connection":"keep-alive","content-length":"120","content-type":"application/json","host":"localhost:3001","postman-token":"b3be182b-6e89-45a1-ae52-1781a5c0b18d","user-agent":"PostmanRuntime/7.43.3"},"ip":"::ffff:192.168.65.1","method":"POST","path":"/"},"event":"인증/인가 실패","level":"warn","message":"보안 이벤트","timestamp":"2025-04-29T04:44:31.070Z","userId":"unknown"}
{"context":"HttpExceptionFilter","level":"error","message":"[예외] POST / 401 - Bearer 토큰 검증 실패","timestamp":"2025-04-29 04:44:32","trace":"UnauthorizedException: Bearer 토큰 검증 실패\n    at MiddlewareHost.bearerTokenValidate (/app/src/auth/middleware/tokenAuthanticator.middleware.ts:154:13)\n    at process.processTicksAndRejections (node:internal/process/task_queues:95:5)\n    at async MiddlewareHost.use (/app/src/auth/middleware/tokenAuthanticator.middleware.ts:34:31)\n    at async /app/node_modules/.pnpm/@nestjs+core@10.4.17_@nestjs+common@10.4.17_class-transformer@0.5.1_class-validator@0.1_eae1b69253770746a482487d36064dac/node_modules/@nestjs/core/router/router-proxy.js:9:17"}
{"details":{"headers":{"accept":"*/*","accept-encoding":"gzip, deflate, br","authorization":"Bearer eyJhbGciOiJIUzI1NiIsInR5cCI6IkpXVCJ9.eyJzdWIiOjEwLCJyb2xlIjoxLCJ0eXBlIjoiYWNjZXNzIiwiaWF0IjoxNzQ1ODk0NTA1LCJleHAiOjE3NDU4OTc1MDV9.eISdy6EfP-A7WM_M-51geY8-UEUrXeobEbHo-IEcwug","cache-control":"no-cache","connection":"keep-alive","content-length":"120","content-type":"application/json","host":"localhost:3001","postman-token":"edaa2f53-1ae8-488d-8570-7a61ad57e299","user-agent":"PostmanRuntime/7.43.3"},"ip":"::ffff:192.168.65.1","method":"POST","path":"/"},"event":"인증/인가 실패","level":"warn","message":"보안 이벤트","timestamp":"2025-04-29T04:44:32.105Z","userId":"unknown"}
{"context":"HttpExceptionFilter","level":"error","message":"[예외] POST / 401 - Bearer 토큰 검증 실패","timestamp":"2025-04-29 04:44:33","trace":"UnauthorizedException: Bearer 토큰 검증 실패\n    at MiddlewareHost.bearerTokenValidate (/app/src/auth/middleware/tokenAuthanticator.middleware.ts:154:13)\n    at process.processTicksAndRejections (node:internal/process/task_queues:95:5)\n    at async MiddlewareHost.use (/app/src/auth/middleware/tokenAuthanticator.middleware.ts:34:31)\n    at async /app/node_modules/.pnpm/@nestjs+core@10.4.17_@nestjs+common@10.4.17_class-transformer@0.5.1_class-validator@0.1_eae1b69253770746a482487d36064dac/node_modules/@nestjs/core/router/router-proxy.js:9:17"}
{"details":{"headers":{"accept":"*/*","accept-encoding":"gzip, deflate, br","authorization":"Bearer eyJhbGciOiJIUzI1NiIsInR5cCI6IkpXVCJ9.eyJzdWIiOjEwLCJyb2xlIjoxLCJ0eXBlIjoiYWNjZXNzIiwiaWF0IjoxNzQ1ODk0NTA1LCJleHAiOjE3NDU4OTc1MDV9.eISdy6EfP-A7WM_M-51geY8-UEUrXeobEbHo-IEcwug","cache-control":"no-cache","connection":"keep-alive","content-length":"120","content-type":"application/json","host":"localhost:3001","postman-token":"14d4c8cc-a1c8-4dc6-96af-434d0a3be008","user-agent":"PostmanRuntime/7.43.3"},"ip":"::ffff:192.168.65.1","method":"POST","path":"/"},"event":"인증/인가 실패","level":"warn","message":"보안 이벤트","timestamp":"2025-04-29T04:44:33.094Z","userId":"unknown"}
{"context":"NestFactory","level":"info","message":"Starting Nest application...","timestamp":"2025-04-29 04:45:36"}
{"context":"InstanceLoader","level":"info","message":"TypeOrmModule dependencies initialized","timestamp":"2025-04-29 04:45:36"}
{"context":"InstanceLoader","level":"info","message":"JwtModule dependencies initialized","timestamp":"2025-04-29 04:45:36"}
{"context":"InstanceLoader","level":"info","message":"ConfigHostModule dependencies initialized","timestamp":"2025-04-29 04:45:36"}
{"context":"InstanceLoader","level":"info","message":"DiscoveryModule dependencies initialized","timestamp":"2025-04-29 04:45:36"}
{"context":"InstanceLoader","level":"info","message":"ConfigModule dependencies initialized","timestamp":"2025-04-29 04:45:36"}
{"context":"InstanceLoader","level":"info","message":"ConfigModule dependencies initialized","timestamp":"2025-04-29 04:45:36"}
{"context":"InstanceLoader","level":"info","message":"ScheduleModule dependencies initialized","timestamp":"2025-04-29 04:45:36"}
{"context":"InstanceLoader","level":"info","message":"LoggerModule dependencies initialized","timestamp":"2025-04-29 04:45:36"}
{"context":"InstanceLoader","level":"info","message":"WinstonModule dependencies initialized","timestamp":"2025-04-29 04:45:36"}
{"context":"InstanceLoader","level":"info","message":"TypeOrmCoreModule dependencies initialized","timestamp":"2025-04-29 04:45:36"}
{"context":"InstanceLoader","level":"info","message":"TypeOrmModule dependencies initialized","timestamp":"2025-04-29 04:45:36"}
{"context":"InstanceLoader","level":"info","message":"TypeOrmModule dependencies initialized","timestamp":"2025-04-29 04:45:36"}
{"context":"InstanceLoader","level":"info","message":"TypeOrmModule dependencies initialized","timestamp":"2025-04-29 04:45:36"}
{"context":"InstanceLoader","level":"info","message":"TypeOrmModule dependencies initialized","timestamp":"2025-04-29 04:45:36"}
{"context":"InstanceLoader","level":"info","message":"TypeOrmModule dependencies initialized","timestamp":"2025-04-29 04:45:36"}
{"context":"InstanceLoader","level":"info","message":"TypeOrmModule dependencies initialized","timestamp":"2025-04-29 04:45:36"}
{"context":"InstanceLoader","level":"info","message":"TypeOrmModule dependencies initialized","timestamp":"2025-04-29 04:45:36"}
{"context":"InstanceLoader","level":"info","message":"AppModule dependencies initialized","timestamp":"2025-04-29 04:45:36"}
{"context":"InstanceLoader","level":"info","message":"CommonModule dependencies initialized","timestamp":"2025-04-29 04:45:36"}
{"context":"InstanceLoader","level":"info","message":"AuthModule dependencies initialized","timestamp":"2025-04-29 04:45:36"}
{"context":"InstanceLoader","level":"info","message":"UserModule dependencies initialized","timestamp":"2025-04-29 04:45:36"}
{"context":"InstanceLoader","level":"info","message":"StoreModule dependencies initialized","timestamp":"2025-04-29 04:45:36"}
{"context":"InstanceLoader","level":"info","message":"OwnerModule dependencies initialized","timestamp":"2025-04-29 04:45:36"}
{"context":"InstanceLoader","level":"info","message":"ItemModule dependencies initialized","timestamp":"2025-04-29 04:45:36"}
{"context":"InstanceLoader","level":"info","message":"LogisticsModule dependencies initialized","timestamp":"2025-04-29 04:45:36"}
{"context":"InstanceLoader","level":"info","message":"OrderModule dependencies initialized","timestamp":"2025-04-29 04:45:36"}
{"context":"RoutesResolver","level":"info","message":"UserController {/user}:","timestamp":"2025-04-29 04:45:36"}
{"context":"RouterExplorer","level":"info","message":"Mapped {/user, POST} route","timestamp":"2025-04-29 04:45:36"}
{"context":"RouterExplorer","level":"info","message":"Mapped {/user, GET} route","timestamp":"2025-04-29 04:45:36"}
{"context":"RouterExplorer","level":"info","message":"Mapped {/user/:id, GET} route","timestamp":"2025-04-29 04:45:36"}
{"context":"RouterExplorer","level":"info","message":"Mapped {/user/:id, PATCH} route","timestamp":"2025-04-29 04:45:36"}
{"context":"RouterExplorer","level":"info","message":"Mapped {/user/:id, DELETE} route","timestamp":"2025-04-29 04:45:36"}
{"context":"RoutesResolver","level":"info","message":"AuthController {/auth}:","timestamp":"2025-04-29 04:45:36"}
{"context":"RouterExplorer","level":"info","message":"Mapped {/auth/login, POST} route","timestamp":"2025-04-29 04:45:36"}
{"context":"RouterExplorer","level":"info","message":"Mapped {/auth/token/newToken, POST} route","timestamp":"2025-04-29 04:45:36"}
{"context":"RoutesResolver","level":"info","message":"StoreController {/store}:","timestamp":"2025-04-29 04:45:36"}
{"context":"RouterExplorer","level":"info","message":"Mapped {/store, POST} route","timestamp":"2025-04-29 04:45:36"}
{"context":"RouterExplorer","level":"info","message":"Mapped {/store, GET} route","timestamp":"2025-04-29 04:45:36"}
{"context":"RouterExplorer","level":"info","message":"Mapped {/store/:id, GET} route","timestamp":"2025-04-29 04:45:36"}
{"context":"RouterExplorer","level":"info","message":"Mapped {/store/:id, PATCH} route","timestamp":"2025-04-29 04:45:36"}
{"context":"RouterExplorer","level":"info","message":"Mapped {/store/:id, DELETE} route","timestamp":"2025-04-29 04:45:36"}
{"context":"RouterExplorer","level":"info","message":"Mapped {/store/warehouse, POST} route","timestamp":"2025-04-29 04:45:36"}
{"context":"RoutesResolver","level":"info","message":"OwnerController {/owner}:","timestamp":"2025-04-29 04:45:36"}
{"context":"RouterExplorer","level":"info","message":"Mapped {/owner, POST} route","timestamp":"2025-04-29 04:45:36"}
{"context":"RouterExplorer","level":"info","message":"Mapped {/owner, GET} route","timestamp":"2025-04-29 04:45:36"}
{"context":"RouterExplorer","level":"info","message":"Mapped {/owner/:id, GET} route","timestamp":"2025-04-29 04:45:36"}
{"context":"RouterExplorer","level":"info","message":"Mapped {/owner/:id, PATCH} route","timestamp":"2025-04-29 04:45:36"}
{"context":"RouterExplorer","level":"info","message":"Mapped {/owner/:id, DELETE} route","timestamp":"2025-04-29 04:45:36"}
{"context":"RoutesResolver","level":"info","message":"ItemController {/item}:","timestamp":"2025-04-29 04:45:36"}
{"context":"RouterExplorer","level":"info","message":"Mapped {/item, POST} route","timestamp":"2025-04-29 04:45:36"}
{"context":"RouterExplorer","level":"info","message":"Mapped {/item, GET} route","timestamp":"2025-04-29 04:45:36"}
{"context":"RouterExplorer","level":"info","message":"Mapped {/item/:id, GET} route","timestamp":"2025-04-29 04:45:36"}
{"context":"RouterExplorer","level":"info","message":"Mapped {/item/:id, PATCH} route","timestamp":"2025-04-29 04:45:36"}
{"context":"RouterExplorer","level":"info","message":"Mapped {/item/:id, DELETE} route","timestamp":"2025-04-29 04:45:36"}
{"context":"RouterExplorer","level":"info","message":"Mapped {/item/logistics, POST} route","timestamp":"2025-04-29 04:45:36"}
{"context":"RoutesResolver","level":"info","message":"LogisticsController {/logistics}:","timestamp":"2025-04-29 04:45:36"}
{"context":"RouterExplorer","level":"info","message":"Mapped {/logistics, POST} route","timestamp":"2025-04-29 04:45:36"}
{"context":"RouterExplorer","level":"info","message":"Mapped {/logistics, GET} route","timestamp":"2025-04-29 04:45:36"}
{"context":"RouterExplorer","level":"info","message":"Mapped {/logistics/:id, GET} route","timestamp":"2025-04-29 04:45:36"}
{"context":"RouterExplorer","level":"info","message":"Mapped {/logistics/:id, PATCH} route","timestamp":"2025-04-29 04:45:36"}
{"context":"RouterExplorer","level":"info","message":"Mapped {/logistics/:id, DELETE} route","timestamp":"2025-04-29 04:45:36"}
{"context":"RouterExplorer","level":"info","message":"Mapped {/logistics/warehouse/:id, GET} route","timestamp":"2025-04-29 04:45:36"}
{"context":"RouterExplorer","level":"info","message":"Mapped {/logistics/warehouse/:id, POST} route","timestamp":"2025-04-29 04:45:36"}
{"context":"RoutesResolver","level":"info","message":"OrderController {/order}:","timestamp":"2025-04-29 04:45:36"}
{"context":"RouterExplorer","level":"info","message":"Mapped {/order, POST} route","timestamp":"2025-04-29 04:45:36"}
{"context":"RouterExplorer","level":"info","message":"Mapped {/order, GET} route","timestamp":"2025-04-29 04:45:36"}
{"context":"RouterExplorer","level":"info","message":"Mapped {/order/:id, GET} route","timestamp":"2025-04-29 04:45:36"}
{"context":"RouterExplorer","level":"info","message":"Mapped {/order/:id, PATCH} route","timestamp":"2025-04-29 04:45:36"}
{"context":"RouterExplorer","level":"info","message":"Mapped {/order/:id, DELETE} route","timestamp":"2025-04-29 04:45:36"}
{"context":"RouterExplorer","level":"info","message":"Mapped {/order/batch/update-status, POST} route","timestamp":"2025-04-29 04:45:36"}
{"context":"NestApplication","level":"info","message":"Nest application successfully started","timestamp":"2025-04-29 04:45:36"}
{"context":"Bootstrap","level":"info","message":"애플리케이션이 3001 포트에서 시작되었습니다","timestamp":"2025-04-29 04:45:36"}
{"context":"HttpExceptionFilter","level":"error","message":"[예외] POST / 401 - Bearer 토큰 검증 실패","timestamp":"2025-04-29 04:45:42","trace":"UnauthorizedException: Bearer 토큰 검증 실패\n    at MiddlewareHost.bearerTokenValidate (/app/src/auth/middleware/tokenAuthanticator.middleware.ts:154:13)\n    at process.processTicksAndRejections (node:internal/process/task_queues:95:5)\n    at async MiddlewareHost.use (/app/src/auth/middleware/tokenAuthanticator.middleware.ts:34:31)\n    at async /app/node_modules/.pnpm/@nestjs+core@10.4.17_@nestjs+common@10.4.17_class-transformer@0.5.1_class-validator@0.1_eae1b69253770746a482487d36064dac/node_modules/@nestjs/core/router/router-proxy.js:9:17"}
{"details":{"headers":{"accept":"*/*","accept-encoding":"gzip, deflate, br","authorization":"Bearer eyJhbGciOiJIUzI1NiIsInR5cCI6IkpXVCJ9.eyJzdWIiOjEwLCJyb2xlIjoxLCJ0eXBlIjoiYWNjZXNzIiwiaWF0IjoxNzQ1ODk0NTA1LCJleHAiOjE3NDU4OTc1MDV9.eISdy6EfP-A7WM_M-51geY8-UEUrXeobEbHo-IEcwug","cache-control":"no-cache","connection":"keep-alive","content-length":"120","content-type":"application/json","host":"localhost:3001","postman-token":"84d38efc-1113-4816-b6ab-5723585f7a9d","user-agent":"PostmanRuntime/7.43.3"},"ip":"::ffff:192.168.65.1","method":"POST","path":"/"},"event":"인증/인가 실패","level":"warn","message":"보안 이벤트","timestamp":"2025-04-29T04:45:42.937Z","userId":"unknown"}
{"context":"HttpExceptionFilter","level":"error","message":"[예외] POST / 401 - Bearer 토큰 검증 실패","timestamp":"2025-04-29 04:45:43","trace":"UnauthorizedException: Bearer 토큰 검증 실패\n    at MiddlewareHost.bearerTokenValidate (/app/src/auth/middleware/tokenAuthanticator.middleware.ts:154:13)\n    at process.processTicksAndRejections (node:internal/process/task_queues:95:5)\n    at async MiddlewareHost.use (/app/src/auth/middleware/tokenAuthanticator.middleware.ts:34:31)\n    at async /app/node_modules/.pnpm/@nestjs+core@10.4.17_@nestjs+common@10.4.17_class-transformer@0.5.1_class-validator@0.1_eae1b69253770746a482487d36064dac/node_modules/@nestjs/core/router/router-proxy.js:9:17"}
{"details":{"headers":{"accept":"*/*","accept-encoding":"gzip, deflate, br","authorization":"Bearer eyJhbGciOiJIUzI1NiIsInR5cCI6IkpXVCJ9.eyJzdWIiOjEwLCJyb2xlIjoxLCJ0eXBlIjoiYWNjZXNzIiwiaWF0IjoxNzQ1ODk0NTA1LCJleHAiOjE3NDU4OTc1MDV9.eISdy6EfP-A7WM_M-51geY8-UEUrXeobEbHo-IEcwug","cache-control":"no-cache","connection":"keep-alive","content-length":"120","content-type":"application/json","host":"localhost:3001","postman-token":"a5a8b304-6aae-4ada-9a2d-aa8c0300f47b","user-agent":"PostmanRuntime/7.43.3"},"ip":"::ffff:192.168.65.1","method":"POST","path":"/"},"event":"인증/인가 실패","level":"warn","message":"보안 이벤트","timestamp":"2025-04-29T04:45:43.902Z","userId":"unknown"}
{"context":"HttpExceptionFilter","level":"error","message":"[예외] POST / 401 - Bearer 토큰 검증 실패","timestamp":"2025-04-29 04:45:44","trace":"UnauthorizedException: Bearer 토큰 검증 실패\n    at MiddlewareHost.bearerTokenValidate (/app/src/auth/middleware/tokenAuthanticator.middleware.ts:154:13)\n    at process.processTicksAndRejections (node:internal/process/task_queues:95:5)\n    at async MiddlewareHost.use (/app/src/auth/middleware/tokenAuthanticator.middleware.ts:34:31)\n    at async /app/node_modules/.pnpm/@nestjs+core@10.4.17_@nestjs+common@10.4.17_class-transformer@0.5.1_class-validator@0.1_eae1b69253770746a482487d36064dac/node_modules/@nestjs/core/router/router-proxy.js:9:17"}
{"details":{"headers":{"accept":"*/*","accept-encoding":"gzip, deflate, br","authorization":"Bearer eyJhbGciOiJIUzI1NiIsInR5cCI6IkpXVCJ9.eyJzdWIiOjEwLCJyb2xlIjoxLCJ0eXBlIjoiYWNjZXNzIiwiaWF0IjoxNzQ1ODk0NTA1LCJleHAiOjE3NDU4OTc1MDV9.eISdy6EfP-A7WM_M-51geY8-UEUrXeobEbHo-IEcwug","cache-control":"no-cache","connection":"keep-alive","content-length":"120","content-type":"application/json","host":"localhost:3001","postman-token":"35434d51-9cea-4033-b440-2161acdfd80a","user-agent":"PostmanRuntime/7.43.3"},"ip":"::ffff:192.168.65.1","method":"POST","path":"/"},"event":"인증/인가 실패","level":"warn","message":"보안 이벤트","timestamp":"2025-04-29T04:45:44.666Z","userId":"unknown"}
{"context":"NestFactory","level":"info","message":"Starting Nest application...","timestamp":"2025-04-29 04:45:48"}
{"context":"InstanceLoader","level":"info","message":"TypeOrmModule dependencies initialized","timestamp":"2025-04-29 04:45:48"}
{"context":"InstanceLoader","level":"info","message":"JwtModule dependencies initialized","timestamp":"2025-04-29 04:45:48"}
{"context":"InstanceLoader","level":"info","message":"ConfigHostModule dependencies initialized","timestamp":"2025-04-29 04:45:48"}
{"context":"InstanceLoader","level":"info","message":"DiscoveryModule dependencies initialized","timestamp":"2025-04-29 04:45:48"}
{"context":"InstanceLoader","level":"info","message":"ConfigModule dependencies initialized","timestamp":"2025-04-29 04:45:48"}
{"context":"InstanceLoader","level":"info","message":"ConfigModule dependencies initialized","timestamp":"2025-04-29 04:45:48"}
{"context":"InstanceLoader","level":"info","message":"ScheduleModule dependencies initialized","timestamp":"2025-04-29 04:45:48"}
{"context":"InstanceLoader","level":"info","message":"LoggerModule dependencies initialized","timestamp":"2025-04-29 04:45:48"}
{"context":"InstanceLoader","level":"info","message":"WinstonModule dependencies initialized","timestamp":"2025-04-29 04:45:48"}
{"context":"InstanceLoader","level":"info","message":"TypeOrmCoreModule dependencies initialized","timestamp":"2025-04-29 04:45:48"}
{"context":"InstanceLoader","level":"info","message":"TypeOrmModule dependencies initialized","timestamp":"2025-04-29 04:45:48"}
{"context":"InstanceLoader","level":"info","message":"TypeOrmModule dependencies initialized","timestamp":"2025-04-29 04:45:48"}
{"context":"InstanceLoader","level":"info","message":"TypeOrmModule dependencies initialized","timestamp":"2025-04-29 04:45:48"}
{"context":"InstanceLoader","level":"info","message":"TypeOrmModule dependencies initialized","timestamp":"2025-04-29 04:45:48"}
{"context":"InstanceLoader","level":"info","message":"TypeOrmModule dependencies initialized","timestamp":"2025-04-29 04:45:48"}
{"context":"InstanceLoader","level":"info","message":"TypeOrmModule dependencies initialized","timestamp":"2025-04-29 04:45:48"}
{"context":"InstanceLoader","level":"info","message":"TypeOrmModule dependencies initialized","timestamp":"2025-04-29 04:45:48"}
{"context":"InstanceLoader","level":"info","message":"AppModule dependencies initialized","timestamp":"2025-04-29 04:45:48"}
{"context":"InstanceLoader","level":"info","message":"CommonModule dependencies initialized","timestamp":"2025-04-29 04:45:48"}
{"context":"InstanceLoader","level":"info","message":"AuthModule dependencies initialized","timestamp":"2025-04-29 04:45:48"}
{"context":"InstanceLoader","level":"info","message":"UserModule dependencies initialized","timestamp":"2025-04-29 04:45:48"}
{"context":"InstanceLoader","level":"info","message":"StoreModule dependencies initialized","timestamp":"2025-04-29 04:45:48"}
{"context":"InstanceLoader","level":"info","message":"OwnerModule dependencies initialized","timestamp":"2025-04-29 04:45:48"}
{"context":"InstanceLoader","level":"info","message":"ItemModule dependencies initialized","timestamp":"2025-04-29 04:45:48"}
{"context":"InstanceLoader","level":"info","message":"LogisticsModule dependencies initialized","timestamp":"2025-04-29 04:45:48"}
{"context":"InstanceLoader","level":"info","message":"OrderModule dependencies initialized","timestamp":"2025-04-29 04:45:48"}
{"context":"RoutesResolver","level":"info","message":"UserController {/user}:","timestamp":"2025-04-29 04:45:48"}
{"context":"RouterExplorer","level":"info","message":"Mapped {/user, POST} route","timestamp":"2025-04-29 04:45:48"}
{"context":"RouterExplorer","level":"info","message":"Mapped {/user, GET} route","timestamp":"2025-04-29 04:45:48"}
{"context":"RouterExplorer","level":"info","message":"Mapped {/user/:id, GET} route","timestamp":"2025-04-29 04:45:48"}
{"context":"RouterExplorer","level":"info","message":"Mapped {/user/:id, PATCH} route","timestamp":"2025-04-29 04:45:48"}
{"context":"RouterExplorer","level":"info","message":"Mapped {/user/:id, DELETE} route","timestamp":"2025-04-29 04:45:48"}
{"context":"RoutesResolver","level":"info","message":"AuthController {/auth}:","timestamp":"2025-04-29 04:45:48"}
{"context":"RouterExplorer","level":"info","message":"Mapped {/auth/login, POST} route","timestamp":"2025-04-29 04:45:48"}
{"context":"RouterExplorer","level":"info","message":"Mapped {/auth/token/newToken, POST} route","timestamp":"2025-04-29 04:45:48"}
{"context":"RoutesResolver","level":"info","message":"StoreController {/store}:","timestamp":"2025-04-29 04:45:48"}
{"context":"RouterExplorer","level":"info","message":"Mapped {/store, POST} route","timestamp":"2025-04-29 04:45:48"}
{"context":"RouterExplorer","level":"info","message":"Mapped {/store, GET} route","timestamp":"2025-04-29 04:45:48"}
{"context":"RouterExplorer","level":"info","message":"Mapped {/store/:id, GET} route","timestamp":"2025-04-29 04:45:48"}
{"context":"RouterExplorer","level":"info","message":"Mapped {/store/:id, PATCH} route","timestamp":"2025-04-29 04:45:48"}
{"context":"RouterExplorer","level":"info","message":"Mapped {/store/:id, DELETE} route","timestamp":"2025-04-29 04:45:48"}
{"context":"RouterExplorer","level":"info","message":"Mapped {/store/warehouse, POST} route","timestamp":"2025-04-29 04:45:48"}
{"context":"RoutesResolver","level":"info","message":"OwnerController {/owner}:","timestamp":"2025-04-29 04:45:48"}
{"context":"RouterExplorer","level":"info","message":"Mapped {/owner, POST} route","timestamp":"2025-04-29 04:45:48"}
{"context":"RouterExplorer","level":"info","message":"Mapped {/owner, GET} route","timestamp":"2025-04-29 04:45:48"}
{"context":"RouterExplorer","level":"info","message":"Mapped {/owner/:id, GET} route","timestamp":"2025-04-29 04:45:48"}
{"context":"RouterExplorer","level":"info","message":"Mapped {/owner/:id, PATCH} route","timestamp":"2025-04-29 04:45:48"}
{"context":"RouterExplorer","level":"info","message":"Mapped {/owner/:id, DELETE} route","timestamp":"2025-04-29 04:45:48"}
{"context":"RoutesResolver","level":"info","message":"ItemController {/item}:","timestamp":"2025-04-29 04:45:48"}
{"context":"RouterExplorer","level":"info","message":"Mapped {/item, POST} route","timestamp":"2025-04-29 04:45:48"}
{"context":"RouterExplorer","level":"info","message":"Mapped {/item, GET} route","timestamp":"2025-04-29 04:45:48"}
{"context":"RouterExplorer","level":"info","message":"Mapped {/item/:id, GET} route","timestamp":"2025-04-29 04:45:48"}
{"context":"RouterExplorer","level":"info","message":"Mapped {/item/:id, PATCH} route","timestamp":"2025-04-29 04:45:48"}
{"context":"RouterExplorer","level":"info","message":"Mapped {/item/:id, DELETE} route","timestamp":"2025-04-29 04:45:48"}
{"context":"RouterExplorer","level":"info","message":"Mapped {/item/logistics, POST} route","timestamp":"2025-04-29 04:45:48"}
{"context":"RoutesResolver","level":"info","message":"LogisticsController {/logistics}:","timestamp":"2025-04-29 04:45:48"}
{"context":"RouterExplorer","level":"info","message":"Mapped {/logistics, POST} route","timestamp":"2025-04-29 04:45:48"}
{"context":"RouterExplorer","level":"info","message":"Mapped {/logistics, GET} route","timestamp":"2025-04-29 04:45:48"}
{"context":"RouterExplorer","level":"info","message":"Mapped {/logistics/:id, GET} route","timestamp":"2025-04-29 04:45:48"}
{"context":"RouterExplorer","level":"info","message":"Mapped {/logistics/:id, PATCH} route","timestamp":"2025-04-29 04:45:48"}
{"context":"RouterExplorer","level":"info","message":"Mapped {/logistics/:id, DELETE} route","timestamp":"2025-04-29 04:45:48"}
{"context":"RouterExplorer","level":"info","message":"Mapped {/logistics/warehouse/:id, GET} route","timestamp":"2025-04-29 04:45:48"}
{"context":"RouterExplorer","level":"info","message":"Mapped {/logistics/warehouse/:id, POST} route","timestamp":"2025-04-29 04:45:48"}
{"context":"RoutesResolver","level":"info","message":"OrderController {/order}:","timestamp":"2025-04-29 04:45:48"}
{"context":"RouterExplorer","level":"info","message":"Mapped {/order, POST} route","timestamp":"2025-04-29 04:45:48"}
{"context":"RouterExplorer","level":"info","message":"Mapped {/order, GET} route","timestamp":"2025-04-29 04:45:48"}
{"context":"RouterExplorer","level":"info","message":"Mapped {/order/:id, GET} route","timestamp":"2025-04-29 04:45:48"}
{"context":"RouterExplorer","level":"info","message":"Mapped {/order/:id, PATCH} route","timestamp":"2025-04-29 04:45:48"}
{"context":"RouterExplorer","level":"info","message":"Mapped {/order/:id, DELETE} route","timestamp":"2025-04-29 04:45:48"}
{"context":"RouterExplorer","level":"info","message":"Mapped {/order/batch/update-status, POST} route","timestamp":"2025-04-29 04:45:48"}
{"context":"NestApplication","level":"info","message":"Nest application successfully started","timestamp":"2025-04-29 04:45:48"}
{"context":"Bootstrap","level":"info","message":"애플리케이션이 3001 포트에서 시작되었습니다","timestamp":"2025-04-29 04:45:48"}
{"context":"HttpExceptionFilter","level":"error","message":"[예외] POST / 401 - Bearer 토큰 검증 실패","timestamp":"2025-04-29 04:46:32","trace":"UnauthorizedException: Bearer 토큰 검증 실패\n    at MiddlewareHost.bearerTokenValidate (/app/src/auth/middleware/tokenAuthanticator.middleware.ts:154:13)\n    at process.processTicksAndRejections (node:internal/process/task_queues:95:5)\n    at async MiddlewareHost.use (/app/src/auth/middleware/tokenAuthanticator.middleware.ts:34:31)\n    at async /app/node_modules/.pnpm/@nestjs+core@10.4.17_@nestjs+common@10.4.17_class-transformer@0.5.1_class-validator@0.1_eae1b69253770746a482487d36064dac/node_modules/@nestjs/core/router/router-proxy.js:9:17"}
{"details":{"headers":{"accept":"*/*","accept-encoding":"gzip, deflate, br","authorization":"Bearer eyJhbGciOiJIUzI1NiIsInR5cCI6IkpXVCJ9.eyJzdWIiOjEwLCJyb2xlIjoxLCJ0eXBlIjoiYWNjZXNzIiwiaWF0IjoxNzQ1ODk0NTA1LCJleHAiOjE3NDU4OTc1MDV9.eISdy6EfP-A7WM_M-51geY8-UEUrXeobEbHo-IEcwug","cache-control":"no-cache","connection":"keep-alive","content-length":"120","content-type":"application/json","host":"localhost:3001","postman-token":"37fd4c59-8562-4d46-8b0a-6b9968573551","user-agent":"PostmanRuntime/7.43.3"},"ip":"::ffff:192.168.65.1","method":"POST","path":"/"},"event":"인증/인가 실패","level":"warn","message":"보안 이벤트","timestamp":"2025-04-29T04:46:32.353Z","userId":"unknown"}
{"context":"NestFactory","level":"info","message":"Starting Nest application...","timestamp":"2025-04-29 04:47:03"}
{"context":"InstanceLoader","level":"info","message":"TypeOrmModule dependencies initialized","timestamp":"2025-04-29 04:47:03"}
{"context":"InstanceLoader","level":"info","message":"JwtModule dependencies initialized","timestamp":"2025-04-29 04:47:03"}
{"context":"InstanceLoader","level":"info","message":"ConfigHostModule dependencies initialized","timestamp":"2025-04-29 04:47:03"}
{"context":"InstanceLoader","level":"info","message":"DiscoveryModule dependencies initialized","timestamp":"2025-04-29 04:47:03"}
{"context":"InstanceLoader","level":"info","message":"ConfigModule dependencies initialized","timestamp":"2025-04-29 04:47:03"}
{"context":"InstanceLoader","level":"info","message":"ConfigModule dependencies initialized","timestamp":"2025-04-29 04:47:03"}
{"context":"InstanceLoader","level":"info","message":"ScheduleModule dependencies initialized","timestamp":"2025-04-29 04:47:03"}
{"context":"InstanceLoader","level":"info","message":"LoggerModule dependencies initialized","timestamp":"2025-04-29 04:47:03"}
{"context":"InstanceLoader","level":"info","message":"WinstonModule dependencies initialized","timestamp":"2025-04-29 04:47:03"}
{"context":"InstanceLoader","level":"info","message":"TypeOrmCoreModule dependencies initialized","timestamp":"2025-04-29 04:47:03"}
{"context":"InstanceLoader","level":"info","message":"TypeOrmModule dependencies initialized","timestamp":"2025-04-29 04:47:03"}
{"context":"InstanceLoader","level":"info","message":"TypeOrmModule dependencies initialized","timestamp":"2025-04-29 04:47:03"}
{"context":"InstanceLoader","level":"info","message":"TypeOrmModule dependencies initialized","timestamp":"2025-04-29 04:47:03"}
{"context":"InstanceLoader","level":"info","message":"TypeOrmModule dependencies initialized","timestamp":"2025-04-29 04:47:03"}
{"context":"InstanceLoader","level":"info","message":"TypeOrmModule dependencies initialized","timestamp":"2025-04-29 04:47:03"}
{"context":"InstanceLoader","level":"info","message":"TypeOrmModule dependencies initialized","timestamp":"2025-04-29 04:47:03"}
{"context":"InstanceLoader","level":"info","message":"TypeOrmModule dependencies initialized","timestamp":"2025-04-29 04:47:03"}
{"context":"InstanceLoader","level":"info","message":"AppModule dependencies initialized","timestamp":"2025-04-29 04:47:03"}
{"context":"InstanceLoader","level":"info","message":"CommonModule dependencies initialized","timestamp":"2025-04-29 04:47:03"}
{"context":"InstanceLoader","level":"info","message":"AuthModule dependencies initialized","timestamp":"2025-04-29 04:47:03"}
{"context":"InstanceLoader","level":"info","message":"UserModule dependencies initialized","timestamp":"2025-04-29 04:47:03"}
{"context":"InstanceLoader","level":"info","message":"StoreModule dependencies initialized","timestamp":"2025-04-29 04:47:03"}
{"context":"InstanceLoader","level":"info","message":"OwnerModule dependencies initialized","timestamp":"2025-04-29 04:47:03"}
{"context":"InstanceLoader","level":"info","message":"ItemModule dependencies initialized","timestamp":"2025-04-29 04:47:03"}
{"context":"InstanceLoader","level":"info","message":"LogisticsModule dependencies initialized","timestamp":"2025-04-29 04:47:03"}
{"context":"InstanceLoader","level":"info","message":"OrderModule dependencies initialized","timestamp":"2025-04-29 04:47:03"}
{"context":"RoutesResolver","level":"info","message":"UserController {/user}:","timestamp":"2025-04-29 04:47:03"}
{"context":"RouterExplorer","level":"info","message":"Mapped {/user, POST} route","timestamp":"2025-04-29 04:47:03"}
{"context":"RouterExplorer","level":"info","message":"Mapped {/user, GET} route","timestamp":"2025-04-29 04:47:03"}
{"context":"RouterExplorer","level":"info","message":"Mapped {/user/:id, GET} route","timestamp":"2025-04-29 04:47:03"}
{"context":"RouterExplorer","level":"info","message":"Mapped {/user/:id, PATCH} route","timestamp":"2025-04-29 04:47:03"}
{"context":"RouterExplorer","level":"info","message":"Mapped {/user/:id, DELETE} route","timestamp":"2025-04-29 04:47:03"}
{"context":"RoutesResolver","level":"info","message":"AuthController {/auth}:","timestamp":"2025-04-29 04:47:03"}
{"context":"RouterExplorer","level":"info","message":"Mapped {/auth/login, POST} route","timestamp":"2025-04-29 04:47:03"}
{"context":"RouterExplorer","level":"info","message":"Mapped {/auth/token/newToken, POST} route","timestamp":"2025-04-29 04:47:03"}
{"context":"RoutesResolver","level":"info","message":"StoreController {/store}:","timestamp":"2025-04-29 04:47:03"}
{"context":"RouterExplorer","level":"info","message":"Mapped {/store, POST} route","timestamp":"2025-04-29 04:47:03"}
{"context":"RouterExplorer","level":"info","message":"Mapped {/store, GET} route","timestamp":"2025-04-29 04:47:03"}
{"context":"RouterExplorer","level":"info","message":"Mapped {/store/:id, GET} route","timestamp":"2025-04-29 04:47:03"}
{"context":"RouterExplorer","level":"info","message":"Mapped {/store/:id, PATCH} route","timestamp":"2025-04-29 04:47:03"}
{"context":"RouterExplorer","level":"info","message":"Mapped {/store/:id, DELETE} route","timestamp":"2025-04-29 04:47:03"}
{"context":"RouterExplorer","level":"info","message":"Mapped {/store/warehouse, POST} route","timestamp":"2025-04-29 04:47:03"}
{"context":"RoutesResolver","level":"info","message":"OwnerController {/owner}:","timestamp":"2025-04-29 04:47:03"}
{"context":"RouterExplorer","level":"info","message":"Mapped {/owner, POST} route","timestamp":"2025-04-29 04:47:03"}
{"context":"RouterExplorer","level":"info","message":"Mapped {/owner, GET} route","timestamp":"2025-04-29 04:47:03"}
{"context":"RouterExplorer","level":"info","message":"Mapped {/owner/:id, GET} route","timestamp":"2025-04-29 04:47:03"}
{"context":"RouterExplorer","level":"info","message":"Mapped {/owner/:id, PATCH} route","timestamp":"2025-04-29 04:47:03"}
{"context":"RouterExplorer","level":"info","message":"Mapped {/owner/:id, DELETE} route","timestamp":"2025-04-29 04:47:03"}
{"context":"RoutesResolver","level":"info","message":"ItemController {/item}:","timestamp":"2025-04-29 04:47:03"}
{"context":"RouterExplorer","level":"info","message":"Mapped {/item, POST} route","timestamp":"2025-04-29 04:47:03"}
{"context":"RouterExplorer","level":"info","message":"Mapped {/item, GET} route","timestamp":"2025-04-29 04:47:03"}
{"context":"RouterExplorer","level":"info","message":"Mapped {/item/:id, GET} route","timestamp":"2025-04-29 04:47:03"}
{"context":"RouterExplorer","level":"info","message":"Mapped {/item/:id, PATCH} route","timestamp":"2025-04-29 04:47:03"}
{"context":"RouterExplorer","level":"info","message":"Mapped {/item/:id, DELETE} route","timestamp":"2025-04-29 04:47:03"}
{"context":"RouterExplorer","level":"info","message":"Mapped {/item/logistics, POST} route","timestamp":"2025-04-29 04:47:03"}
{"context":"RoutesResolver","level":"info","message":"LogisticsController {/logistics}:","timestamp":"2025-04-29 04:47:03"}
{"context":"RouterExplorer","level":"info","message":"Mapped {/logistics, POST} route","timestamp":"2025-04-29 04:47:03"}
{"context":"RouterExplorer","level":"info","message":"Mapped {/logistics, GET} route","timestamp":"2025-04-29 04:47:03"}
{"context":"RouterExplorer","level":"info","message":"Mapped {/logistics/:id, GET} route","timestamp":"2025-04-29 04:47:03"}
{"context":"RouterExplorer","level":"info","message":"Mapped {/logistics/:id, PATCH} route","timestamp":"2025-04-29 04:47:03"}
{"context":"RouterExplorer","level":"info","message":"Mapped {/logistics/:id, DELETE} route","timestamp":"2025-04-29 04:47:03"}
{"context":"RouterExplorer","level":"info","message":"Mapped {/logistics/warehouse/:id, GET} route","timestamp":"2025-04-29 04:47:03"}
{"context":"RouterExplorer","level":"info","message":"Mapped {/logistics/warehouse/:id, POST} route","timestamp":"2025-04-29 04:47:03"}
{"context":"RoutesResolver","level":"info","message":"OrderController {/order}:","timestamp":"2025-04-29 04:47:03"}
{"context":"RouterExplorer","level":"info","message":"Mapped {/order, POST} route","timestamp":"2025-04-29 04:47:03"}
{"context":"RouterExplorer","level":"info","message":"Mapped {/order, GET} route","timestamp":"2025-04-29 04:47:03"}
{"context":"RouterExplorer","level":"info","message":"Mapped {/order/:id, GET} route","timestamp":"2025-04-29 04:47:03"}
{"context":"RouterExplorer","level":"info","message":"Mapped {/order/:id, PATCH} route","timestamp":"2025-04-29 04:47:03"}
{"context":"RouterExplorer","level":"info","message":"Mapped {/order/:id, DELETE} route","timestamp":"2025-04-29 04:47:03"}
{"context":"RouterExplorer","level":"info","message":"Mapped {/order/batch/update-status, POST} route","timestamp":"2025-04-29 04:47:03"}
{"context":"NestApplication","level":"info","message":"Nest application successfully started","timestamp":"2025-04-29 04:47:03"}
{"context":"Bootstrap","level":"info","message":"애플리케이션이 3001 포트에서 시작되었습니다","timestamp":"2025-04-29 04:47:03"}
{"context":"NestFactory","level":"info","message":"Starting Nest application...","timestamp":"2025-04-29 04:47:16"}
{"context":"InstanceLoader","level":"info","message":"TypeOrmModule dependencies initialized","timestamp":"2025-04-29 04:47:16"}
{"context":"InstanceLoader","level":"info","message":"JwtModule dependencies initialized","timestamp":"2025-04-29 04:47:16"}
{"context":"InstanceLoader","level":"info","message":"ConfigHostModule dependencies initialized","timestamp":"2025-04-29 04:47:16"}
{"context":"InstanceLoader","level":"info","message":"DiscoveryModule dependencies initialized","timestamp":"2025-04-29 04:47:16"}
{"context":"InstanceLoader","level":"info","message":"ConfigModule dependencies initialized","timestamp":"2025-04-29 04:47:16"}
{"context":"InstanceLoader","level":"info","message":"ConfigModule dependencies initialized","timestamp":"2025-04-29 04:47:16"}
{"context":"InstanceLoader","level":"info","message":"ScheduleModule dependencies initialized","timestamp":"2025-04-29 04:47:16"}
{"context":"InstanceLoader","level":"info","message":"LoggerModule dependencies initialized","timestamp":"2025-04-29 04:47:16"}
{"context":"InstanceLoader","level":"info","message":"WinstonModule dependencies initialized","timestamp":"2025-04-29 04:47:16"}
{"context":"InstanceLoader","level":"info","message":"TypeOrmCoreModule dependencies initialized","timestamp":"2025-04-29 04:47:16"}
{"context":"InstanceLoader","level":"info","message":"TypeOrmModule dependencies initialized","timestamp":"2025-04-29 04:47:16"}
{"context":"InstanceLoader","level":"info","message":"TypeOrmModule dependencies initialized","timestamp":"2025-04-29 04:47:16"}
{"context":"InstanceLoader","level":"info","message":"TypeOrmModule dependencies initialized","timestamp":"2025-04-29 04:47:16"}
{"context":"InstanceLoader","level":"info","message":"TypeOrmModule dependencies initialized","timestamp":"2025-04-29 04:47:16"}
{"context":"InstanceLoader","level":"info","message":"TypeOrmModule dependencies initialized","timestamp":"2025-04-29 04:47:16"}
{"context":"InstanceLoader","level":"info","message":"TypeOrmModule dependencies initialized","timestamp":"2025-04-29 04:47:16"}
{"context":"InstanceLoader","level":"info","message":"TypeOrmModule dependencies initialized","timestamp":"2025-04-29 04:47:16"}
{"context":"InstanceLoader","level":"info","message":"AppModule dependencies initialized","timestamp":"2025-04-29 04:47:16"}
{"context":"InstanceLoader","level":"info","message":"CommonModule dependencies initialized","timestamp":"2025-04-29 04:47:16"}
{"context":"InstanceLoader","level":"info","message":"AuthModule dependencies initialized","timestamp":"2025-04-29 04:47:16"}
{"context":"InstanceLoader","level":"info","message":"UserModule dependencies initialized","timestamp":"2025-04-29 04:47:16"}
{"context":"InstanceLoader","level":"info","message":"StoreModule dependencies initialized","timestamp":"2025-04-29 04:47:16"}
{"context":"InstanceLoader","level":"info","message":"OwnerModule dependencies initialized","timestamp":"2025-04-29 04:47:16"}
{"context":"InstanceLoader","level":"info","message":"ItemModule dependencies initialized","timestamp":"2025-04-29 04:47:16"}
{"context":"InstanceLoader","level":"info","message":"LogisticsModule dependencies initialized","timestamp":"2025-04-29 04:47:16"}
{"context":"InstanceLoader","level":"info","message":"OrderModule dependencies initialized","timestamp":"2025-04-29 04:47:16"}
{"context":"RoutesResolver","level":"info","message":"UserController {/user}:","timestamp":"2025-04-29 04:47:16"}
{"context":"RouterExplorer","level":"info","message":"Mapped {/user, POST} route","timestamp":"2025-04-29 04:47:16"}
{"context":"RouterExplorer","level":"info","message":"Mapped {/user, GET} route","timestamp":"2025-04-29 04:47:16"}
{"context":"RouterExplorer","level":"info","message":"Mapped {/user/:id, GET} route","timestamp":"2025-04-29 04:47:16"}
{"context":"RouterExplorer","level":"info","message":"Mapped {/user/:id, PATCH} route","timestamp":"2025-04-29 04:47:16"}
{"context":"RouterExplorer","level":"info","message":"Mapped {/user/:id, DELETE} route","timestamp":"2025-04-29 04:47:16"}
{"context":"RoutesResolver","level":"info","message":"AuthController {/auth}:","timestamp":"2025-04-29 04:47:16"}
{"context":"RouterExplorer","level":"info","message":"Mapped {/auth/login, POST} route","timestamp":"2025-04-29 04:47:16"}
{"context":"RouterExplorer","level":"info","message":"Mapped {/auth/token/newToken, POST} route","timestamp":"2025-04-29 04:47:16"}
{"context":"RoutesResolver","level":"info","message":"StoreController {/store}:","timestamp":"2025-04-29 04:47:16"}
{"context":"RouterExplorer","level":"info","message":"Mapped {/store, POST} route","timestamp":"2025-04-29 04:47:16"}
{"context":"RouterExplorer","level":"info","message":"Mapped {/store, GET} route","timestamp":"2025-04-29 04:47:16"}
{"context":"RouterExplorer","level":"info","message":"Mapped {/store/:id, GET} route","timestamp":"2025-04-29 04:47:16"}
{"context":"RouterExplorer","level":"info","message":"Mapped {/store/:id, PATCH} route","timestamp":"2025-04-29 04:47:16"}
{"context":"RouterExplorer","level":"info","message":"Mapped {/store/:id, DELETE} route","timestamp":"2025-04-29 04:47:16"}
{"context":"RouterExplorer","level":"info","message":"Mapped {/store/warehouse, POST} route","timestamp":"2025-04-29 04:47:16"}
{"context":"RoutesResolver","level":"info","message":"OwnerController {/owner}:","timestamp":"2025-04-29 04:47:16"}
{"context":"RouterExplorer","level":"info","message":"Mapped {/owner, POST} route","timestamp":"2025-04-29 04:47:16"}
{"context":"RouterExplorer","level":"info","message":"Mapped {/owner, GET} route","timestamp":"2025-04-29 04:47:16"}
{"context":"RouterExplorer","level":"info","message":"Mapped {/owner/:id, GET} route","timestamp":"2025-04-29 04:47:16"}
{"context":"RouterExplorer","level":"info","message":"Mapped {/owner/:id, PATCH} route","timestamp":"2025-04-29 04:47:16"}
{"context":"RouterExplorer","level":"info","message":"Mapped {/owner/:id, DELETE} route","timestamp":"2025-04-29 04:47:16"}
{"context":"RoutesResolver","level":"info","message":"ItemController {/item}:","timestamp":"2025-04-29 04:47:16"}
{"context":"RouterExplorer","level":"info","message":"Mapped {/item, POST} route","timestamp":"2025-04-29 04:47:16"}
{"context":"RouterExplorer","level":"info","message":"Mapped {/item, GET} route","timestamp":"2025-04-29 04:47:16"}
{"context":"RouterExplorer","level":"info","message":"Mapped {/item/:id, GET} route","timestamp":"2025-04-29 04:47:16"}
{"context":"RouterExplorer","level":"info","message":"Mapped {/item/:id, PATCH} route","timestamp":"2025-04-29 04:47:16"}
{"context":"RouterExplorer","level":"info","message":"Mapped {/item/:id, DELETE} route","timestamp":"2025-04-29 04:47:16"}
{"context":"RouterExplorer","level":"info","message":"Mapped {/item/logistics, POST} route","timestamp":"2025-04-29 04:47:16"}
{"context":"RoutesResolver","level":"info","message":"LogisticsController {/logistics}:","timestamp":"2025-04-29 04:47:16"}
{"context":"RouterExplorer","level":"info","message":"Mapped {/logistics, POST} route","timestamp":"2025-04-29 04:47:16"}
{"context":"RouterExplorer","level":"info","message":"Mapped {/logistics, GET} route","timestamp":"2025-04-29 04:47:16"}
{"context":"RouterExplorer","level":"info","message":"Mapped {/logistics/:id, GET} route","timestamp":"2025-04-29 04:47:16"}
{"context":"RouterExplorer","level":"info","message":"Mapped {/logistics/:id, PATCH} route","timestamp":"2025-04-29 04:47:16"}
{"context":"RouterExplorer","level":"info","message":"Mapped {/logistics/:id, DELETE} route","timestamp":"2025-04-29 04:47:16"}
{"context":"RouterExplorer","level":"info","message":"Mapped {/logistics/warehouse/:id, GET} route","timestamp":"2025-04-29 04:47:16"}
{"context":"RouterExplorer","level":"info","message":"Mapped {/logistics/warehouse/:id, POST} route","timestamp":"2025-04-29 04:47:16"}
{"context":"RoutesResolver","level":"info","message":"OrderController {/order}:","timestamp":"2025-04-29 04:47:16"}
{"context":"RouterExplorer","level":"info","message":"Mapped {/order, POST} route","timestamp":"2025-04-29 04:47:16"}
{"context":"RouterExplorer","level":"info","message":"Mapped {/order, GET} route","timestamp":"2025-04-29 04:47:16"}
{"context":"RouterExplorer","level":"info","message":"Mapped {/order/:id, GET} route","timestamp":"2025-04-29 04:47:16"}
{"context":"RouterExplorer","level":"info","message":"Mapped {/order/:id, PATCH} route","timestamp":"2025-04-29 04:47:16"}
{"context":"RouterExplorer","level":"info","message":"Mapped {/order/:id, DELETE} route","timestamp":"2025-04-29 04:47:16"}
{"context":"RouterExplorer","level":"info","message":"Mapped {/order/batch/update-status, POST} route","timestamp":"2025-04-29 04:47:16"}
{"context":"NestApplication","level":"info","message":"Nest application successfully started","timestamp":"2025-04-29 04:47:16"}
{"context":"Bootstrap","level":"info","message":"애플리케이션이 3001 포트에서 시작되었습니다","timestamp":"2025-04-29 04:47:16"}
{"context":"HttpExceptionFilter","level":"error","message":"[예외] POST / 401 - Bearer 토큰 검증 실패","timestamp":"2025-04-29 04:47:21","trace":"UnauthorizedException: Bearer 토큰 검증 실패\n    at MiddlewareHost.bearerTokenValidate (/app/src/auth/middleware/tokenAuthanticator.middleware.ts:154:13)\n    at process.processTicksAndRejections (node:internal/process/task_queues:95:5)\n    at async MiddlewareHost.use (/app/src/auth/middleware/tokenAuthanticator.middleware.ts:34:31)\n    at async /app/node_modules/.pnpm/@nestjs+core@10.4.17_@nestjs+common@10.4.17_class-transformer@0.5.1_class-validator@0.1_eae1b69253770746a482487d36064dac/node_modules/@nestjs/core/router/router-proxy.js:9:17"}
{"details":{"headers":{"accept":"*/*","accept-encoding":"gzip, deflate, br","authorization":"Bearer eyJhbGciOiJIUzI1NiIsInR5cCI6IkpXVCJ9.eyJzdWIiOjEwLCJyb2xlIjoxLCJ0eXBlIjoiYWNjZXNzIiwiaWF0IjoxNzQ1ODk0NTA1LCJleHAiOjE3NDU4OTc1MDV9.eISdy6EfP-A7WM_M-51geY8-UEUrXeobEbHo-IEcwug","cache-control":"no-cache","connection":"keep-alive","content-length":"120","content-type":"application/json","host":"localhost:3001","postman-token":"4c9464f1-37a5-4009-96f5-dbe608603939","user-agent":"PostmanRuntime/7.43.3"},"ip":"::ffff:192.168.65.1","method":"POST","path":"/"},"event":"인증/인가 실패","level":"warn","message":"보안 이벤트","timestamp":"2025-04-29T04:47:21.761Z","userId":"unknown"}
{"context":"HttpExceptionFilter","level":"error","message":"[예외] POST / 401 - Bearer 토큰 검증 실패","timestamp":"2025-04-29 04:47:22","trace":"UnauthorizedException: Bearer 토큰 검증 실패\n    at MiddlewareHost.bearerTokenValidate (/app/src/auth/middleware/tokenAuthanticator.middleware.ts:154:13)\n    at process.processTicksAndRejections (node:internal/process/task_queues:95:5)\n    at async MiddlewareHost.use (/app/src/auth/middleware/tokenAuthanticator.middleware.ts:34:31)\n    at async /app/node_modules/.pnpm/@nestjs+core@10.4.17_@nestjs+common@10.4.17_class-transformer@0.5.1_class-validator@0.1_eae1b69253770746a482487d36064dac/node_modules/@nestjs/core/router/router-proxy.js:9:17"}
{"details":{"headers":{"accept":"*/*","accept-encoding":"gzip, deflate, br","authorization":"Bearer eyJhbGciOiJIUzI1NiIsInR5cCI6IkpXVCJ9.eyJzdWIiOjEwLCJyb2xlIjoxLCJ0eXBlIjoiYWNjZXNzIiwiaWF0IjoxNzQ1ODk0NTA1LCJleHAiOjE3NDU4OTc1MDV9.eISdy6EfP-A7WM_M-51geY8-UEUrXeobEbHo-IEcwug","cache-control":"no-cache","connection":"keep-alive","content-length":"120","content-type":"application/json","host":"localhost:3001","postman-token":"cca6666f-4676-4d79-9dd3-1d3a7f5dcf8e","user-agent":"PostmanRuntime/7.43.3"},"ip":"::ffff:192.168.65.1","method":"POST","path":"/"},"event":"인증/인가 실패","level":"warn","message":"보안 이벤트","timestamp":"2025-04-29T04:47:22.460Z","userId":"unknown"}
{"context":"HttpExceptionFilter","level":"error","message":"[예외] POST / 401 - Bearer 토큰 검증 실패","timestamp":"2025-04-29 04:47:23","trace":"UnauthorizedException: Bearer 토큰 검증 실패\n    at MiddlewareHost.bearerTokenValidate (/app/src/auth/middleware/tokenAuthanticator.middleware.ts:154:13)\n    at process.processTicksAndRejections (node:internal/process/task_queues:95:5)\n    at async MiddlewareHost.use (/app/src/auth/middleware/tokenAuthanticator.middleware.ts:34:31)\n    at async /app/node_modules/.pnpm/@nestjs+core@10.4.17_@nestjs+common@10.4.17_class-transformer@0.5.1_class-validator@0.1_eae1b69253770746a482487d36064dac/node_modules/@nestjs/core/router/router-proxy.js:9:17"}
{"details":{"headers":{"accept":"*/*","accept-encoding":"gzip, deflate, br","authorization":"Bearer eyJhbGciOiJIUzI1NiIsInR5cCI6IkpXVCJ9.eyJzdWIiOjEwLCJyb2xlIjoxLCJ0eXBlIjoiYWNjZXNzIiwiaWF0IjoxNzQ1ODk0NTA1LCJleHAiOjE3NDU4OTc1MDV9.eISdy6EfP-A7WM_M-51geY8-UEUrXeobEbHo-IEcwug","cache-control":"no-cache","connection":"keep-alive","content-length":"120","content-type":"application/json","host":"localhost:3001","postman-token":"89a2beda-8520-4a63-b647-962418b7bd2f","user-agent":"PostmanRuntime/7.43.3"},"ip":"::ffff:192.168.65.1","method":"POST","path":"/"},"event":"인증/인가 실패","level":"warn","message":"보안 이벤트","timestamp":"2025-04-29T04:47:23.095Z","userId":"unknown"}
{"context":"NestFactory","level":"info","message":"Starting Nest application...","timestamp":"2025-04-29 04:47:36"}
{"context":"InstanceLoader","level":"info","message":"TypeOrmModule dependencies initialized","timestamp":"2025-04-29 04:47:36"}
{"context":"InstanceLoader","level":"info","message":"JwtModule dependencies initialized","timestamp":"2025-04-29 04:47:36"}
{"context":"InstanceLoader","level":"info","message":"ConfigHostModule dependencies initialized","timestamp":"2025-04-29 04:47:36"}
{"context":"InstanceLoader","level":"info","message":"DiscoveryModule dependencies initialized","timestamp":"2025-04-29 04:47:36"}
{"context":"InstanceLoader","level":"info","message":"ConfigModule dependencies initialized","timestamp":"2025-04-29 04:47:36"}
{"context":"InstanceLoader","level":"info","message":"ConfigModule dependencies initialized","timestamp":"2025-04-29 04:47:36"}
{"context":"InstanceLoader","level":"info","message":"ScheduleModule dependencies initialized","timestamp":"2025-04-29 04:47:36"}
{"context":"InstanceLoader","level":"info","message":"LoggerModule dependencies initialized","timestamp":"2025-04-29 04:47:36"}
{"context":"InstanceLoader","level":"info","message":"WinstonModule dependencies initialized","timestamp":"2025-04-29 04:47:36"}
{"context":"InstanceLoader","level":"info","message":"TypeOrmCoreModule dependencies initialized","timestamp":"2025-04-29 04:47:36"}
{"context":"InstanceLoader","level":"info","message":"TypeOrmModule dependencies initialized","timestamp":"2025-04-29 04:47:36"}
{"context":"InstanceLoader","level":"info","message":"TypeOrmModule dependencies initialized","timestamp":"2025-04-29 04:47:36"}
{"context":"InstanceLoader","level":"info","message":"TypeOrmModule dependencies initialized","timestamp":"2025-04-29 04:47:36"}
{"context":"InstanceLoader","level":"info","message":"TypeOrmModule dependencies initialized","timestamp":"2025-04-29 04:47:36"}
{"context":"InstanceLoader","level":"info","message":"TypeOrmModule dependencies initialized","timestamp":"2025-04-29 04:47:36"}
{"context":"InstanceLoader","level":"info","message":"TypeOrmModule dependencies initialized","timestamp":"2025-04-29 04:47:36"}
{"context":"InstanceLoader","level":"info","message":"TypeOrmModule dependencies initialized","timestamp":"2025-04-29 04:47:36"}
{"context":"InstanceLoader","level":"info","message":"AppModule dependencies initialized","timestamp":"2025-04-29 04:47:36"}
{"context":"InstanceLoader","level":"info","message":"CommonModule dependencies initialized","timestamp":"2025-04-29 04:47:36"}
{"context":"InstanceLoader","level":"info","message":"AuthModule dependencies initialized","timestamp":"2025-04-29 04:47:36"}
{"context":"InstanceLoader","level":"info","message":"UserModule dependencies initialized","timestamp":"2025-04-29 04:47:36"}
{"context":"InstanceLoader","level":"info","message":"StoreModule dependencies initialized","timestamp":"2025-04-29 04:47:36"}
{"context":"InstanceLoader","level":"info","message":"OwnerModule dependencies initialized","timestamp":"2025-04-29 04:47:36"}
{"context":"InstanceLoader","level":"info","message":"ItemModule dependencies initialized","timestamp":"2025-04-29 04:47:36"}
{"context":"InstanceLoader","level":"info","message":"LogisticsModule dependencies initialized","timestamp":"2025-04-29 04:47:36"}
{"context":"InstanceLoader","level":"info","message":"OrderModule dependencies initialized","timestamp":"2025-04-29 04:47:36"}
{"context":"RoutesResolver","level":"info","message":"UserController {/user}:","timestamp":"2025-04-29 04:47:36"}
{"context":"RouterExplorer","level":"info","message":"Mapped {/user, POST} route","timestamp":"2025-04-29 04:47:36"}
{"context":"RouterExplorer","level":"info","message":"Mapped {/user, GET} route","timestamp":"2025-04-29 04:47:36"}
{"context":"RouterExplorer","level":"info","message":"Mapped {/user/:id, GET} route","timestamp":"2025-04-29 04:47:36"}
{"context":"RouterExplorer","level":"info","message":"Mapped {/user/:id, PATCH} route","timestamp":"2025-04-29 04:47:36"}
{"context":"RouterExplorer","level":"info","message":"Mapped {/user/:id, DELETE} route","timestamp":"2025-04-29 04:47:36"}
{"context":"RoutesResolver","level":"info","message":"AuthController {/auth}:","timestamp":"2025-04-29 04:47:36"}
{"context":"RouterExplorer","level":"info","message":"Mapped {/auth/login, POST} route","timestamp":"2025-04-29 04:47:36"}
{"context":"RouterExplorer","level":"info","message":"Mapped {/auth/token/newToken, POST} route","timestamp":"2025-04-29 04:47:36"}
{"context":"RoutesResolver","level":"info","message":"StoreController {/store}:","timestamp":"2025-04-29 04:47:36"}
{"context":"RouterExplorer","level":"info","message":"Mapped {/store, POST} route","timestamp":"2025-04-29 04:47:36"}
{"context":"RouterExplorer","level":"info","message":"Mapped {/store, GET} route","timestamp":"2025-04-29 04:47:36"}
{"context":"RouterExplorer","level":"info","message":"Mapped {/store/:id, GET} route","timestamp":"2025-04-29 04:47:36"}
{"context":"RouterExplorer","level":"info","message":"Mapped {/store/:id, PATCH} route","timestamp":"2025-04-29 04:47:36"}
{"context":"RouterExplorer","level":"info","message":"Mapped {/store/:id, DELETE} route","timestamp":"2025-04-29 04:47:36"}
{"context":"RouterExplorer","level":"info","message":"Mapped {/store/warehouse, POST} route","timestamp":"2025-04-29 04:47:36"}
{"context":"RoutesResolver","level":"info","message":"OwnerController {/owner}:","timestamp":"2025-04-29 04:47:36"}
{"context":"RouterExplorer","level":"info","message":"Mapped {/owner, POST} route","timestamp":"2025-04-29 04:47:36"}
{"context":"RouterExplorer","level":"info","message":"Mapped {/owner, GET} route","timestamp":"2025-04-29 04:47:36"}
{"context":"RouterExplorer","level":"info","message":"Mapped {/owner/:id, GET} route","timestamp":"2025-04-29 04:47:36"}
{"context":"RouterExplorer","level":"info","message":"Mapped {/owner/:id, PATCH} route","timestamp":"2025-04-29 04:47:36"}
{"context":"RouterExplorer","level":"info","message":"Mapped {/owner/:id, DELETE} route","timestamp":"2025-04-29 04:47:36"}
{"context":"RoutesResolver","level":"info","message":"ItemController {/item}:","timestamp":"2025-04-29 04:47:36"}
{"context":"RouterExplorer","level":"info","message":"Mapped {/item, POST} route","timestamp":"2025-04-29 04:47:36"}
{"context":"RouterExplorer","level":"info","message":"Mapped {/item, GET} route","timestamp":"2025-04-29 04:47:36"}
{"context":"RouterExplorer","level":"info","message":"Mapped {/item/:id, GET} route","timestamp":"2025-04-29 04:47:36"}
{"context":"RouterExplorer","level":"info","message":"Mapped {/item/:id, PATCH} route","timestamp":"2025-04-29 04:47:36"}
{"context":"RouterExplorer","level":"info","message":"Mapped {/item/:id, DELETE} route","timestamp":"2025-04-29 04:47:36"}
{"context":"RouterExplorer","level":"info","message":"Mapped {/item/logistics, POST} route","timestamp":"2025-04-29 04:47:36"}
{"context":"RoutesResolver","level":"info","message":"LogisticsController {/logistics}:","timestamp":"2025-04-29 04:47:36"}
{"context":"RouterExplorer","level":"info","message":"Mapped {/logistics, POST} route","timestamp":"2025-04-29 04:47:36"}
{"context":"RouterExplorer","level":"info","message":"Mapped {/logistics, GET} route","timestamp":"2025-04-29 04:47:36"}
{"context":"RouterExplorer","level":"info","message":"Mapped {/logistics/:id, GET} route","timestamp":"2025-04-29 04:47:36"}
{"context":"RouterExplorer","level":"info","message":"Mapped {/logistics/:id, PATCH} route","timestamp":"2025-04-29 04:47:36"}
{"context":"RouterExplorer","level":"info","message":"Mapped {/logistics/:id, DELETE} route","timestamp":"2025-04-29 04:47:36"}
{"context":"RouterExplorer","level":"info","message":"Mapped {/logistics/warehouse/:id, GET} route","timestamp":"2025-04-29 04:47:36"}
{"context":"RouterExplorer","level":"info","message":"Mapped {/logistics/warehouse/:id, POST} route","timestamp":"2025-04-29 04:47:36"}
{"context":"RoutesResolver","level":"info","message":"OrderController {/order}:","timestamp":"2025-04-29 04:47:36"}
{"context":"RouterExplorer","level":"info","message":"Mapped {/order, POST} route","timestamp":"2025-04-29 04:47:36"}
{"context":"RouterExplorer","level":"info","message":"Mapped {/order, GET} route","timestamp":"2025-04-29 04:47:36"}
{"context":"RouterExplorer","level":"info","message":"Mapped {/order/:id, GET} route","timestamp":"2025-04-29 04:47:36"}
{"context":"RouterExplorer","level":"info","message":"Mapped {/order/:id, PATCH} route","timestamp":"2025-04-29 04:47:36"}
{"context":"RouterExplorer","level":"info","message":"Mapped {/order/:id, DELETE} route","timestamp":"2025-04-29 04:47:36"}
{"context":"RouterExplorer","level":"info","message":"Mapped {/order/batch/update-status, POST} route","timestamp":"2025-04-29 04:47:36"}
{"context":"NestApplication","level":"info","message":"Nest application successfully started","timestamp":"2025-04-29 04:47:36"}
{"context":"Bootstrap","level":"info","message":"애플리케이션이 3001 포트에서 시작되었습니다","timestamp":"2025-04-29 04:47:36"}
{"context":"HttpExceptionFilter","level":"error","message":"[예외] POST / 401 - Bearer 토큰 검증 실패","timestamp":"2025-04-29 04:47:40","trace":"UnauthorizedException: Bearer 토큰 검증 실패\n    at MiddlewareHost.bearerTokenValidate (/app/src/auth/middleware/tokenAuthanticator.middleware.ts:154:13)\n    at process.processTicksAndRejections (node:internal/process/task_queues:95:5)\n    at async MiddlewareHost.use (/app/src/auth/middleware/tokenAuthanticator.middleware.ts:34:31)\n    at async /app/node_modules/.pnpm/@nestjs+core@10.4.17_@nestjs+common@10.4.17_class-transformer@0.5.1_class-validator@0.1_eae1b69253770746a482487d36064dac/node_modules/@nestjs/core/router/router-proxy.js:9:17"}
{"details":{"headers":{"accept":"*/*","accept-encoding":"gzip, deflate, br","authorization":"Bearer eyJhbGciOiJIUzI1NiIsInR5cCI6IkpXVCJ9.eyJzdWIiOjEwLCJyb2xlIjoxLCJ0eXBlIjoiYWNjZXNzIiwiaWF0IjoxNzQ1ODk0NTA1LCJleHAiOjE3NDU4OTc1MDV9.eISdy6EfP-A7WM_M-51geY8-UEUrXeobEbHo-IEcwug","cache-control":"no-cache","connection":"keep-alive","content-length":"120","content-type":"application/json","host":"localhost:3001","postman-token":"c00adeae-13e0-467f-ae69-b7dedfa60976","user-agent":"PostmanRuntime/7.43.3"},"ip":"::ffff:192.168.65.1","method":"POST","path":"/"},"event":"인증/인가 실패","level":"warn","message":"보안 이벤트","timestamp":"2025-04-29T04:47:40.108Z","userId":"unknown"}
{"context":"NestFactory","level":"info","message":"Starting Nest application...","timestamp":"2025-04-29 04:49:04"}
{"context":"InstanceLoader","level":"info","message":"TypeOrmModule dependencies initialized","timestamp":"2025-04-29 04:49:04"}
{"context":"InstanceLoader","level":"info","message":"JwtModule dependencies initialized","timestamp":"2025-04-29 04:49:04"}
{"context":"InstanceLoader","level":"info","message":"ConfigHostModule dependencies initialized","timestamp":"2025-04-29 04:49:04"}
{"context":"InstanceLoader","level":"info","message":"DiscoveryModule dependencies initialized","timestamp":"2025-04-29 04:49:04"}
{"context":"InstanceLoader","level":"info","message":"ConfigModule dependencies initialized","timestamp":"2025-04-29 04:49:04"}
{"context":"InstanceLoader","level":"info","message":"ConfigModule dependencies initialized","timestamp":"2025-04-29 04:49:04"}
{"context":"InstanceLoader","level":"info","message":"ScheduleModule dependencies initialized","timestamp":"2025-04-29 04:49:04"}
{"context":"InstanceLoader","level":"info","message":"LoggerModule dependencies initialized","timestamp":"2025-04-29 04:49:04"}
{"context":"InstanceLoader","level":"info","message":"WinstonModule dependencies initialized","timestamp":"2025-04-29 04:49:04"}
{"context":"InstanceLoader","level":"info","message":"TypeOrmCoreModule dependencies initialized","timestamp":"2025-04-29 04:49:04"}
{"context":"InstanceLoader","level":"info","message":"TypeOrmModule dependencies initialized","timestamp":"2025-04-29 04:49:04"}
{"context":"InstanceLoader","level":"info","message":"TypeOrmModule dependencies initialized","timestamp":"2025-04-29 04:49:04"}
{"context":"InstanceLoader","level":"info","message":"TypeOrmModule dependencies initialized","timestamp":"2025-04-29 04:49:04"}
{"context":"InstanceLoader","level":"info","message":"TypeOrmModule dependencies initialized","timestamp":"2025-04-29 04:49:04"}
{"context":"InstanceLoader","level":"info","message":"TypeOrmModule dependencies initialized","timestamp":"2025-04-29 04:49:04"}
{"context":"InstanceLoader","level":"info","message":"TypeOrmModule dependencies initialized","timestamp":"2025-04-29 04:49:04"}
{"context":"InstanceLoader","level":"info","message":"TypeOrmModule dependencies initialized","timestamp":"2025-04-29 04:49:04"}
{"context":"InstanceLoader","level":"info","message":"AppModule dependencies initialized","timestamp":"2025-04-29 04:49:04"}
{"context":"InstanceLoader","level":"info","message":"CommonModule dependencies initialized","timestamp":"2025-04-29 04:49:04"}
{"context":"InstanceLoader","level":"info","message":"AuthModule dependencies initialized","timestamp":"2025-04-29 04:49:04"}
{"context":"InstanceLoader","level":"info","message":"UserModule dependencies initialized","timestamp":"2025-04-29 04:49:04"}
{"context":"InstanceLoader","level":"info","message":"StoreModule dependencies initialized","timestamp":"2025-04-29 04:49:04"}
{"context":"InstanceLoader","level":"info","message":"OwnerModule dependencies initialized","timestamp":"2025-04-29 04:49:04"}
{"context":"InstanceLoader","level":"info","message":"ItemModule dependencies initialized","timestamp":"2025-04-29 04:49:04"}
{"context":"InstanceLoader","level":"info","message":"LogisticsModule dependencies initialized","timestamp":"2025-04-29 04:49:04"}
{"context":"InstanceLoader","level":"info","message":"OrderModule dependencies initialized","timestamp":"2025-04-29 04:49:04"}
{"context":"RoutesResolver","level":"info","message":"UserController {/user}:","timestamp":"2025-04-29 04:49:04"}
{"context":"RouterExplorer","level":"info","message":"Mapped {/user, POST} route","timestamp":"2025-04-29 04:49:04"}
{"context":"RouterExplorer","level":"info","message":"Mapped {/user, GET} route","timestamp":"2025-04-29 04:49:04"}
{"context":"RouterExplorer","level":"info","message":"Mapped {/user/:id, GET} route","timestamp":"2025-04-29 04:49:04"}
{"context":"RouterExplorer","level":"info","message":"Mapped {/user/:id, PATCH} route","timestamp":"2025-04-29 04:49:04"}
{"context":"RouterExplorer","level":"info","message":"Mapped {/user/:id, DELETE} route","timestamp":"2025-04-29 04:49:04"}
{"context":"RoutesResolver","level":"info","message":"AuthController {/auth}:","timestamp":"2025-04-29 04:49:04"}
{"context":"RouterExplorer","level":"info","message":"Mapped {/auth/login, POST} route","timestamp":"2025-04-29 04:49:04"}
{"context":"RouterExplorer","level":"info","message":"Mapped {/auth/token/newToken, POST} route","timestamp":"2025-04-29 04:49:04"}
{"context":"RoutesResolver","level":"info","message":"StoreController {/store}:","timestamp":"2025-04-29 04:49:04"}
{"context":"RouterExplorer","level":"info","message":"Mapped {/store, POST} route","timestamp":"2025-04-29 04:49:04"}
{"context":"RouterExplorer","level":"info","message":"Mapped {/store, GET} route","timestamp":"2025-04-29 04:49:04"}
{"context":"RouterExplorer","level":"info","message":"Mapped {/store/:id, GET} route","timestamp":"2025-04-29 04:49:04"}
{"context":"RouterExplorer","level":"info","message":"Mapped {/store/:id, PATCH} route","timestamp":"2025-04-29 04:49:04"}
{"context":"RouterExplorer","level":"info","message":"Mapped {/store/:id, DELETE} route","timestamp":"2025-04-29 04:49:04"}
{"context":"RouterExplorer","level":"info","message":"Mapped {/store/warehouse, POST} route","timestamp":"2025-04-29 04:49:04"}
{"context":"RoutesResolver","level":"info","message":"OwnerController {/owner}:","timestamp":"2025-04-29 04:49:04"}
{"context":"RouterExplorer","level":"info","message":"Mapped {/owner, POST} route","timestamp":"2025-04-29 04:49:04"}
{"context":"RouterExplorer","level":"info","message":"Mapped {/owner, GET} route","timestamp":"2025-04-29 04:49:04"}
{"context":"RouterExplorer","level":"info","message":"Mapped {/owner/:id, GET} route","timestamp":"2025-04-29 04:49:04"}
{"context":"RouterExplorer","level":"info","message":"Mapped {/owner/:id, PATCH} route","timestamp":"2025-04-29 04:49:04"}
{"context":"RouterExplorer","level":"info","message":"Mapped {/owner/:id, DELETE} route","timestamp":"2025-04-29 04:49:04"}
{"context":"RoutesResolver","level":"info","message":"ItemController {/item}:","timestamp":"2025-04-29 04:49:04"}
{"context":"RouterExplorer","level":"info","message":"Mapped {/item, POST} route","timestamp":"2025-04-29 04:49:04"}
{"context":"RouterExplorer","level":"info","message":"Mapped {/item, GET} route","timestamp":"2025-04-29 04:49:04"}
{"context":"RouterExplorer","level":"info","message":"Mapped {/item/:id, GET} route","timestamp":"2025-04-29 04:49:04"}
{"context":"RouterExplorer","level":"info","message":"Mapped {/item/:id, PATCH} route","timestamp":"2025-04-29 04:49:04"}
{"context":"RouterExplorer","level":"info","message":"Mapped {/item/:id, DELETE} route","timestamp":"2025-04-29 04:49:04"}
{"context":"RouterExplorer","level":"info","message":"Mapped {/item/logistics, POST} route","timestamp":"2025-04-29 04:49:04"}
{"context":"RoutesResolver","level":"info","message":"LogisticsController {/logistics}:","timestamp":"2025-04-29 04:49:04"}
{"context":"RouterExplorer","level":"info","message":"Mapped {/logistics, POST} route","timestamp":"2025-04-29 04:49:04"}
{"context":"RouterExplorer","level":"info","message":"Mapped {/logistics, GET} route","timestamp":"2025-04-29 04:49:04"}
{"context":"RouterExplorer","level":"info","message":"Mapped {/logistics/:id, GET} route","timestamp":"2025-04-29 04:49:04"}
{"context":"RouterExplorer","level":"info","message":"Mapped {/logistics/:id, PATCH} route","timestamp":"2025-04-29 04:49:04"}
{"context":"RouterExplorer","level":"info","message":"Mapped {/logistics/:id, DELETE} route","timestamp":"2025-04-29 04:49:04"}
{"context":"RouterExplorer","level":"info","message":"Mapped {/logistics/warehouse/:id, GET} route","timestamp":"2025-04-29 04:49:04"}
{"context":"RouterExplorer","level":"info","message":"Mapped {/logistics/warehouse/:id, POST} route","timestamp":"2025-04-29 04:49:04"}
{"context":"RoutesResolver","level":"info","message":"OrderController {/order}:","timestamp":"2025-04-29 04:49:04"}
{"context":"RouterExplorer","level":"info","message":"Mapped {/order, POST} route","timestamp":"2025-04-29 04:49:04"}
{"context":"RouterExplorer","level":"info","message":"Mapped {/order, GET} route","timestamp":"2025-04-29 04:49:04"}
{"context":"RouterExplorer","level":"info","message":"Mapped {/order/:id, GET} route","timestamp":"2025-04-29 04:49:04"}
{"context":"RouterExplorer","level":"info","message":"Mapped {/order/:id, PATCH} route","timestamp":"2025-04-29 04:49:04"}
{"context":"RouterExplorer","level":"info","message":"Mapped {/order/:id, DELETE} route","timestamp":"2025-04-29 04:49:04"}
{"context":"RouterExplorer","level":"info","message":"Mapped {/order/batch/update-status, POST} route","timestamp":"2025-04-29 04:49:04"}
{"context":"NestApplication","level":"info","message":"Nest application successfully started","timestamp":"2025-04-29 04:49:04"}
{"context":"Bootstrap","level":"info","message":"애플리케이션이 3001 포트에서 시작되었습니다","timestamp":"2025-04-29 04:49:04"}
{"context":"NestFactory","level":"info","message":"Starting Nest application...","timestamp":"2025-04-29 04:51:03"}
{"context":"InstanceLoader","level":"info","message":"TypeOrmModule dependencies initialized","timestamp":"2025-04-29 04:51:03"}
{"context":"InstanceLoader","level":"info","message":"JwtModule dependencies initialized","timestamp":"2025-04-29 04:51:03"}
{"context":"InstanceLoader","level":"info","message":"ConfigHostModule dependencies initialized","timestamp":"2025-04-29 04:51:03"}
{"context":"InstanceLoader","level":"info","message":"DiscoveryModule dependencies initialized","timestamp":"2025-04-29 04:51:03"}
{"context":"InstanceLoader","level":"info","message":"ConfigModule dependencies initialized","timestamp":"2025-04-29 04:51:03"}
{"context":"InstanceLoader","level":"info","message":"ConfigModule dependencies initialized","timestamp":"2025-04-29 04:51:03"}
{"context":"InstanceLoader","level":"info","message":"ScheduleModule dependencies initialized","timestamp":"2025-04-29 04:51:03"}
{"context":"InstanceLoader","level":"info","message":"LoggerModule dependencies initialized","timestamp":"2025-04-29 04:51:03"}
{"context":"InstanceLoader","level":"info","message":"WinstonModule dependencies initialized","timestamp":"2025-04-29 04:51:03"}
{"context":"InstanceLoader","level":"info","message":"TypeOrmCoreModule dependencies initialized","timestamp":"2025-04-29 04:51:03"}
{"context":"InstanceLoader","level":"info","message":"TypeOrmModule dependencies initialized","timestamp":"2025-04-29 04:51:03"}
{"context":"InstanceLoader","level":"info","message":"TypeOrmModule dependencies initialized","timestamp":"2025-04-29 04:51:03"}
{"context":"InstanceLoader","level":"info","message":"TypeOrmModule dependencies initialized","timestamp":"2025-04-29 04:51:03"}
{"context":"InstanceLoader","level":"info","message":"TypeOrmModule dependencies initialized","timestamp":"2025-04-29 04:51:03"}
{"context":"InstanceLoader","level":"info","message":"TypeOrmModule dependencies initialized","timestamp":"2025-04-29 04:51:03"}
{"context":"InstanceLoader","level":"info","message":"TypeOrmModule dependencies initialized","timestamp":"2025-04-29 04:51:03"}
{"context":"InstanceLoader","level":"info","message":"TypeOrmModule dependencies initialized","timestamp":"2025-04-29 04:51:03"}
{"context":"InstanceLoader","level":"info","message":"AppModule dependencies initialized","timestamp":"2025-04-29 04:51:03"}
{"context":"InstanceLoader","level":"info","message":"CommonModule dependencies initialized","timestamp":"2025-04-29 04:51:03"}
{"context":"InstanceLoader","level":"info","message":"AuthModule dependencies initialized","timestamp":"2025-04-29 04:51:03"}
{"context":"InstanceLoader","level":"info","message":"UserModule dependencies initialized","timestamp":"2025-04-29 04:51:03"}
{"context":"InstanceLoader","level":"info","message":"StoreModule dependencies initialized","timestamp":"2025-04-29 04:51:03"}
{"context":"InstanceLoader","level":"info","message":"OwnerModule dependencies initialized","timestamp":"2025-04-29 04:51:03"}
{"context":"InstanceLoader","level":"info","message":"ItemModule dependencies initialized","timestamp":"2025-04-29 04:51:03"}
{"context":"InstanceLoader","level":"info","message":"LogisticsModule dependencies initialized","timestamp":"2025-04-29 04:51:03"}
{"context":"InstanceLoader","level":"info","message":"OrderModule dependencies initialized","timestamp":"2025-04-29 04:51:03"}
{"context":"RoutesResolver","level":"info","message":"UserController {/user}:","timestamp":"2025-04-29 04:51:03"}
{"context":"RouterExplorer","level":"info","message":"Mapped {/user, POST} route","timestamp":"2025-04-29 04:51:03"}
{"context":"RouterExplorer","level":"info","message":"Mapped {/user, GET} route","timestamp":"2025-04-29 04:51:03"}
{"context":"RouterExplorer","level":"info","message":"Mapped {/user/:id, GET} route","timestamp":"2025-04-29 04:51:03"}
{"context":"RouterExplorer","level":"info","message":"Mapped {/user/:id, PATCH} route","timestamp":"2025-04-29 04:51:03"}
{"context":"RouterExplorer","level":"info","message":"Mapped {/user/:id, DELETE} route","timestamp":"2025-04-29 04:51:03"}
{"context":"RoutesResolver","level":"info","message":"AuthController {/auth}:","timestamp":"2025-04-29 04:51:03"}
{"context":"RouterExplorer","level":"info","message":"Mapped {/auth/login, POST} route","timestamp":"2025-04-29 04:51:03"}
{"context":"RouterExplorer","level":"info","message":"Mapped {/auth/token/newToken, POST} route","timestamp":"2025-04-29 04:51:03"}
{"context":"RoutesResolver","level":"info","message":"StoreController {/store}:","timestamp":"2025-04-29 04:51:03"}
{"context":"RouterExplorer","level":"info","message":"Mapped {/store, POST} route","timestamp":"2025-04-29 04:51:03"}
{"context":"RouterExplorer","level":"info","message":"Mapped {/store, GET} route","timestamp":"2025-04-29 04:51:03"}
{"context":"RouterExplorer","level":"info","message":"Mapped {/store/:id, GET} route","timestamp":"2025-04-29 04:51:03"}
{"context":"RouterExplorer","level":"info","message":"Mapped {/store/:id, PATCH} route","timestamp":"2025-04-29 04:51:03"}
{"context":"RouterExplorer","level":"info","message":"Mapped {/store/:id, DELETE} route","timestamp":"2025-04-29 04:51:03"}
{"context":"RouterExplorer","level":"info","message":"Mapped {/store/warehouse, POST} route","timestamp":"2025-04-29 04:51:03"}
{"context":"RoutesResolver","level":"info","message":"OwnerController {/owner}:","timestamp":"2025-04-29 04:51:03"}
{"context":"RouterExplorer","level":"info","message":"Mapped {/owner, POST} route","timestamp":"2025-04-29 04:51:03"}
{"context":"RouterExplorer","level":"info","message":"Mapped {/owner, GET} route","timestamp":"2025-04-29 04:51:03"}
{"context":"RouterExplorer","level":"info","message":"Mapped {/owner/:id, GET} route","timestamp":"2025-04-29 04:51:03"}
{"context":"RouterExplorer","level":"info","message":"Mapped {/owner/:id, PATCH} route","timestamp":"2025-04-29 04:51:03"}
{"context":"RouterExplorer","level":"info","message":"Mapped {/owner/:id, DELETE} route","timestamp":"2025-04-29 04:51:03"}
{"context":"RoutesResolver","level":"info","message":"ItemController {/item}:","timestamp":"2025-04-29 04:51:03"}
{"context":"RouterExplorer","level":"info","message":"Mapped {/item, POST} route","timestamp":"2025-04-29 04:51:03"}
{"context":"RouterExplorer","level":"info","message":"Mapped {/item, GET} route","timestamp":"2025-04-29 04:51:03"}
{"context":"RouterExplorer","level":"info","message":"Mapped {/item/:id, GET} route","timestamp":"2025-04-29 04:51:03"}
{"context":"RouterExplorer","level":"info","message":"Mapped {/item/:id, PATCH} route","timestamp":"2025-04-29 04:51:03"}
{"context":"RouterExplorer","level":"info","message":"Mapped {/item/:id, DELETE} route","timestamp":"2025-04-29 04:51:03"}
{"context":"RouterExplorer","level":"info","message":"Mapped {/item/logistics, POST} route","timestamp":"2025-04-29 04:51:03"}
{"context":"RoutesResolver","level":"info","message":"LogisticsController {/logistics}:","timestamp":"2025-04-29 04:51:03"}
{"context":"RouterExplorer","level":"info","message":"Mapped {/logistics, POST} route","timestamp":"2025-04-29 04:51:03"}
{"context":"RouterExplorer","level":"info","message":"Mapped {/logistics, GET} route","timestamp":"2025-04-29 04:51:03"}
{"context":"RouterExplorer","level":"info","message":"Mapped {/logistics/:id, GET} route","timestamp":"2025-04-29 04:51:03"}
{"context":"RouterExplorer","level":"info","message":"Mapped {/logistics/:id, PATCH} route","timestamp":"2025-04-29 04:51:03"}
{"context":"RouterExplorer","level":"info","message":"Mapped {/logistics/:id, DELETE} route","timestamp":"2025-04-29 04:51:03"}
{"context":"RouterExplorer","level":"info","message":"Mapped {/logistics/warehouse/:id, GET} route","timestamp":"2025-04-29 04:51:03"}
{"context":"RouterExplorer","level":"info","message":"Mapped {/logistics/warehouse/:id, POST} route","timestamp":"2025-04-29 04:51:03"}
{"context":"RoutesResolver","level":"info","message":"OrderController {/order}:","timestamp":"2025-04-29 04:51:03"}
{"context":"RouterExplorer","level":"info","message":"Mapped {/order, POST} route","timestamp":"2025-04-29 04:51:03"}
{"context":"RouterExplorer","level":"info","message":"Mapped {/order, GET} route","timestamp":"2025-04-29 04:51:03"}
{"context":"RouterExplorer","level":"info","message":"Mapped {/order/:id, GET} route","timestamp":"2025-04-29 04:51:03"}
{"context":"RouterExplorer","level":"info","message":"Mapped {/order/:id, PATCH} route","timestamp":"2025-04-29 04:51:03"}
{"context":"RouterExplorer","level":"info","message":"Mapped {/order/:id, DELETE} route","timestamp":"2025-04-29 04:51:03"}
{"context":"RouterExplorer","level":"info","message":"Mapped {/order/batch/update-status, POST} route","timestamp":"2025-04-29 04:51:03"}
{"context":"NestApplication","level":"info","message":"Nest application successfully started","timestamp":"2025-04-29 04:51:03"}
{"context":"Bootstrap","level":"info","message":"애플리케이션이 3001 포트에서 시작되었습니다","timestamp":"2025-04-29 04:51:03"}
{"context":"NestFactory","level":"info","message":"Starting Nest application...","timestamp":"2025-04-29 04:51:44"}
{"context":"InstanceLoader","level":"info","message":"TypeOrmModule dependencies initialized","timestamp":"2025-04-29 04:51:44"}
{"context":"InstanceLoader","level":"info","message":"JwtModule dependencies initialized","timestamp":"2025-04-29 04:51:44"}
{"context":"InstanceLoader","level":"info","message":"ConfigHostModule dependencies initialized","timestamp":"2025-04-29 04:51:44"}
{"context":"InstanceLoader","level":"info","message":"DiscoveryModule dependencies initialized","timestamp":"2025-04-29 04:51:44"}
{"context":"InstanceLoader","level":"info","message":"ConfigModule dependencies initialized","timestamp":"2025-04-29 04:51:44"}
{"context":"InstanceLoader","level":"info","message":"ConfigModule dependencies initialized","timestamp":"2025-04-29 04:51:44"}
{"context":"InstanceLoader","level":"info","message":"ScheduleModule dependencies initialized","timestamp":"2025-04-29 04:51:44"}
{"context":"InstanceLoader","level":"info","message":"LoggerModule dependencies initialized","timestamp":"2025-04-29 04:51:44"}
{"context":"InstanceLoader","level":"info","message":"WinstonModule dependencies initialized","timestamp":"2025-04-29 04:51:44"}
{"context":"InstanceLoader","level":"info","message":"TypeOrmCoreModule dependencies initialized","timestamp":"2025-04-29 04:51:44"}
{"context":"InstanceLoader","level":"info","message":"TypeOrmModule dependencies initialized","timestamp":"2025-04-29 04:51:44"}
{"context":"InstanceLoader","level":"info","message":"TypeOrmModule dependencies initialized","timestamp":"2025-04-29 04:51:44"}
{"context":"InstanceLoader","level":"info","message":"TypeOrmModule dependencies initialized","timestamp":"2025-04-29 04:51:44"}
{"context":"InstanceLoader","level":"info","message":"TypeOrmModule dependencies initialized","timestamp":"2025-04-29 04:51:44"}
{"context":"InstanceLoader","level":"info","message":"TypeOrmModule dependencies initialized","timestamp":"2025-04-29 04:51:44"}
{"context":"InstanceLoader","level":"info","message":"TypeOrmModule dependencies initialized","timestamp":"2025-04-29 04:51:44"}
{"context":"InstanceLoader","level":"info","message":"TypeOrmModule dependencies initialized","timestamp":"2025-04-29 04:51:44"}
{"context":"InstanceLoader","level":"info","message":"AppModule dependencies initialized","timestamp":"2025-04-29 04:51:44"}
{"context":"InstanceLoader","level":"info","message":"CommonModule dependencies initialized","timestamp":"2025-04-29 04:51:44"}
{"context":"InstanceLoader","level":"info","message":"AuthModule dependencies initialized","timestamp":"2025-04-29 04:51:44"}
{"context":"InstanceLoader","level":"info","message":"UserModule dependencies initialized","timestamp":"2025-04-29 04:51:44"}
{"context":"InstanceLoader","level":"info","message":"StoreModule dependencies initialized","timestamp":"2025-04-29 04:51:44"}
{"context":"InstanceLoader","level":"info","message":"OwnerModule dependencies initialized","timestamp":"2025-04-29 04:51:44"}
{"context":"InstanceLoader","level":"info","message":"ItemModule dependencies initialized","timestamp":"2025-04-29 04:51:44"}
{"context":"InstanceLoader","level":"info","message":"LogisticsModule dependencies initialized","timestamp":"2025-04-29 04:51:44"}
{"context":"InstanceLoader","level":"info","message":"OrderModule dependencies initialized","timestamp":"2025-04-29 04:51:44"}
{"context":"RoutesResolver","level":"info","message":"UserController {/user}:","timestamp":"2025-04-29 04:51:44"}
{"context":"RouterExplorer","level":"info","message":"Mapped {/user, POST} route","timestamp":"2025-04-29 04:51:44"}
{"context":"RouterExplorer","level":"info","message":"Mapped {/user, GET} route","timestamp":"2025-04-29 04:51:44"}
{"context":"RouterExplorer","level":"info","message":"Mapped {/user/:id, GET} route","timestamp":"2025-04-29 04:51:44"}
{"context":"RouterExplorer","level":"info","message":"Mapped {/user/:id, PATCH} route","timestamp":"2025-04-29 04:51:44"}
{"context":"RouterExplorer","level":"info","message":"Mapped {/user/:id, DELETE} route","timestamp":"2025-04-29 04:51:44"}
{"context":"RoutesResolver","level":"info","message":"AuthController {/auth}:","timestamp":"2025-04-29 04:51:44"}
{"context":"RouterExplorer","level":"info","message":"Mapped {/auth/login, POST} route","timestamp":"2025-04-29 04:51:44"}
{"context":"RouterExplorer","level":"info","message":"Mapped {/auth/token/newToken, POST} route","timestamp":"2025-04-29 04:51:44"}
{"context":"RoutesResolver","level":"info","message":"StoreController {/store}:","timestamp":"2025-04-29 04:51:44"}
{"context":"RouterExplorer","level":"info","message":"Mapped {/store, POST} route","timestamp":"2025-04-29 04:51:44"}
{"context":"RouterExplorer","level":"info","message":"Mapped {/store, GET} route","timestamp":"2025-04-29 04:51:44"}
{"context":"RouterExplorer","level":"info","message":"Mapped {/store/:id, GET} route","timestamp":"2025-04-29 04:51:44"}
{"context":"RouterExplorer","level":"info","message":"Mapped {/store/:id, PATCH} route","timestamp":"2025-04-29 04:51:44"}
{"context":"RouterExplorer","level":"info","message":"Mapped {/store/:id, DELETE} route","timestamp":"2025-04-29 04:51:44"}
{"context":"RouterExplorer","level":"info","message":"Mapped {/store/warehouse, POST} route","timestamp":"2025-04-29 04:51:44"}
{"context":"RoutesResolver","level":"info","message":"OwnerController {/owner}:","timestamp":"2025-04-29 04:51:44"}
{"context":"RouterExplorer","level":"info","message":"Mapped {/owner, POST} route","timestamp":"2025-04-29 04:51:44"}
{"context":"RouterExplorer","level":"info","message":"Mapped {/owner, GET} route","timestamp":"2025-04-29 04:51:44"}
{"context":"RouterExplorer","level":"info","message":"Mapped {/owner/:id, GET} route","timestamp":"2025-04-29 04:51:44"}
{"context":"RouterExplorer","level":"info","message":"Mapped {/owner/:id, PATCH} route","timestamp":"2025-04-29 04:51:44"}
{"context":"RouterExplorer","level":"info","message":"Mapped {/owner/:id, DELETE} route","timestamp":"2025-04-29 04:51:44"}
{"context":"RoutesResolver","level":"info","message":"ItemController {/item}:","timestamp":"2025-04-29 04:51:44"}
{"context":"RouterExplorer","level":"info","message":"Mapped {/item, POST} route","timestamp":"2025-04-29 04:51:44"}
{"context":"RouterExplorer","level":"info","message":"Mapped {/item, GET} route","timestamp":"2025-04-29 04:51:44"}
{"context":"RouterExplorer","level":"info","message":"Mapped {/item/:id, GET} route","timestamp":"2025-04-29 04:51:44"}
{"context":"RouterExplorer","level":"info","message":"Mapped {/item/:id, PATCH} route","timestamp":"2025-04-29 04:51:44"}
{"context":"RouterExplorer","level":"info","message":"Mapped {/item/:id, DELETE} route","timestamp":"2025-04-29 04:51:44"}
{"context":"RouterExplorer","level":"info","message":"Mapped {/item/logistics, POST} route","timestamp":"2025-04-29 04:51:44"}
{"context":"RoutesResolver","level":"info","message":"LogisticsController {/logistics}:","timestamp":"2025-04-29 04:51:44"}
{"context":"RouterExplorer","level":"info","message":"Mapped {/logistics, POST} route","timestamp":"2025-04-29 04:51:44"}
{"context":"RouterExplorer","level":"info","message":"Mapped {/logistics, GET} route","timestamp":"2025-04-29 04:51:44"}
{"context":"RouterExplorer","level":"info","message":"Mapped {/logistics/:id, GET} route","timestamp":"2025-04-29 04:51:44"}
{"context":"RouterExplorer","level":"info","message":"Mapped {/logistics/:id, PATCH} route","timestamp":"2025-04-29 04:51:44"}
{"context":"RouterExplorer","level":"info","message":"Mapped {/logistics/:id, DELETE} route","timestamp":"2025-04-29 04:51:44"}
{"context":"RouterExplorer","level":"info","message":"Mapped {/logistics/warehouse/:id, GET} route","timestamp":"2025-04-29 04:51:44"}
{"context":"RouterExplorer","level":"info","message":"Mapped {/logistics/warehouse/:id, POST} route","timestamp":"2025-04-29 04:51:44"}
{"context":"RoutesResolver","level":"info","message":"OrderController {/order}:","timestamp":"2025-04-29 04:51:44"}
{"context":"RouterExplorer","level":"info","message":"Mapped {/order, POST} route","timestamp":"2025-04-29 04:51:44"}
{"context":"RouterExplorer","level":"info","message":"Mapped {/order, GET} route","timestamp":"2025-04-29 04:51:44"}
{"context":"RouterExplorer","level":"info","message":"Mapped {/order/:id, GET} route","timestamp":"2025-04-29 04:51:44"}
{"context":"RouterExplorer","level":"info","message":"Mapped {/order/:id, PATCH} route","timestamp":"2025-04-29 04:51:44"}
{"context":"RouterExplorer","level":"info","message":"Mapped {/order/:id, DELETE} route","timestamp":"2025-04-29 04:51:44"}
{"context":"RouterExplorer","level":"info","message":"Mapped {/order/batch/update-status, POST} route","timestamp":"2025-04-29 04:51:44"}
{"context":"NestApplication","level":"info","message":"Nest application successfully started","timestamp":"2025-04-29 04:51:44"}
{"context":"Bootstrap","level":"info","message":"애플리케이션이 3001 포트에서 시작되었습니다","timestamp":"2025-04-29 04:51:44"}
{"context":"NestFactory","level":"info","message":"Starting Nest application...","timestamp":"2025-04-29 04:52:17"}
{"context":"InstanceLoader","level":"info","message":"TypeOrmModule dependencies initialized","timestamp":"2025-04-29 04:52:17"}
{"context":"InstanceLoader","level":"info","message":"JwtModule dependencies initialized","timestamp":"2025-04-29 04:52:17"}
{"context":"InstanceLoader","level":"info","message":"ConfigHostModule dependencies initialized","timestamp":"2025-04-29 04:52:17"}
{"context":"InstanceLoader","level":"info","message":"DiscoveryModule dependencies initialized","timestamp":"2025-04-29 04:52:17"}
{"context":"InstanceLoader","level":"info","message":"ConfigModule dependencies initialized","timestamp":"2025-04-29 04:52:17"}
{"context":"InstanceLoader","level":"info","message":"ConfigModule dependencies initialized","timestamp":"2025-04-29 04:52:17"}
{"context":"InstanceLoader","level":"info","message":"ScheduleModule dependencies initialized","timestamp":"2025-04-29 04:52:17"}
{"context":"InstanceLoader","level":"info","message":"LoggerModule dependencies initialized","timestamp":"2025-04-29 04:52:17"}
{"context":"InstanceLoader","level":"info","message":"WinstonModule dependencies initialized","timestamp":"2025-04-29 04:52:17"}
{"context":"InstanceLoader","level":"info","message":"TypeOrmCoreModule dependencies initialized","timestamp":"2025-04-29 04:52:17"}
{"context":"InstanceLoader","level":"info","message":"TypeOrmModule dependencies initialized","timestamp":"2025-04-29 04:52:17"}
{"context":"InstanceLoader","level":"info","message":"TypeOrmModule dependencies initialized","timestamp":"2025-04-29 04:52:17"}
{"context":"InstanceLoader","level":"info","message":"TypeOrmModule dependencies initialized","timestamp":"2025-04-29 04:52:17"}
{"context":"InstanceLoader","level":"info","message":"TypeOrmModule dependencies initialized","timestamp":"2025-04-29 04:52:17"}
{"context":"InstanceLoader","level":"info","message":"TypeOrmModule dependencies initialized","timestamp":"2025-04-29 04:52:17"}
{"context":"InstanceLoader","level":"info","message":"TypeOrmModule dependencies initialized","timestamp":"2025-04-29 04:52:17"}
{"context":"InstanceLoader","level":"info","message":"TypeOrmModule dependencies initialized","timestamp":"2025-04-29 04:52:17"}
{"context":"InstanceLoader","level":"info","message":"AppModule dependencies initialized","timestamp":"2025-04-29 04:52:17"}
{"context":"InstanceLoader","level":"info","message":"CommonModule dependencies initialized","timestamp":"2025-04-29 04:52:17"}
{"context":"InstanceLoader","level":"info","message":"AuthModule dependencies initialized","timestamp":"2025-04-29 04:52:17"}
{"context":"InstanceLoader","level":"info","message":"UserModule dependencies initialized","timestamp":"2025-04-29 04:52:17"}
{"context":"InstanceLoader","level":"info","message":"StoreModule dependencies initialized","timestamp":"2025-04-29 04:52:17"}
{"context":"InstanceLoader","level":"info","message":"OwnerModule dependencies initialized","timestamp":"2025-04-29 04:52:17"}
{"context":"InstanceLoader","level":"info","message":"ItemModule dependencies initialized","timestamp":"2025-04-29 04:52:17"}
{"context":"InstanceLoader","level":"info","message":"LogisticsModule dependencies initialized","timestamp":"2025-04-29 04:52:17"}
{"context":"InstanceLoader","level":"info","message":"OrderModule dependencies initialized","timestamp":"2025-04-29 04:52:17"}
{"context":"RoutesResolver","level":"info","message":"UserController {/user}:","timestamp":"2025-04-29 04:52:17"}
{"context":"RouterExplorer","level":"info","message":"Mapped {/user, POST} route","timestamp":"2025-04-29 04:52:17"}
{"context":"RouterExplorer","level":"info","message":"Mapped {/user, GET} route","timestamp":"2025-04-29 04:52:17"}
{"context":"RouterExplorer","level":"info","message":"Mapped {/user/:id, GET} route","timestamp":"2025-04-29 04:52:17"}
{"context":"RouterExplorer","level":"info","message":"Mapped {/user/:id, PATCH} route","timestamp":"2025-04-29 04:52:17"}
{"context":"RouterExplorer","level":"info","message":"Mapped {/user/:id, DELETE} route","timestamp":"2025-04-29 04:52:17"}
{"context":"RoutesResolver","level":"info","message":"AuthController {/auth}:","timestamp":"2025-04-29 04:52:17"}
{"context":"RouterExplorer","level":"info","message":"Mapped {/auth/login, POST} route","timestamp":"2025-04-29 04:52:17"}
{"context":"RouterExplorer","level":"info","message":"Mapped {/auth/token/newToken, POST} route","timestamp":"2025-04-29 04:52:17"}
{"context":"RoutesResolver","level":"info","message":"StoreController {/store}:","timestamp":"2025-04-29 04:52:17"}
{"context":"RouterExplorer","level":"info","message":"Mapped {/store, POST} route","timestamp":"2025-04-29 04:52:17"}
{"context":"RouterExplorer","level":"info","message":"Mapped {/store, GET} route","timestamp":"2025-04-29 04:52:17"}
{"context":"RouterExplorer","level":"info","message":"Mapped {/store/:id, GET} route","timestamp":"2025-04-29 04:52:17"}
{"context":"RouterExplorer","level":"info","message":"Mapped {/store/:id, PATCH} route","timestamp":"2025-04-29 04:52:17"}
{"context":"RouterExplorer","level":"info","message":"Mapped {/store/:id, DELETE} route","timestamp":"2025-04-29 04:52:17"}
{"context":"RouterExplorer","level":"info","message":"Mapped {/store/warehouse, POST} route","timestamp":"2025-04-29 04:52:17"}
{"context":"RoutesResolver","level":"info","message":"OwnerController {/owner}:","timestamp":"2025-04-29 04:52:17"}
{"context":"RouterExplorer","level":"info","message":"Mapped {/owner, POST} route","timestamp":"2025-04-29 04:52:17"}
{"context":"RouterExplorer","level":"info","message":"Mapped {/owner, GET} route","timestamp":"2025-04-29 04:52:17"}
{"context":"RouterExplorer","level":"info","message":"Mapped {/owner/:id, GET} route","timestamp":"2025-04-29 04:52:17"}
{"context":"RouterExplorer","level":"info","message":"Mapped {/owner/:id, PATCH} route","timestamp":"2025-04-29 04:52:17"}
{"context":"RouterExplorer","level":"info","message":"Mapped {/owner/:id, DELETE} route","timestamp":"2025-04-29 04:52:17"}
{"context":"RoutesResolver","level":"info","message":"ItemController {/item}:","timestamp":"2025-04-29 04:52:17"}
{"context":"RouterExplorer","level":"info","message":"Mapped {/item, POST} route","timestamp":"2025-04-29 04:52:17"}
{"context":"RouterExplorer","level":"info","message":"Mapped {/item, GET} route","timestamp":"2025-04-29 04:52:17"}
{"context":"RouterExplorer","level":"info","message":"Mapped {/item/:id, GET} route","timestamp":"2025-04-29 04:52:17"}
{"context":"RouterExplorer","level":"info","message":"Mapped {/item/:id, PATCH} route","timestamp":"2025-04-29 04:52:17"}
{"context":"RouterExplorer","level":"info","message":"Mapped {/item/:id, DELETE} route","timestamp":"2025-04-29 04:52:17"}
{"context":"RouterExplorer","level":"info","message":"Mapped {/item/logistics, POST} route","timestamp":"2025-04-29 04:52:17"}
{"context":"RoutesResolver","level":"info","message":"LogisticsController {/logistics}:","timestamp":"2025-04-29 04:52:17"}
{"context":"RouterExplorer","level":"info","message":"Mapped {/logistics, POST} route","timestamp":"2025-04-29 04:52:17"}
{"context":"RouterExplorer","level":"info","message":"Mapped {/logistics, GET} route","timestamp":"2025-04-29 04:52:17"}
{"context":"RouterExplorer","level":"info","message":"Mapped {/logistics/:id, GET} route","timestamp":"2025-04-29 04:52:17"}
{"context":"RouterExplorer","level":"info","message":"Mapped {/logistics/:id, PATCH} route","timestamp":"2025-04-29 04:52:17"}
{"context":"RouterExplorer","level":"info","message":"Mapped {/logistics/:id, DELETE} route","timestamp":"2025-04-29 04:52:17"}
{"context":"RouterExplorer","level":"info","message":"Mapped {/logistics/warehouse/:id, GET} route","timestamp":"2025-04-29 04:52:17"}
{"context":"RouterExplorer","level":"info","message":"Mapped {/logistics/warehouse/:id, POST} route","timestamp":"2025-04-29 04:52:17"}
{"context":"RoutesResolver","level":"info","message":"OrderController {/order}:","timestamp":"2025-04-29 04:52:17"}
{"context":"RouterExplorer","level":"info","message":"Mapped {/order, POST} route","timestamp":"2025-04-29 04:52:17"}
{"context":"RouterExplorer","level":"info","message":"Mapped {/order, GET} route","timestamp":"2025-04-29 04:52:17"}
{"context":"RouterExplorer","level":"info","message":"Mapped {/order/:id, GET} route","timestamp":"2025-04-29 04:52:17"}
{"context":"RouterExplorer","level":"info","message":"Mapped {/order/:id, PATCH} route","timestamp":"2025-04-29 04:52:17"}
{"context":"RouterExplorer","level":"info","message":"Mapped {/order/:id, DELETE} route","timestamp":"2025-04-29 04:52:17"}
{"context":"RouterExplorer","level":"info","message":"Mapped {/order/batch/update-status, POST} route","timestamp":"2025-04-29 04:52:17"}
{"context":"NestApplication","level":"info","message":"Nest application successfully started","timestamp":"2025-04-29 04:52:17"}
{"context":"Bootstrap","level":"info","message":"애플리케이션이 3001 포트에서 시작되었습니다","timestamp":"2025-04-29 04:52:17"}
{"context":"NestFactory","level":"info","message":"Starting Nest application...","timestamp":"2025-04-29 04:52:26"}
{"context":"InstanceLoader","level":"info","message":"TypeOrmModule dependencies initialized","timestamp":"2025-04-29 04:52:26"}
{"context":"InstanceLoader","level":"info","message":"JwtModule dependencies initialized","timestamp":"2025-04-29 04:52:26"}
{"context":"InstanceLoader","level":"info","message":"ConfigHostModule dependencies initialized","timestamp":"2025-04-29 04:52:26"}
{"context":"InstanceLoader","level":"info","message":"DiscoveryModule dependencies initialized","timestamp":"2025-04-29 04:52:26"}
{"context":"InstanceLoader","level":"info","message":"ConfigModule dependencies initialized","timestamp":"2025-04-29 04:52:26"}
{"context":"InstanceLoader","level":"info","message":"ConfigModule dependencies initialized","timestamp":"2025-04-29 04:52:26"}
{"context":"InstanceLoader","level":"info","message":"ScheduleModule dependencies initialized","timestamp":"2025-04-29 04:52:26"}
{"context":"InstanceLoader","level":"info","message":"LoggerModule dependencies initialized","timestamp":"2025-04-29 04:52:26"}
{"context":"InstanceLoader","level":"info","message":"WinstonModule dependencies initialized","timestamp":"2025-04-29 04:52:26"}
{"context":"InstanceLoader","level":"info","message":"TypeOrmCoreModule dependencies initialized","timestamp":"2025-04-29 04:52:26"}
{"context":"InstanceLoader","level":"info","message":"TypeOrmModule dependencies initialized","timestamp":"2025-04-29 04:52:26"}
{"context":"InstanceLoader","level":"info","message":"TypeOrmModule dependencies initialized","timestamp":"2025-04-29 04:52:26"}
{"context":"InstanceLoader","level":"info","message":"TypeOrmModule dependencies initialized","timestamp":"2025-04-29 04:52:26"}
{"context":"InstanceLoader","level":"info","message":"TypeOrmModule dependencies initialized","timestamp":"2025-04-29 04:52:26"}
{"context":"InstanceLoader","level":"info","message":"TypeOrmModule dependencies initialized","timestamp":"2025-04-29 04:52:26"}
{"context":"InstanceLoader","level":"info","message":"TypeOrmModule dependencies initialized","timestamp":"2025-04-29 04:52:26"}
{"context":"InstanceLoader","level":"info","message":"TypeOrmModule dependencies initialized","timestamp":"2025-04-29 04:52:26"}
{"context":"InstanceLoader","level":"info","message":"AppModule dependencies initialized","timestamp":"2025-04-29 04:52:26"}
{"context":"InstanceLoader","level":"info","message":"CommonModule dependencies initialized","timestamp":"2025-04-29 04:52:26"}
{"context":"InstanceLoader","level":"info","message":"AuthModule dependencies initialized","timestamp":"2025-04-29 04:52:26"}
{"context":"InstanceLoader","level":"info","message":"UserModule dependencies initialized","timestamp":"2025-04-29 04:52:26"}
{"context":"InstanceLoader","level":"info","message":"StoreModule dependencies initialized","timestamp":"2025-04-29 04:52:26"}
{"context":"InstanceLoader","level":"info","message":"OwnerModule dependencies initialized","timestamp":"2025-04-29 04:52:26"}
{"context":"InstanceLoader","level":"info","message":"ItemModule dependencies initialized","timestamp":"2025-04-29 04:52:26"}
{"context":"InstanceLoader","level":"info","message":"LogisticsModule dependencies initialized","timestamp":"2025-04-29 04:52:26"}
{"context":"InstanceLoader","level":"info","message":"OrderModule dependencies initialized","timestamp":"2025-04-29 04:52:26"}
{"context":"RoutesResolver","level":"info","message":"UserController {/user}:","timestamp":"2025-04-29 04:52:26"}
{"context":"RouterExplorer","level":"info","message":"Mapped {/user, POST} route","timestamp":"2025-04-29 04:52:26"}
{"context":"RouterExplorer","level":"info","message":"Mapped {/user, GET} route","timestamp":"2025-04-29 04:52:26"}
{"context":"RouterExplorer","level":"info","message":"Mapped {/user/:id, GET} route","timestamp":"2025-04-29 04:52:26"}
{"context":"RouterExplorer","level":"info","message":"Mapped {/user/:id, PATCH} route","timestamp":"2025-04-29 04:52:26"}
{"context":"RouterExplorer","level":"info","message":"Mapped {/user/:id, DELETE} route","timestamp":"2025-04-29 04:52:26"}
{"context":"RoutesResolver","level":"info","message":"AuthController {/auth}:","timestamp":"2025-04-29 04:52:26"}
{"context":"RouterExplorer","level":"info","message":"Mapped {/auth/login, POST} route","timestamp":"2025-04-29 04:52:26"}
{"context":"RouterExplorer","level":"info","message":"Mapped {/auth/token/newToken, POST} route","timestamp":"2025-04-29 04:52:26"}
{"context":"RoutesResolver","level":"info","message":"StoreController {/store}:","timestamp":"2025-04-29 04:52:26"}
{"context":"RouterExplorer","level":"info","message":"Mapped {/store, POST} route","timestamp":"2025-04-29 04:52:26"}
{"context":"RouterExplorer","level":"info","message":"Mapped {/store, GET} route","timestamp":"2025-04-29 04:52:26"}
{"context":"RouterExplorer","level":"info","message":"Mapped {/store/:id, GET} route","timestamp":"2025-04-29 04:52:26"}
{"context":"RouterExplorer","level":"info","message":"Mapped {/store/:id, PATCH} route","timestamp":"2025-04-29 04:52:26"}
{"context":"RouterExplorer","level":"info","message":"Mapped {/store/:id, DELETE} route","timestamp":"2025-04-29 04:52:26"}
{"context":"RouterExplorer","level":"info","message":"Mapped {/store/warehouse, POST} route","timestamp":"2025-04-29 04:52:26"}
{"context":"RoutesResolver","level":"info","message":"OwnerController {/owner}:","timestamp":"2025-04-29 04:52:26"}
{"context":"RouterExplorer","level":"info","message":"Mapped {/owner, POST} route","timestamp":"2025-04-29 04:52:26"}
{"context":"RouterExplorer","level":"info","message":"Mapped {/owner, GET} route","timestamp":"2025-04-29 04:52:26"}
{"context":"RouterExplorer","level":"info","message":"Mapped {/owner/:id, GET} route","timestamp":"2025-04-29 04:52:26"}
{"context":"RouterExplorer","level":"info","message":"Mapped {/owner/:id, PATCH} route","timestamp":"2025-04-29 04:52:26"}
{"context":"RouterExplorer","level":"info","message":"Mapped {/owner/:id, DELETE} route","timestamp":"2025-04-29 04:52:26"}
{"context":"RoutesResolver","level":"info","message":"ItemController {/item}:","timestamp":"2025-04-29 04:52:26"}
{"context":"RouterExplorer","level":"info","message":"Mapped {/item, POST} route","timestamp":"2025-04-29 04:52:26"}
{"context":"RouterExplorer","level":"info","message":"Mapped {/item, GET} route","timestamp":"2025-04-29 04:52:26"}
{"context":"RouterExplorer","level":"info","message":"Mapped {/item/:id, GET} route","timestamp":"2025-04-29 04:52:26"}
{"context":"RouterExplorer","level":"info","message":"Mapped {/item/:id, PATCH} route","timestamp":"2025-04-29 04:52:26"}
{"context":"RouterExplorer","level":"info","message":"Mapped {/item/:id, DELETE} route","timestamp":"2025-04-29 04:52:26"}
{"context":"RouterExplorer","level":"info","message":"Mapped {/item/logistics, POST} route","timestamp":"2025-04-29 04:52:26"}
{"context":"RoutesResolver","level":"info","message":"LogisticsController {/logistics}:","timestamp":"2025-04-29 04:52:26"}
{"context":"RouterExplorer","level":"info","message":"Mapped {/logistics, POST} route","timestamp":"2025-04-29 04:52:26"}
{"context":"RouterExplorer","level":"info","message":"Mapped {/logistics, GET} route","timestamp":"2025-04-29 04:52:26"}
{"context":"RouterExplorer","level":"info","message":"Mapped {/logistics/:id, GET} route","timestamp":"2025-04-29 04:52:26"}
{"context":"RouterExplorer","level":"info","message":"Mapped {/logistics/:id, PATCH} route","timestamp":"2025-04-29 04:52:26"}
{"context":"RouterExplorer","level":"info","message":"Mapped {/logistics/:id, DELETE} route","timestamp":"2025-04-29 04:52:26"}
{"context":"RouterExplorer","level":"info","message":"Mapped {/logistics/warehouse/:id, GET} route","timestamp":"2025-04-29 04:52:26"}
{"context":"RouterExplorer","level":"info","message":"Mapped {/logistics/warehouse/:id, POST} route","timestamp":"2025-04-29 04:52:26"}
{"context":"RoutesResolver","level":"info","message":"OrderController {/order}:","timestamp":"2025-04-29 04:52:26"}
{"context":"RouterExplorer","level":"info","message":"Mapped {/order, POST} route","timestamp":"2025-04-29 04:52:26"}
{"context":"RouterExplorer","level":"info","message":"Mapped {/order, GET} route","timestamp":"2025-04-29 04:52:26"}
{"context":"RouterExplorer","level":"info","message":"Mapped {/order/:id, GET} route","timestamp":"2025-04-29 04:52:26"}
{"context":"RouterExplorer","level":"info","message":"Mapped {/order/:id, PATCH} route","timestamp":"2025-04-29 04:52:26"}
{"context":"RouterExplorer","level":"info","message":"Mapped {/order/:id, DELETE} route","timestamp":"2025-04-29 04:52:26"}
{"context":"RouterExplorer","level":"info","message":"Mapped {/order/batch/update-status, POST} route","timestamp":"2025-04-29 04:52:26"}
{"context":"NestApplication","level":"info","message":"Nest application successfully started","timestamp":"2025-04-29 04:52:26"}
{"context":"Bootstrap","level":"info","message":"애플리케이션이 3001 포트에서 시작되었습니다","timestamp":"2025-04-29 04:52:26"}
{"context":"NestFactory","level":"info","message":"Starting Nest application...","timestamp":"2025-04-29 04:52:33"}
{"context":"InstanceLoader","level":"info","message":"TypeOrmModule dependencies initialized","timestamp":"2025-04-29 04:52:33"}
{"context":"InstanceLoader","level":"info","message":"JwtModule dependencies initialized","timestamp":"2025-04-29 04:52:33"}
{"context":"InstanceLoader","level":"info","message":"ConfigHostModule dependencies initialized","timestamp":"2025-04-29 04:52:33"}
{"context":"InstanceLoader","level":"info","message":"DiscoveryModule dependencies initialized","timestamp":"2025-04-29 04:52:33"}
{"context":"InstanceLoader","level":"info","message":"ConfigModule dependencies initialized","timestamp":"2025-04-29 04:52:33"}
{"context":"InstanceLoader","level":"info","message":"ConfigModule dependencies initialized","timestamp":"2025-04-29 04:52:33"}
{"context":"InstanceLoader","level":"info","message":"ScheduleModule dependencies initialized","timestamp":"2025-04-29 04:52:33"}
{"context":"InstanceLoader","level":"info","message":"LoggerModule dependencies initialized","timestamp":"2025-04-29 04:52:33"}
{"context":"InstanceLoader","level":"info","message":"WinstonModule dependencies initialized","timestamp":"2025-04-29 04:52:33"}
{"context":"InstanceLoader","level":"info","message":"TypeOrmCoreModule dependencies initialized","timestamp":"2025-04-29 04:52:33"}
{"context":"InstanceLoader","level":"info","message":"TypeOrmModule dependencies initialized","timestamp":"2025-04-29 04:52:33"}
{"context":"InstanceLoader","level":"info","message":"TypeOrmModule dependencies initialized","timestamp":"2025-04-29 04:52:33"}
{"context":"InstanceLoader","level":"info","message":"TypeOrmModule dependencies initialized","timestamp":"2025-04-29 04:52:33"}
{"context":"InstanceLoader","level":"info","message":"TypeOrmModule dependencies initialized","timestamp":"2025-04-29 04:52:33"}
{"context":"InstanceLoader","level":"info","message":"TypeOrmModule dependencies initialized","timestamp":"2025-04-29 04:52:33"}
{"context":"InstanceLoader","level":"info","message":"TypeOrmModule dependencies initialized","timestamp":"2025-04-29 04:52:33"}
{"context":"InstanceLoader","level":"info","message":"TypeOrmModule dependencies initialized","timestamp":"2025-04-29 04:52:33"}
{"context":"InstanceLoader","level":"info","message":"AppModule dependencies initialized","timestamp":"2025-04-29 04:52:33"}
{"context":"InstanceLoader","level":"info","message":"CommonModule dependencies initialized","timestamp":"2025-04-29 04:52:33"}
{"context":"InstanceLoader","level":"info","message":"AuthModule dependencies initialized","timestamp":"2025-04-29 04:52:33"}
{"context":"InstanceLoader","level":"info","message":"UserModule dependencies initialized","timestamp":"2025-04-29 04:52:33"}
{"context":"InstanceLoader","level":"info","message":"StoreModule dependencies initialized","timestamp":"2025-04-29 04:52:33"}
{"context":"InstanceLoader","level":"info","message":"OwnerModule dependencies initialized","timestamp":"2025-04-29 04:52:33"}
{"context":"InstanceLoader","level":"info","message":"ItemModule dependencies initialized","timestamp":"2025-04-29 04:52:33"}
{"context":"InstanceLoader","level":"info","message":"LogisticsModule dependencies initialized","timestamp":"2025-04-29 04:52:33"}
{"context":"InstanceLoader","level":"info","message":"OrderModule dependencies initialized","timestamp":"2025-04-29 04:52:33"}
{"context":"RoutesResolver","level":"info","message":"UserController {/user}:","timestamp":"2025-04-29 04:52:33"}
{"context":"RouterExplorer","level":"info","message":"Mapped {/user, POST} route","timestamp":"2025-04-29 04:52:33"}
{"context":"RouterExplorer","level":"info","message":"Mapped {/user, GET} route","timestamp":"2025-04-29 04:52:33"}
{"context":"RouterExplorer","level":"info","message":"Mapped {/user/:id, GET} route","timestamp":"2025-04-29 04:52:33"}
{"context":"RouterExplorer","level":"info","message":"Mapped {/user/:id, PATCH} route","timestamp":"2025-04-29 04:52:33"}
{"context":"RouterExplorer","level":"info","message":"Mapped {/user/:id, DELETE} route","timestamp":"2025-04-29 04:52:33"}
{"context":"RoutesResolver","level":"info","message":"AuthController {/auth}:","timestamp":"2025-04-29 04:52:33"}
{"context":"RouterExplorer","level":"info","message":"Mapped {/auth/login, POST} route","timestamp":"2025-04-29 04:52:33"}
{"context":"RouterExplorer","level":"info","message":"Mapped {/auth/token/newToken, POST} route","timestamp":"2025-04-29 04:52:33"}
{"context":"RoutesResolver","level":"info","message":"StoreController {/store}:","timestamp":"2025-04-29 04:52:33"}
{"context":"RouterExplorer","level":"info","message":"Mapped {/store, POST} route","timestamp":"2025-04-29 04:52:33"}
{"context":"RouterExplorer","level":"info","message":"Mapped {/store, GET} route","timestamp":"2025-04-29 04:52:33"}
{"context":"RouterExplorer","level":"info","message":"Mapped {/store/:id, GET} route","timestamp":"2025-04-29 04:52:33"}
{"context":"RouterExplorer","level":"info","message":"Mapped {/store/:id, PATCH} route","timestamp":"2025-04-29 04:52:33"}
{"context":"RouterExplorer","level":"info","message":"Mapped {/store/:id, DELETE} route","timestamp":"2025-04-29 04:52:33"}
{"context":"RouterExplorer","level":"info","message":"Mapped {/store/warehouse, POST} route","timestamp":"2025-04-29 04:52:33"}
{"context":"RoutesResolver","level":"info","message":"OwnerController {/owner}:","timestamp":"2025-04-29 04:52:33"}
{"context":"RouterExplorer","level":"info","message":"Mapped {/owner, POST} route","timestamp":"2025-04-29 04:52:33"}
{"context":"RouterExplorer","level":"info","message":"Mapped {/owner, GET} route","timestamp":"2025-04-29 04:52:33"}
{"context":"RouterExplorer","level":"info","message":"Mapped {/owner/:id, GET} route","timestamp":"2025-04-29 04:52:33"}
{"context":"RouterExplorer","level":"info","message":"Mapped {/owner/:id, PATCH} route","timestamp":"2025-04-29 04:52:33"}
{"context":"RouterExplorer","level":"info","message":"Mapped {/owner/:id, DELETE} route","timestamp":"2025-04-29 04:52:33"}
{"context":"RoutesResolver","level":"info","message":"ItemController {/item}:","timestamp":"2025-04-29 04:52:33"}
{"context":"RouterExplorer","level":"info","message":"Mapped {/item, POST} route","timestamp":"2025-04-29 04:52:33"}
{"context":"RouterExplorer","level":"info","message":"Mapped {/item, GET} route","timestamp":"2025-04-29 04:52:33"}
{"context":"RouterExplorer","level":"info","message":"Mapped {/item/:id, GET} route","timestamp":"2025-04-29 04:52:33"}
{"context":"RouterExplorer","level":"info","message":"Mapped {/item/:id, PATCH} route","timestamp":"2025-04-29 04:52:33"}
{"context":"RouterExplorer","level":"info","message":"Mapped {/item/:id, DELETE} route","timestamp":"2025-04-29 04:52:33"}
{"context":"RouterExplorer","level":"info","message":"Mapped {/item/logistics, POST} route","timestamp":"2025-04-29 04:52:33"}
{"context":"RoutesResolver","level":"info","message":"LogisticsController {/logistics}:","timestamp":"2025-04-29 04:52:33"}
{"context":"RouterExplorer","level":"info","message":"Mapped {/logistics, POST} route","timestamp":"2025-04-29 04:52:33"}
{"context":"RouterExplorer","level":"info","message":"Mapped {/logistics, GET} route","timestamp":"2025-04-29 04:52:33"}
{"context":"RouterExplorer","level":"info","message":"Mapped {/logistics/:id, GET} route","timestamp":"2025-04-29 04:52:33"}
{"context":"RouterExplorer","level":"info","message":"Mapped {/logistics/:id, PATCH} route","timestamp":"2025-04-29 04:52:33"}
{"context":"RouterExplorer","level":"info","message":"Mapped {/logistics/:id, DELETE} route","timestamp":"2025-04-29 04:52:33"}
{"context":"RouterExplorer","level":"info","message":"Mapped {/logistics/warehouse/:id, GET} route","timestamp":"2025-04-29 04:52:33"}
{"context":"RouterExplorer","level":"info","message":"Mapped {/logistics/warehouse/:id, POST} route","timestamp":"2025-04-29 04:52:33"}
{"context":"RoutesResolver","level":"info","message":"OrderController {/order}:","timestamp":"2025-04-29 04:52:33"}
{"context":"RouterExplorer","level":"info","message":"Mapped {/order, POST} route","timestamp":"2025-04-29 04:52:33"}
{"context":"RouterExplorer","level":"info","message":"Mapped {/order, GET} route","timestamp":"2025-04-29 04:52:33"}
{"context":"RouterExplorer","level":"info","message":"Mapped {/order/:id, GET} route","timestamp":"2025-04-29 04:52:33"}
{"context":"RouterExplorer","level":"info","message":"Mapped {/order/:id, PATCH} route","timestamp":"2025-04-29 04:52:33"}
{"context":"RouterExplorer","level":"info","message":"Mapped {/order/:id, DELETE} route","timestamp":"2025-04-29 04:52:33"}
{"context":"RouterExplorer","level":"info","message":"Mapped {/order/batch/update-status, POST} route","timestamp":"2025-04-29 04:52:33"}
{"context":"NestApplication","level":"info","message":"Nest application successfully started","timestamp":"2025-04-29 04:52:33"}
{"context":"Bootstrap","level":"info","message":"애플리케이션이 3001 포트에서 시작되었습니다","timestamp":"2025-04-29 04:52:33"}
{"context":"HttpExceptionFilter","level":"error","message":"[예외] POST / 401 - Bearer 토큰 검증 실패","timestamp":"2025-04-29 04:52:35","trace":"UnauthorizedException: Bearer 토큰 검증 실패\n    at MiddlewareHost.bearerTokenValidate (/app/src/auth/middleware/tokenAuthanticator.middleware.ts:154:13)\n    at process.processTicksAndRejections (node:internal/process/task_queues:95:5)\n    at async MiddlewareHost.use (/app/src/auth/middleware/tokenAuthanticator.middleware.ts:34:31)\n    at async /app/node_modules/.pnpm/@nestjs+core@10.4.17_@nestjs+common@10.4.17_class-transformer@0.5.1_class-validator@0.1_eae1b69253770746a482487d36064dac/node_modules/@nestjs/core/router/router-proxy.js:9:17"}
{"details":{"headers":{"accept":"*/*","accept-encoding":"gzip, deflate, br","authorization":"Bearer eyJhbGciOiJIUzI1NiIsInR5cCI6IkpXVCJ9.eyJzdWIiOjEwLCJyb2xlIjoxLCJ0eXBlIjoiYWNjZXNzIiwiaWF0IjoxNzQ1ODk0NTA1LCJleHAiOjE3NDU4OTc1MDV9.eISdy6EfP-A7WM_M-51geY8-UEUrXeobEbHo-IEcwug","cache-control":"no-cache","connection":"keep-alive","content-length":"120","content-type":"application/json","host":"localhost:3001","postman-token":"4d4d87a5-cb7d-48b6-8974-70d92ba89817","user-agent":"PostmanRuntime/7.43.3"},"ip":"::ffff:192.168.65.1","method":"POST","path":"/"},"event":"인증/인가 실패","level":"warn","message":"보안 이벤트","timestamp":"2025-04-29T04:52:35.814Z","userId":"unknown"}
{"context":"HttpExceptionFilter","level":"error","message":"[예외] POST / 401 - Bearer 토큰 검증 실패","timestamp":"2025-04-29 04:52:53","trace":"UnauthorizedException: Bearer 토큰 검증 실패\n    at MiddlewareHost.bearerTokenValidate (/app/src/auth/middleware/tokenAuthanticator.middleware.ts:154:13)\n    at process.processTicksAndRejections (node:internal/process/task_queues:95:5)\n    at async MiddlewareHost.use (/app/src/auth/middleware/tokenAuthanticator.middleware.ts:34:31)\n    at async /app/node_modules/.pnpm/@nestjs+core@10.4.17_@nestjs+common@10.4.17_class-transformer@0.5.1_class-validator@0.1_eae1b69253770746a482487d36064dac/node_modules/@nestjs/core/router/router-proxy.js:9:17"}
{"details":{"headers":{"accept":"*/*","accept-encoding":"gzip, deflate, br","authorization":"Bearer eyJhbGciOiJIUzI1NiIsInR5cCI6IkpXVCJ9.eyJzdWIiOjEwLCJyb2xlIjoxLCJ0eXBlIjoiYWNjZXNzIiwiaWF0IjoxNzQ1ODk0NTA1LCJleHAiOjE3NDU4OTc1MDV9.eISdy6EfP-A7WM_M-51geY8-UEUrXeobEbHo-IEcwug","cache-control":"no-cache","connection":"keep-alive","content-length":"120","content-type":"application/json","host":"localhost:3001","postman-token":"c40021b0-2a0b-4d7d-a8b3-e17e3882a66e","user-agent":"PostmanRuntime/7.43.3"},"ip":"::ffff:192.168.65.1","method":"POST","path":"/"},"event":"인증/인가 실패","level":"warn","message":"보안 이벤트","timestamp":"2025-04-29T04:52:53.301Z","userId":"unknown"}
{"context":"HttpExceptionFilter","level":"error","message":"[예외] POST /auth/login 401 - 접근 토큰 타입이 올바르지 않습니다.","timestamp":"2025-04-29 04:52:56","trace":"UnauthorizedException: 접근 토큰 타입이 올바르지 않습니다.\n    at RBACGuard.canActivate (/app/src/auth/guard/rbac.guard.ts:28:13)\n    at GuardsConsumer.tryActivate (/app/node_modules/.pnpm/@nestjs+core@10.4.17_@nestjs+common@10.4.17_class-transformer@0.5.1_class-validator@0.1_eae1b69253770746a482487d36064dac/node_modules/@nestjs/core/guards/guards-consumer.js:15:34)\n    at canActivateFn (/app/node_modules/.pnpm/@nestjs+core@10.4.17_@nestjs+common@10.4.17_class-transformer@0.5.1_class-validator@0.1_eae1b69253770746a482487d36064dac/node_modules/@nestjs/core/router/router-execution-context.js:135:59)\n    at /app/node_modules/.pnpm/@nestjs+core@10.4.17_@nestjs+common@10.4.17_class-transformer@0.5.1_class-validator@0.1_eae1b69253770746a482487d36064dac/node_modules/@nestjs/core/router/router-execution-context.js:42:37\n    at /app/node_modules/.pnpm/@nestjs+core@10.4.17_@nestjs+common@10.4.17_class-transformer@0.5.1_class-validator@0.1_eae1b69253770746a482487d36064dac/node_modules/@nestjs/core/router/router-proxy.js:9:23\n    at Layer.handle [as handle_request] (/app/node_modules/.pnpm/express@4.21.2/node_modules/express/lib/router/layer.js:95:5)\n    at next (/app/node_modules/.pnpm/express@4.21.2/node_modules/express/lib/router/route.js:149:13)\n    at Route.dispatch (/app/node_modules/.pnpm/express@4.21.2/node_modules/express/lib/router/route.js:119:3)\n    at Layer.handle [as handle_request] (/app/node_modules/.pnpm/express@4.21.2/node_modules/express/lib/router/layer.js:95:5)\n    at /app/node_modules/.pnpm/express@4.21.2/node_modules/express/lib/router/index.js:284:15"}
{"details":{"headers":{"accept":"*/*","accept-encoding":"gzip, deflate, br","authorization":"Basic dGVzdEB0ZXN0LmNvbToxMjM=","cache-control":"no-cache","connection":"keep-alive","content-length":"0","host":"localhost:3001","postman-token":"78a4ce59-791e-45f5-bcf9-b2b2c46ec20c","user-agent":"PostmanRuntime/7.43.3"},"ip":"::ffff:192.168.65.1","method":"POST","path":"/auth/login"},"event":"인증/인가 실패","level":"warn","message":"보안 이벤트","timestamp":"2025-04-29T04:52:56.394Z","userId":"test@test.com"}
{"context":"HttpExceptionFilter","level":"error","message":"[예외] POST / 401 - Bearer 토큰 검증 실패","timestamp":"2025-04-29 04:53:01","trace":"UnauthorizedException: Bearer 토큰 검증 실패\n    at MiddlewareHost.bearerTokenValidate (/app/src/auth/middleware/tokenAuthanticator.middleware.ts:154:13)\n    at process.processTicksAndRejections (node:internal/process/task_queues:95:5)\n    at async MiddlewareHost.use (/app/src/auth/middleware/tokenAuthanticator.middleware.ts:34:31)\n    at async /app/node_modules/.pnpm/@nestjs+core@10.4.17_@nestjs+common@10.4.17_class-transformer@0.5.1_class-validator@0.1_eae1b69253770746a482487d36064dac/node_modules/@nestjs/core/router/router-proxy.js:9:17"}
{"details":{"headers":{"accept":"*/*","accept-encoding":"gzip, deflate, br","authorization":"Bearer eyJhbGciOiJIUzI1NiIsInR5cCI6IkpXVCJ9.eyJzdWIiOjEwLCJyb2xlIjoxLCJ0eXBlIjoiYWNjZXNzIiwiaWF0IjoxNzQ1ODk0NTA1LCJleHAiOjE3NDU4OTc1MDV9.eISdy6EfP-A7WM_M-51geY8-UEUrXeobEbHo-IEcwug","cache-control":"no-cache","connection":"keep-alive","content-length":"120","content-type":"application/json","host":"localhost:3001","postman-token":"417476f8-0c0a-470a-b02e-908ec9d725f0","user-agent":"PostmanRuntime/7.43.3"},"ip":"::ffff:192.168.65.1","method":"POST","path":"/"},"event":"인증/인가 실패","level":"warn","message":"보안 이벤트","timestamp":"2025-04-29T04:53:01.846Z","userId":"unknown"}
{"context":"NestFactory","level":"info","message":"Starting Nest application...","timestamp":"2025-04-29 04:54:29"}
{"context":"InstanceLoader","level":"info","message":"TypeOrmModule dependencies initialized","timestamp":"2025-04-29 04:54:29"}
{"context":"InstanceLoader","level":"info","message":"JwtModule dependencies initialized","timestamp":"2025-04-29 04:54:29"}
{"context":"InstanceLoader","level":"info","message":"ConfigHostModule dependencies initialized","timestamp":"2025-04-29 04:54:29"}
{"context":"InstanceLoader","level":"info","message":"DiscoveryModule dependencies initialized","timestamp":"2025-04-29 04:54:29"}
{"context":"InstanceLoader","level":"info","message":"ConfigModule dependencies initialized","timestamp":"2025-04-29 04:54:29"}
{"context":"InstanceLoader","level":"info","message":"ConfigModule dependencies initialized","timestamp":"2025-04-29 04:54:29"}
{"context":"InstanceLoader","level":"info","message":"ScheduleModule dependencies initialized","timestamp":"2025-04-29 04:54:29"}
{"context":"InstanceLoader","level":"info","message":"LoggerModule dependencies initialized","timestamp":"2025-04-29 04:54:29"}
{"context":"InstanceLoader","level":"info","message":"WinstonModule dependencies initialized","timestamp":"2025-04-29 04:54:29"}
{"context":"InstanceLoader","level":"info","message":"TypeOrmCoreModule dependencies initialized","timestamp":"2025-04-29 04:54:29"}
{"context":"InstanceLoader","level":"info","message":"TypeOrmModule dependencies initialized","timestamp":"2025-04-29 04:54:29"}
{"context":"InstanceLoader","level":"info","message":"TypeOrmModule dependencies initialized","timestamp":"2025-04-29 04:54:29"}
{"context":"InstanceLoader","level":"info","message":"TypeOrmModule dependencies initialized","timestamp":"2025-04-29 04:54:29"}
{"context":"InstanceLoader","level":"info","message":"TypeOrmModule dependencies initialized","timestamp":"2025-04-29 04:54:29"}
{"context":"InstanceLoader","level":"info","message":"TypeOrmModule dependencies initialized","timestamp":"2025-04-29 04:54:29"}
{"context":"InstanceLoader","level":"info","message":"TypeOrmModule dependencies initialized","timestamp":"2025-04-29 04:54:29"}
{"context":"InstanceLoader","level":"info","message":"TypeOrmModule dependencies initialized","timestamp":"2025-04-29 04:54:29"}
{"context":"InstanceLoader","level":"info","message":"AppModule dependencies initialized","timestamp":"2025-04-29 04:54:29"}
{"context":"InstanceLoader","level":"info","message":"CommonModule dependencies initialized","timestamp":"2025-04-29 04:54:29"}
{"context":"InstanceLoader","level":"info","message":"AuthModule dependencies initialized","timestamp":"2025-04-29 04:54:29"}
{"context":"InstanceLoader","level":"info","message":"UserModule dependencies initialized","timestamp":"2025-04-29 04:54:29"}
{"context":"InstanceLoader","level":"info","message":"StoreModule dependencies initialized","timestamp":"2025-04-29 04:54:29"}
{"context":"InstanceLoader","level":"info","message":"OwnerModule dependencies initialized","timestamp":"2025-04-29 04:54:29"}
{"context":"InstanceLoader","level":"info","message":"ItemModule dependencies initialized","timestamp":"2025-04-29 04:54:29"}
{"context":"InstanceLoader","level":"info","message":"LogisticsModule dependencies initialized","timestamp":"2025-04-29 04:54:29"}
{"context":"InstanceLoader","level":"info","message":"OrderModule dependencies initialized","timestamp":"2025-04-29 04:54:29"}
{"context":"RoutesResolver","level":"info","message":"UserController {/user}:","timestamp":"2025-04-29 04:54:29"}
{"context":"RouterExplorer","level":"info","message":"Mapped {/user, POST} route","timestamp":"2025-04-29 04:54:29"}
{"context":"RouterExplorer","level":"info","message":"Mapped {/user, GET} route","timestamp":"2025-04-29 04:54:29"}
{"context":"RouterExplorer","level":"info","message":"Mapped {/user/:id, GET} route","timestamp":"2025-04-29 04:54:29"}
{"context":"RouterExplorer","level":"info","message":"Mapped {/user/:id, PATCH} route","timestamp":"2025-04-29 04:54:29"}
{"context":"RouterExplorer","level":"info","message":"Mapped {/user/:id, DELETE} route","timestamp":"2025-04-29 04:54:29"}
{"context":"RoutesResolver","level":"info","message":"AuthController {/auth}:","timestamp":"2025-04-29 04:54:29"}
{"context":"RouterExplorer","level":"info","message":"Mapped {/auth/login, POST} route","timestamp":"2025-04-29 04:54:29"}
{"context":"RouterExplorer","level":"info","message":"Mapped {/auth/token/newToken, POST} route","timestamp":"2025-04-29 04:54:29"}
{"context":"RoutesResolver","level":"info","message":"StoreController {/store}:","timestamp":"2025-04-29 04:54:29"}
{"context":"RouterExplorer","level":"info","message":"Mapped {/store, POST} route","timestamp":"2025-04-29 04:54:29"}
{"context":"RouterExplorer","level":"info","message":"Mapped {/store, GET} route","timestamp":"2025-04-29 04:54:29"}
{"context":"RouterExplorer","level":"info","message":"Mapped {/store/:id, GET} route","timestamp":"2025-04-29 04:54:29"}
{"context":"RouterExplorer","level":"info","message":"Mapped {/store/:id, PATCH} route","timestamp":"2025-04-29 04:54:29"}
{"context":"RouterExplorer","level":"info","message":"Mapped {/store/:id, DELETE} route","timestamp":"2025-04-29 04:54:29"}
{"context":"RouterExplorer","level":"info","message":"Mapped {/store/warehouse, POST} route","timestamp":"2025-04-29 04:54:29"}
{"context":"RoutesResolver","level":"info","message":"OwnerController {/owner}:","timestamp":"2025-04-29 04:54:29"}
{"context":"RouterExplorer","level":"info","message":"Mapped {/owner, POST} route","timestamp":"2025-04-29 04:54:29"}
{"context":"RouterExplorer","level":"info","message":"Mapped {/owner, GET} route","timestamp":"2025-04-29 04:54:29"}
{"context":"RouterExplorer","level":"info","message":"Mapped {/owner/:id, GET} route","timestamp":"2025-04-29 04:54:29"}
{"context":"RouterExplorer","level":"info","message":"Mapped {/owner/:id, PATCH} route","timestamp":"2025-04-29 04:54:29"}
{"context":"RouterExplorer","level":"info","message":"Mapped {/owner/:id, DELETE} route","timestamp":"2025-04-29 04:54:29"}
{"context":"RoutesResolver","level":"info","message":"ItemController {/item}:","timestamp":"2025-04-29 04:54:29"}
{"context":"RouterExplorer","level":"info","message":"Mapped {/item, POST} route","timestamp":"2025-04-29 04:54:29"}
{"context":"RouterExplorer","level":"info","message":"Mapped {/item, GET} route","timestamp":"2025-04-29 04:54:29"}
{"context":"RouterExplorer","level":"info","message":"Mapped {/item/:id, GET} route","timestamp":"2025-04-29 04:54:29"}
{"context":"RouterExplorer","level":"info","message":"Mapped {/item/:id, PATCH} route","timestamp":"2025-04-29 04:54:29"}
{"context":"RouterExplorer","level":"info","message":"Mapped {/item/:id, DELETE} route","timestamp":"2025-04-29 04:54:29"}
{"context":"RouterExplorer","level":"info","message":"Mapped {/item/logistics, POST} route","timestamp":"2025-04-29 04:54:29"}
{"context":"RoutesResolver","level":"info","message":"LogisticsController {/logistics}:","timestamp":"2025-04-29 04:54:29"}
{"context":"RouterExplorer","level":"info","message":"Mapped {/logistics, POST} route","timestamp":"2025-04-29 04:54:29"}
{"context":"RouterExplorer","level":"info","message":"Mapped {/logistics, GET} route","timestamp":"2025-04-29 04:54:29"}
{"context":"RouterExplorer","level":"info","message":"Mapped {/logistics/:id, GET} route","timestamp":"2025-04-29 04:54:29"}
{"context":"RouterExplorer","level":"info","message":"Mapped {/logistics/:id, PATCH} route","timestamp":"2025-04-29 04:54:29"}
{"context":"RouterExplorer","level":"info","message":"Mapped {/logistics/:id, DELETE} route","timestamp":"2025-04-29 04:54:29"}
{"context":"RouterExplorer","level":"info","message":"Mapped {/logistics/warehouse/:id, GET} route","timestamp":"2025-04-29 04:54:29"}
{"context":"RouterExplorer","level":"info","message":"Mapped {/logistics/warehouse/:id, POST} route","timestamp":"2025-04-29 04:54:29"}
{"context":"RoutesResolver","level":"info","message":"OrderController {/order}:","timestamp":"2025-04-29 04:54:29"}
{"context":"RouterExplorer","level":"info","message":"Mapped {/order, POST} route","timestamp":"2025-04-29 04:54:29"}
{"context":"RouterExplorer","level":"info","message":"Mapped {/order, GET} route","timestamp":"2025-04-29 04:54:29"}
{"context":"RouterExplorer","level":"info","message":"Mapped {/order/:id, GET} route","timestamp":"2025-04-29 04:54:29"}
{"context":"RouterExplorer","level":"info","message":"Mapped {/order/:id, PATCH} route","timestamp":"2025-04-29 04:54:29"}
{"context":"RouterExplorer","level":"info","message":"Mapped {/order/:id, DELETE} route","timestamp":"2025-04-29 04:54:29"}
{"context":"RouterExplorer","level":"info","message":"Mapped {/order/batch/update-status, POST} route","timestamp":"2025-04-29 04:54:29"}
{"context":"NestApplication","level":"info","message":"Nest application successfully started","timestamp":"2025-04-29 04:54:29"}
{"context":"Bootstrap","level":"info","message":"애플리케이션이 3001 포트에서 시작되었습니다","timestamp":"2025-04-29 04:54:29"}
{"context":"HttpExceptionFilter","level":"error","message":"[예외] POST /user 401 - 접근 토큰 타입이 올바르지 않습니다.","timestamp":"2025-04-29 04:54:36","trace":"UnauthorizedException: 접근 토큰 타입이 올바르지 않습니다.\n    at RBACGuard.canActivate (/app/src/auth/guard/rbac.guard.ts:28:13)\n    at GuardsConsumer.tryActivate (/app/node_modules/.pnpm/@nestjs+core@10.4.17_@nestjs+common@10.4.17_class-transformer@0.5.1_class-validator@0.1_eae1b69253770746a482487d36064dac/node_modules/@nestjs/core/guards/guards-consumer.js:15:34)\n    at canActivateFn (/app/node_modules/.pnpm/@nestjs+core@10.4.17_@nestjs+common@10.4.17_class-transformer@0.5.1_class-validator@0.1_eae1b69253770746a482487d36064dac/node_modules/@nestjs/core/router/router-execution-context.js:135:59)\n    at /app/node_modules/.pnpm/@nestjs+core@10.4.17_@nestjs+common@10.4.17_class-transformer@0.5.1_class-validator@0.1_eae1b69253770746a482487d36064dac/node_modules/@nestjs/core/router/router-execution-context.js:42:37\n    at /app/node_modules/.pnpm/@nestjs+core@10.4.17_@nestjs+common@10.4.17_class-transformer@0.5.1_class-validator@0.1_eae1b69253770746a482487d36064dac/node_modules/@nestjs/core/router/router-proxy.js:9:23\n    at Layer.handle [as handle_request] (/app/node_modules/.pnpm/express@4.21.2/node_modules/express/lib/router/layer.js:95:5)\n    at next (/app/node_modules/.pnpm/express@4.21.2/node_modules/express/lib/router/route.js:149:13)\n    at Route.dispatch (/app/node_modules/.pnpm/express@4.21.2/node_modules/express/lib/router/route.js:119:3)\n    at Layer.handle [as handle_request] (/app/node_modules/.pnpm/express@4.21.2/node_modules/express/lib/router/layer.js:95:5)\n    at /app/node_modules/.pnpm/express@4.21.2/node_modules/express/lib/router/index.js:284:15"}
{"details":{"headers":{"accept":"*/*","accept-encoding":"gzip, deflate, br","authorization":"Bearer eyJhbGciOiJIUzI1NiIsInR5cCI6IkpXVCJ9.eyJzdWIiOjEwLCJyb2xlIjoxLCJ0eXBlIjoiYWNjZXNzIiwiaWF0IjoxNzQ1ODk0NTA1LCJleHAiOjE3NDU4OTc1MDV9.eISdy6EfP-A7WM_M-51geY8-UEUrXeobEbHo-IEcwug","cache-control":"no-cache","connection":"keep-alive","content-length":"120","content-type":"application/json","host":"localhost:3001","postman-token":"07c1d81d-ac0f-4301-82bf-2811a7410ec4","user-agent":"PostmanRuntime/7.43.3"},"ip":"::ffff:192.168.65.1","method":"POST","path":"/user"},"event":"인증/인가 실패","level":"warn","message":"보안 이벤트","timestamp":"2025-04-29T04:54:36.770Z","userId":"unknown"}
{"context":"HttpExceptionFilter","level":"error","message":"[예외] POST /user 401 - 접근 토큰 타입이 올바르지 않습니다.","timestamp":"2025-04-29 04:54:51","trace":"UnauthorizedException: 접근 토큰 타입이 올바르지 않습니다.\n    at RBACGuard.canActivate (/app/src/auth/guard/rbac.guard.ts:28:13)\n    at GuardsConsumer.tryActivate (/app/node_modules/.pnpm/@nestjs+core@10.4.17_@nestjs+common@10.4.17_class-transformer@0.5.1_class-validator@0.1_eae1b69253770746a482487d36064dac/node_modules/@nestjs/core/guards/guards-consumer.js:15:34)\n    at canActivateFn (/app/node_modules/.pnpm/@nestjs+core@10.4.17_@nestjs+common@10.4.17_class-transformer@0.5.1_class-validator@0.1_eae1b69253770746a482487d36064dac/node_modules/@nestjs/core/router/router-execution-context.js:135:59)\n    at /app/node_modules/.pnpm/@nestjs+core@10.4.17_@nestjs+common@10.4.17_class-transformer@0.5.1_class-validator@0.1_eae1b69253770746a482487d36064dac/node_modules/@nestjs/core/router/router-execution-context.js:42:37\n    at /app/node_modules/.pnpm/@nestjs+core@10.4.17_@nestjs+common@10.4.17_class-transformer@0.5.1_class-validator@0.1_eae1b69253770746a482487d36064dac/node_modules/@nestjs/core/router/router-proxy.js:9:23\n    at Layer.handle [as handle_request] (/app/node_modules/.pnpm/express@4.21.2/node_modules/express/lib/router/layer.js:95:5)\n    at next (/app/node_modules/.pnpm/express@4.21.2/node_modules/express/lib/router/route.js:149:13)\n    at Route.dispatch (/app/node_modules/.pnpm/express@4.21.2/node_modules/express/lib/router/route.js:119:3)\n    at Layer.handle [as handle_request] (/app/node_modules/.pnpm/express@4.21.2/node_modules/express/lib/router/layer.js:95:5)\n    at /app/node_modules/.pnpm/express@4.21.2/node_modules/express/lib/router/index.js:284:15"}
{"details":{"headers":{"accept":"*/*","accept-encoding":"gzip, deflate, br","authorization":"Bearer eyJhbGciOiJIUzI1NiIsInR5cCI6IkpXVCJ9.eyJzdWIiOjEwLCJyb2xlIjoxLCJ0eXBlIjoiYWNjZXNzIiwiaWF0IjoxNzQ1ODk0NTA1LCJleHAiOjE3NDU4OTc1MDV9.eISdy6EfP-A7WM_M-51geY8-UEUrXeobEbHo-IEcwug","cache-control":"no-cache","connection":"keep-alive","content-length":"120","content-type":"application/json","host":"localhost:3001","postman-token":"435e0fa2-e16f-4c0c-97b7-7dccc2fe3a12","user-agent":"PostmanRuntime/7.43.3"},"ip":"::ffff:192.168.65.1","method":"POST","path":"/user"},"event":"인증/인가 실패","level":"warn","message":"보안 이벤트","timestamp":"2025-04-29T04:54:51.286Z","userId":"unknown"}
{"context":"NestFactory","level":"info","message":"Starting Nest application...","timestamp":"2025-04-29 04:56:10"}
{"context":"InstanceLoader","level":"info","message":"TypeOrmModule dependencies initialized","timestamp":"2025-04-29 04:56:10"}
{"context":"InstanceLoader","level":"info","message":"JwtModule dependencies initialized","timestamp":"2025-04-29 04:56:10"}
{"context":"InstanceLoader","level":"info","message":"ConfigHostModule dependencies initialized","timestamp":"2025-04-29 04:56:10"}
{"context":"InstanceLoader","level":"info","message":"DiscoveryModule dependencies initialized","timestamp":"2025-04-29 04:56:10"}
{"context":"InstanceLoader","level":"info","message":"ConfigModule dependencies initialized","timestamp":"2025-04-29 04:56:10"}
{"context":"InstanceLoader","level":"info","message":"ConfigModule dependencies initialized","timestamp":"2025-04-29 04:56:10"}
{"context":"InstanceLoader","level":"info","message":"ScheduleModule dependencies initialized","timestamp":"2025-04-29 04:56:10"}
{"context":"InstanceLoader","level":"info","message":"LoggerModule dependencies initialized","timestamp":"2025-04-29 04:56:10"}
{"context":"InstanceLoader","level":"info","message":"WinstonModule dependencies initialized","timestamp":"2025-04-29 04:56:10"}
{"context":"InstanceLoader","level":"info","message":"TypeOrmCoreModule dependencies initialized","timestamp":"2025-04-29 04:56:10"}
{"context":"InstanceLoader","level":"info","message":"TypeOrmModule dependencies initialized","timestamp":"2025-04-29 04:56:10"}
{"context":"InstanceLoader","level":"info","message":"TypeOrmModule dependencies initialized","timestamp":"2025-04-29 04:56:10"}
{"context":"InstanceLoader","level":"info","message":"TypeOrmModule dependencies initialized","timestamp":"2025-04-29 04:56:10"}
{"context":"InstanceLoader","level":"info","message":"TypeOrmModule dependencies initialized","timestamp":"2025-04-29 04:56:10"}
{"context":"InstanceLoader","level":"info","message":"TypeOrmModule dependencies initialized","timestamp":"2025-04-29 04:56:10"}
{"context":"InstanceLoader","level":"info","message":"TypeOrmModule dependencies initialized","timestamp":"2025-04-29 04:56:10"}
{"context":"InstanceLoader","level":"info","message":"TypeOrmModule dependencies initialized","timestamp":"2025-04-29 04:56:10"}
{"context":"InstanceLoader","level":"info","message":"AppModule dependencies initialized","timestamp":"2025-04-29 04:56:10"}
{"context":"InstanceLoader","level":"info","message":"CommonModule dependencies initialized","timestamp":"2025-04-29 04:56:10"}
{"context":"InstanceLoader","level":"info","message":"AuthModule dependencies initialized","timestamp":"2025-04-29 04:56:10"}
{"context":"InstanceLoader","level":"info","message":"UserModule dependencies initialized","timestamp":"2025-04-29 04:56:10"}
{"context":"InstanceLoader","level":"info","message":"StoreModule dependencies initialized","timestamp":"2025-04-29 04:56:10"}
{"context":"InstanceLoader","level":"info","message":"OwnerModule dependencies initialized","timestamp":"2025-04-29 04:56:10"}
{"context":"InstanceLoader","level":"info","message":"ItemModule dependencies initialized","timestamp":"2025-04-29 04:56:10"}
{"context":"InstanceLoader","level":"info","message":"LogisticsModule dependencies initialized","timestamp":"2025-04-29 04:56:10"}
{"context":"InstanceLoader","level":"info","message":"OrderModule dependencies initialized","timestamp":"2025-04-29 04:56:10"}
{"context":"RoutesResolver","level":"info","message":"UserController {/user}:","timestamp":"2025-04-29 04:56:10"}
{"context":"RouterExplorer","level":"info","message":"Mapped {/user, POST} route","timestamp":"2025-04-29 04:56:10"}
{"context":"RouterExplorer","level":"info","message":"Mapped {/user, GET} route","timestamp":"2025-04-29 04:56:10"}
{"context":"RouterExplorer","level":"info","message":"Mapped {/user/:id, GET} route","timestamp":"2025-04-29 04:56:10"}
{"context":"RouterExplorer","level":"info","message":"Mapped {/user/:id, PATCH} route","timestamp":"2025-04-29 04:56:10"}
{"context":"RouterExplorer","level":"info","message":"Mapped {/user/:id, DELETE} route","timestamp":"2025-04-29 04:56:10"}
{"context":"RoutesResolver","level":"info","message":"AuthController {/auth}:","timestamp":"2025-04-29 04:56:10"}
{"context":"RouterExplorer","level":"info","message":"Mapped {/auth/login, POST} route","timestamp":"2025-04-29 04:56:10"}
{"context":"RouterExplorer","level":"info","message":"Mapped {/auth/token/newToken, POST} route","timestamp":"2025-04-29 04:56:10"}
{"context":"RoutesResolver","level":"info","message":"StoreController {/store}:","timestamp":"2025-04-29 04:56:10"}
{"context":"RouterExplorer","level":"info","message":"Mapped {/store, POST} route","timestamp":"2025-04-29 04:56:10"}
{"context":"RouterExplorer","level":"info","message":"Mapped {/store, GET} route","timestamp":"2025-04-29 04:56:10"}
{"context":"RouterExplorer","level":"info","message":"Mapped {/store/:id, GET} route","timestamp":"2025-04-29 04:56:10"}
{"context":"RouterExplorer","level":"info","message":"Mapped {/store/:id, PATCH} route","timestamp":"2025-04-29 04:56:10"}
{"context":"RouterExplorer","level":"info","message":"Mapped {/store/:id, DELETE} route","timestamp":"2025-04-29 04:56:10"}
{"context":"RouterExplorer","level":"info","message":"Mapped {/store/warehouse, POST} route","timestamp":"2025-04-29 04:56:10"}
{"context":"RoutesResolver","level":"info","message":"OwnerController {/owner}:","timestamp":"2025-04-29 04:56:10"}
{"context":"RouterExplorer","level":"info","message":"Mapped {/owner, POST} route","timestamp":"2025-04-29 04:56:10"}
{"context":"RouterExplorer","level":"info","message":"Mapped {/owner, GET} route","timestamp":"2025-04-29 04:56:10"}
{"context":"RouterExplorer","level":"info","message":"Mapped {/owner/:id, GET} route","timestamp":"2025-04-29 04:56:10"}
{"context":"RouterExplorer","level":"info","message":"Mapped {/owner/:id, PATCH} route","timestamp":"2025-04-29 04:56:10"}
{"context":"RouterExplorer","level":"info","message":"Mapped {/owner/:id, DELETE} route","timestamp":"2025-04-29 04:56:10"}
{"context":"RoutesResolver","level":"info","message":"ItemController {/item}:","timestamp":"2025-04-29 04:56:10"}
{"context":"RouterExplorer","level":"info","message":"Mapped {/item, POST} route","timestamp":"2025-04-29 04:56:10"}
{"context":"RouterExplorer","level":"info","message":"Mapped {/item, GET} route","timestamp":"2025-04-29 04:56:10"}
{"context":"RouterExplorer","level":"info","message":"Mapped {/item/:id, GET} route","timestamp":"2025-04-29 04:56:10"}
{"context":"RouterExplorer","level":"info","message":"Mapped {/item/:id, PATCH} route","timestamp":"2025-04-29 04:56:10"}
{"context":"RouterExplorer","level":"info","message":"Mapped {/item/:id, DELETE} route","timestamp":"2025-04-29 04:56:10"}
{"context":"RouterExplorer","level":"info","message":"Mapped {/item/logistics, POST} route","timestamp":"2025-04-29 04:56:10"}
{"context":"RoutesResolver","level":"info","message":"LogisticsController {/logistics}:","timestamp":"2025-04-29 04:56:10"}
{"context":"RouterExplorer","level":"info","message":"Mapped {/logistics, POST} route","timestamp":"2025-04-29 04:56:10"}
{"context":"RouterExplorer","level":"info","message":"Mapped {/logistics, GET} route","timestamp":"2025-04-29 04:56:10"}
{"context":"RouterExplorer","level":"info","message":"Mapped {/logistics/:id, GET} route","timestamp":"2025-04-29 04:56:10"}
{"context":"RouterExplorer","level":"info","message":"Mapped {/logistics/:id, PATCH} route","timestamp":"2025-04-29 04:56:10"}
{"context":"RouterExplorer","level":"info","message":"Mapped {/logistics/:id, DELETE} route","timestamp":"2025-04-29 04:56:10"}
{"context":"RouterExplorer","level":"info","message":"Mapped {/logistics/warehouse/:id, GET} route","timestamp":"2025-04-29 04:56:10"}
{"context":"RouterExplorer","level":"info","message":"Mapped {/logistics/warehouse/:id, POST} route","timestamp":"2025-04-29 04:56:10"}
{"context":"RoutesResolver","level":"info","message":"OrderController {/order}:","timestamp":"2025-04-29 04:56:10"}
{"context":"RouterExplorer","level":"info","message":"Mapped {/order, POST} route","timestamp":"2025-04-29 04:56:10"}
{"context":"RouterExplorer","level":"info","message":"Mapped {/order, GET} route","timestamp":"2025-04-29 04:56:10"}
{"context":"RouterExplorer","level":"info","message":"Mapped {/order/:id, GET} route","timestamp":"2025-04-29 04:56:10"}
{"context":"RouterExplorer","level":"info","message":"Mapped {/order/:id, PATCH} route","timestamp":"2025-04-29 04:56:10"}
{"context":"RouterExplorer","level":"info","message":"Mapped {/order/:id, DELETE} route","timestamp":"2025-04-29 04:56:10"}
{"context":"RouterExplorer","level":"info","message":"Mapped {/order/batch/update-status, POST} route","timestamp":"2025-04-29 04:56:10"}
{"context":"NestApplication","level":"info","message":"Nest application successfully started","timestamp":"2025-04-29 04:56:10"}
{"context":"Bootstrap","level":"info","message":"애플리케이션이 3001 포트에서 시작되었습니다","timestamp":"2025-04-29 04:56:10"}
{"context":"NestFactory","level":"info","message":"Starting Nest application...","timestamp":"2025-04-29 04:56:55"}
{"context":"InstanceLoader","level":"info","message":"TypeOrmModule dependencies initialized","timestamp":"2025-04-29 04:56:55"}
{"context":"InstanceLoader","level":"info","message":"JwtModule dependencies initialized","timestamp":"2025-04-29 04:56:55"}
{"context":"InstanceLoader","level":"info","message":"ConfigHostModule dependencies initialized","timestamp":"2025-04-29 04:56:55"}
{"context":"InstanceLoader","level":"info","message":"DiscoveryModule dependencies initialized","timestamp":"2025-04-29 04:56:55"}
{"context":"InstanceLoader","level":"info","message":"ConfigModule dependencies initialized","timestamp":"2025-04-29 04:56:55"}
{"context":"InstanceLoader","level":"info","message":"ConfigModule dependencies initialized","timestamp":"2025-04-29 04:56:55"}
{"context":"InstanceLoader","level":"info","message":"ScheduleModule dependencies initialized","timestamp":"2025-04-29 04:56:55"}
{"context":"InstanceLoader","level":"info","message":"LoggerModule dependencies initialized","timestamp":"2025-04-29 04:56:55"}
{"context":"InstanceLoader","level":"info","message":"WinstonModule dependencies initialized","timestamp":"2025-04-29 04:56:55"}
{"context":"InstanceLoader","level":"info","message":"TypeOrmCoreModule dependencies initialized","timestamp":"2025-04-29 04:56:55"}
{"context":"InstanceLoader","level":"info","message":"TypeOrmModule dependencies initialized","timestamp":"2025-04-29 04:56:55"}
{"context":"InstanceLoader","level":"info","message":"TypeOrmModule dependencies initialized","timestamp":"2025-04-29 04:56:55"}
{"context":"InstanceLoader","level":"info","message":"TypeOrmModule dependencies initialized","timestamp":"2025-04-29 04:56:55"}
{"context":"InstanceLoader","level":"info","message":"TypeOrmModule dependencies initialized","timestamp":"2025-04-29 04:56:55"}
{"context":"InstanceLoader","level":"info","message":"TypeOrmModule dependencies initialized","timestamp":"2025-04-29 04:56:55"}
{"context":"InstanceLoader","level":"info","message":"TypeOrmModule dependencies initialized","timestamp":"2025-04-29 04:56:55"}
{"context":"InstanceLoader","level":"info","message":"TypeOrmModule dependencies initialized","timestamp":"2025-04-29 04:56:55"}
{"context":"InstanceLoader","level":"info","message":"AppModule dependencies initialized","timestamp":"2025-04-29 04:56:55"}
{"context":"InstanceLoader","level":"info","message":"CommonModule dependencies initialized","timestamp":"2025-04-29 04:56:55"}
{"context":"InstanceLoader","level":"info","message":"AuthModule dependencies initialized","timestamp":"2025-04-29 04:56:55"}
{"context":"InstanceLoader","level":"info","message":"UserModule dependencies initialized","timestamp":"2025-04-29 04:56:55"}
{"context":"InstanceLoader","level":"info","message":"StoreModule dependencies initialized","timestamp":"2025-04-29 04:56:55"}
{"context":"InstanceLoader","level":"info","message":"OwnerModule dependencies initialized","timestamp":"2025-04-29 04:56:55"}
{"context":"InstanceLoader","level":"info","message":"ItemModule dependencies initialized","timestamp":"2025-04-29 04:56:55"}
{"context":"InstanceLoader","level":"info","message":"LogisticsModule dependencies initialized","timestamp":"2025-04-29 04:56:55"}
{"context":"InstanceLoader","level":"info","message":"OrderModule dependencies initialized","timestamp":"2025-04-29 04:56:55"}
{"context":"RoutesResolver","level":"info","message":"UserController {/user}:","timestamp":"2025-04-29 04:56:55"}
{"context":"RouterExplorer","level":"info","message":"Mapped {/user, POST} route","timestamp":"2025-04-29 04:56:55"}
{"context":"RouterExplorer","level":"info","message":"Mapped {/user, GET} route","timestamp":"2025-04-29 04:56:55"}
{"context":"RouterExplorer","level":"info","message":"Mapped {/user/:id, GET} route","timestamp":"2025-04-29 04:56:55"}
{"context":"RouterExplorer","level":"info","message":"Mapped {/user/:id, PATCH} route","timestamp":"2025-04-29 04:56:55"}
{"context":"RouterExplorer","level":"info","message":"Mapped {/user/:id, DELETE} route","timestamp":"2025-04-29 04:56:55"}
{"context":"RoutesResolver","level":"info","message":"AuthController {/auth}:","timestamp":"2025-04-29 04:56:55"}
{"context":"RouterExplorer","level":"info","message":"Mapped {/auth/login, POST} route","timestamp":"2025-04-29 04:56:55"}
{"context":"RouterExplorer","level":"info","message":"Mapped {/auth/token/newToken, POST} route","timestamp":"2025-04-29 04:56:55"}
{"context":"RoutesResolver","level":"info","message":"StoreController {/store}:","timestamp":"2025-04-29 04:56:55"}
{"context":"RouterExplorer","level":"info","message":"Mapped {/store, POST} route","timestamp":"2025-04-29 04:56:55"}
{"context":"RouterExplorer","level":"info","message":"Mapped {/store, GET} route","timestamp":"2025-04-29 04:56:55"}
{"context":"RouterExplorer","level":"info","message":"Mapped {/store/:id, GET} route","timestamp":"2025-04-29 04:56:55"}
{"context":"RouterExplorer","level":"info","message":"Mapped {/store/:id, PATCH} route","timestamp":"2025-04-29 04:56:55"}
{"context":"RouterExplorer","level":"info","message":"Mapped {/store/:id, DELETE} route","timestamp":"2025-04-29 04:56:55"}
{"context":"RouterExplorer","level":"info","message":"Mapped {/store/warehouse, POST} route","timestamp":"2025-04-29 04:56:55"}
{"context":"RoutesResolver","level":"info","message":"OwnerController {/owner}:","timestamp":"2025-04-29 04:56:55"}
{"context":"RouterExplorer","level":"info","message":"Mapped {/owner, POST} route","timestamp":"2025-04-29 04:56:55"}
{"context":"RouterExplorer","level":"info","message":"Mapped {/owner, GET} route","timestamp":"2025-04-29 04:56:55"}
{"context":"RouterExplorer","level":"info","message":"Mapped {/owner/:id, GET} route","timestamp":"2025-04-29 04:56:55"}
{"context":"RouterExplorer","level":"info","message":"Mapped {/owner/:id, PATCH} route","timestamp":"2025-04-29 04:56:55"}
{"context":"RouterExplorer","level":"info","message":"Mapped {/owner/:id, DELETE} route","timestamp":"2025-04-29 04:56:55"}
{"context":"RoutesResolver","level":"info","message":"ItemController {/item}:","timestamp":"2025-04-29 04:56:55"}
{"context":"RouterExplorer","level":"info","message":"Mapped {/item, POST} route","timestamp":"2025-04-29 04:56:55"}
{"context":"RouterExplorer","level":"info","message":"Mapped {/item, GET} route","timestamp":"2025-04-29 04:56:55"}
{"context":"RouterExplorer","level":"info","message":"Mapped {/item/:id, GET} route","timestamp":"2025-04-29 04:56:55"}
{"context":"RouterExplorer","level":"info","message":"Mapped {/item/:id, PATCH} route","timestamp":"2025-04-29 04:56:55"}
{"context":"RouterExplorer","level":"info","message":"Mapped {/item/:id, DELETE} route","timestamp":"2025-04-29 04:56:55"}
{"context":"RouterExplorer","level":"info","message":"Mapped {/item/logistics, POST} route","timestamp":"2025-04-29 04:56:55"}
{"context":"RoutesResolver","level":"info","message":"LogisticsController {/logistics}:","timestamp":"2025-04-29 04:56:55"}
{"context":"RouterExplorer","level":"info","message":"Mapped {/logistics, POST} route","timestamp":"2025-04-29 04:56:55"}
{"context":"RouterExplorer","level":"info","message":"Mapped {/logistics, GET} route","timestamp":"2025-04-29 04:56:55"}
{"context":"RouterExplorer","level":"info","message":"Mapped {/logistics/:id, GET} route","timestamp":"2025-04-29 04:56:55"}
{"context":"RouterExplorer","level":"info","message":"Mapped {/logistics/:id, PATCH} route","timestamp":"2025-04-29 04:56:55"}
{"context":"RouterExplorer","level":"info","message":"Mapped {/logistics/:id, DELETE} route","timestamp":"2025-04-29 04:56:55"}
{"context":"RouterExplorer","level":"info","message":"Mapped {/logistics/warehouse/:id, GET} route","timestamp":"2025-04-29 04:56:55"}
{"context":"RouterExplorer","level":"info","message":"Mapped {/logistics/warehouse/:id, POST} route","timestamp":"2025-04-29 04:56:55"}
{"context":"RoutesResolver","level":"info","message":"OrderController {/order}:","timestamp":"2025-04-29 04:56:55"}
{"context":"RouterExplorer","level":"info","message":"Mapped {/order, POST} route","timestamp":"2025-04-29 04:56:55"}
{"context":"RouterExplorer","level":"info","message":"Mapped {/order, GET} route","timestamp":"2025-04-29 04:56:55"}
{"context":"RouterExplorer","level":"info","message":"Mapped {/order/:id, GET} route","timestamp":"2025-04-29 04:56:55"}
{"context":"RouterExplorer","level":"info","message":"Mapped {/order/:id, PATCH} route","timestamp":"2025-04-29 04:56:55"}
{"context":"RouterExplorer","level":"info","message":"Mapped {/order/:id, DELETE} route","timestamp":"2025-04-29 04:56:55"}
{"context":"RouterExplorer","level":"info","message":"Mapped {/order/batch/update-status, POST} route","timestamp":"2025-04-29 04:56:55"}
{"context":"NestApplication","level":"info","message":"Nest application successfully started","timestamp":"2025-04-29 04:56:55"}
{"context":"Bootstrap","level":"info","message":"애플리케이션이 3001 포트에서 시작되었습니다","timestamp":"2025-04-29 04:56:55"}
{"context":"HttpExceptionFilter","level":"error","message":"[예외] POST /auth/login 401 - 접근 토큰 타입이 올바르지 않습니다.","timestamp":"2025-04-29 04:59:45","trace":"UnauthorizedException: 접근 토큰 타입이 올바르지 않습니다.\n    at RBACGuard.canActivate (/app/src/auth/guard/rbac.guard.ts:28:13)\n    at GuardsConsumer.tryActivate (/app/node_modules/.pnpm/@nestjs+core@10.4.17_@nestjs+common@10.4.17_class-transformer@0.5.1_class-validator@0.1_eae1b69253770746a482487d36064dac/node_modules/@nestjs/core/guards/guards-consumer.js:15:34)\n    at canActivateFn (/app/node_modules/.pnpm/@nestjs+core@10.4.17_@nestjs+common@10.4.17_class-transformer@0.5.1_class-validator@0.1_eae1b69253770746a482487d36064dac/node_modules/@nestjs/core/router/router-execution-context.js:135:59)\n    at /app/node_modules/.pnpm/@nestjs+core@10.4.17_@nestjs+common@10.4.17_class-transformer@0.5.1_class-validator@0.1_eae1b69253770746a482487d36064dac/node_modules/@nestjs/core/router/router-execution-context.js:42:37\n    at /app/node_modules/.pnpm/@nestjs+core@10.4.17_@nestjs+common@10.4.17_class-transformer@0.5.1_class-validator@0.1_eae1b69253770746a482487d36064dac/node_modules/@nestjs/core/router/router-proxy.js:9:23\n    at Layer.handle [as handle_request] (/app/node_modules/.pnpm/express@4.21.2/node_modules/express/lib/router/layer.js:95:5)\n    at next (/app/node_modules/.pnpm/express@4.21.2/node_modules/express/lib/router/route.js:149:13)\n    at Route.dispatch (/app/node_modules/.pnpm/express@4.21.2/node_modules/express/lib/router/route.js:119:3)\n    at Layer.handle [as handle_request] (/app/node_modules/.pnpm/express@4.21.2/node_modules/express/lib/router/layer.js:95:5)\n    at /app/node_modules/.pnpm/express@4.21.2/node_modules/express/lib/router/index.js:284:15"}
{"details":{"headers":{"accept":"*/*","accept-encoding":"gzip, deflate, br","authorization":"Basic YWRtaW5AYWRtaW4uY29tOmFkbWlu","cache-control":"no-cache","connection":"keep-alive","content-length":"0","host":"localhost:3001","postman-token":"11e64a6d-5d69-49be-9d3a-dfef09f30029","user-agent":"PostmanRuntime/7.43.3"},"ip":"::ffff:192.168.65.1","method":"POST","path":"/auth/login"},"event":"인증/인가 실패","level":"warn","message":"보안 이벤트","timestamp":"2025-04-29T04:59:45.623Z","userId":"admin@admin.com"}
{"context":"HttpExceptionFilter","level":"error","message":"[예외] POST /auth/login 401 - 접근 토큰 타입이 올바르지 않습니다.","timestamp":"2025-04-29 04:59:52","trace":"UnauthorizedException: 접근 토큰 타입이 올바르지 않습니다.\n    at RBACGuard.canActivate (/app/src/auth/guard/rbac.guard.ts:28:13)\n    at GuardsConsumer.tryActivate (/app/node_modules/.pnpm/@nestjs+core@10.4.17_@nestjs+common@10.4.17_class-transformer@0.5.1_class-validator@0.1_eae1b69253770746a482487d36064dac/node_modules/@nestjs/core/guards/guards-consumer.js:15:34)\n    at canActivateFn (/app/node_modules/.pnpm/@nestjs+core@10.4.17_@nestjs+common@10.4.17_class-transformer@0.5.1_class-validator@0.1_eae1b69253770746a482487d36064dac/node_modules/@nestjs/core/router/router-execution-context.js:135:59)\n    at /app/node_modules/.pnpm/@nestjs+core@10.4.17_@nestjs+common@10.4.17_class-transformer@0.5.1_class-validator@0.1_eae1b69253770746a482487d36064dac/node_modules/@nestjs/core/router/router-execution-context.js:42:37\n    at /app/node_modules/.pnpm/@nestjs+core@10.4.17_@nestjs+common@10.4.17_class-transformer@0.5.1_class-validator@0.1_eae1b69253770746a482487d36064dac/node_modules/@nestjs/core/router/router-proxy.js:9:23\n    at Layer.handle [as handle_request] (/app/node_modules/.pnpm/express@4.21.2/node_modules/express/lib/router/layer.js:95:5)\n    at next (/app/node_modules/.pnpm/express@4.21.2/node_modules/express/lib/router/route.js:149:13)\n    at Route.dispatch (/app/node_modules/.pnpm/express@4.21.2/node_modules/express/lib/router/route.js:119:3)\n    at Layer.handle [as handle_request] (/app/node_modules/.pnpm/express@4.21.2/node_modules/express/lib/router/layer.js:95:5)\n    at /app/node_modules/.pnpm/express@4.21.2/node_modules/express/lib/router/index.js:284:15"}
{"details":{"headers":{"accept":"*/*","accept-encoding":"gzip, deflate, br","authorization":"Basic YWRtaW5AYWRtaW4uY29tOmFkbWlu","cache-control":"no-cache","connection":"keep-alive","content-length":"0","host":"localhost:3001","postman-token":"92ef05ee-3dbe-4063-bb28-5bf1b9ab2e46","user-agent":"PostmanRuntime/7.43.3"},"ip":"::ffff:192.168.65.1","method":"POST","path":"/auth/login"},"event":"인증/인가 실패","level":"warn","message":"보안 이벤트","timestamp":"2025-04-29T04:59:52.548Z","userId":"admin@admin.com"}
{"context":"HttpExceptionFilter","level":"error","message":"[예외] POST /auth/login 401 - 접근 토큰 타입이 올바르지 않습니다.","timestamp":"2025-04-29 05:00:30","trace":"UnauthorizedException: 접근 토큰 타입이 올바르지 않습니다.\n    at RBACGuard.canActivate (/app/src/auth/guard/rbac.guard.ts:28:13)\n    at GuardsConsumer.tryActivate (/app/node_modules/.pnpm/@nestjs+core@10.4.17_@nestjs+common@10.4.17_class-transformer@0.5.1_class-validator@0.1_eae1b69253770746a482487d36064dac/node_modules/@nestjs/core/guards/guards-consumer.js:15:34)\n    at canActivateFn (/app/node_modules/.pnpm/@nestjs+core@10.4.17_@nestjs+common@10.4.17_class-transformer@0.5.1_class-validator@0.1_eae1b69253770746a482487d36064dac/node_modules/@nestjs/core/router/router-execution-context.js:135:59)\n    at /app/node_modules/.pnpm/@nestjs+core@10.4.17_@nestjs+common@10.4.17_class-transformer@0.5.1_class-validator@0.1_eae1b69253770746a482487d36064dac/node_modules/@nestjs/core/router/router-execution-context.js:42:37\n    at /app/node_modules/.pnpm/@nestjs+core@10.4.17_@nestjs+common@10.4.17_class-transformer@0.5.1_class-validator@0.1_eae1b69253770746a482487d36064dac/node_modules/@nestjs/core/router/router-proxy.js:9:23\n    at Layer.handle [as handle_request] (/app/node_modules/.pnpm/express@4.21.2/node_modules/express/lib/router/layer.js:95:5)\n    at next (/app/node_modules/.pnpm/express@4.21.2/node_modules/express/lib/router/route.js:149:13)\n    at Route.dispatch (/app/node_modules/.pnpm/express@4.21.2/node_modules/express/lib/router/route.js:119:3)\n    at Layer.handle [as handle_request] (/app/node_modules/.pnpm/express@4.21.2/node_modules/express/lib/router/layer.js:95:5)\n    at /app/node_modules/.pnpm/express@4.21.2/node_modules/express/lib/router/index.js:284:15"}
{"details":{"headers":{"accept":"*/*","accept-encoding":"gzip, deflate, br","authorization":"Basic YWRtaW5AYWRtaW4uY29tOmFkbWlu","cache-control":"no-cache","connection":"keep-alive","content-length":"0","host":"localhost:3001","postman-token":"8c74a6a4-ad51-418f-8b05-2651ea7f1aee","user-agent":"PostmanRuntime/7.43.3"},"ip":"::ffff:192.168.65.1","method":"POST","path":"/auth/login"},"event":"인증/인가 실패","level":"warn","message":"보안 이벤트","timestamp":"2025-04-29T05:00:30.886Z","userId":"admin@admin.com"}
{"context":"NestFactory","level":"info","message":"Starting Nest application...","timestamp":"2025-04-29 05:00:42"}
{"context":"InstanceLoader","level":"info","message":"TypeOrmModule dependencies initialized","timestamp":"2025-04-29 05:00:42"}
{"context":"InstanceLoader","level":"info","message":"JwtModule dependencies initialized","timestamp":"2025-04-29 05:00:42"}
{"context":"InstanceLoader","level":"info","message":"ConfigHostModule dependencies initialized","timestamp":"2025-04-29 05:00:42"}
{"context":"InstanceLoader","level":"info","message":"DiscoveryModule dependencies initialized","timestamp":"2025-04-29 05:00:42"}
{"context":"InstanceLoader","level":"info","message":"ConfigModule dependencies initialized","timestamp":"2025-04-29 05:00:42"}
{"context":"InstanceLoader","level":"info","message":"ConfigModule dependencies initialized","timestamp":"2025-04-29 05:00:42"}
{"context":"InstanceLoader","level":"info","message":"ScheduleModule dependencies initialized","timestamp":"2025-04-29 05:00:42"}
{"context":"InstanceLoader","level":"info","message":"LoggerModule dependencies initialized","timestamp":"2025-04-29 05:00:42"}
{"context":"InstanceLoader","level":"info","message":"WinstonModule dependencies initialized","timestamp":"2025-04-29 05:00:42"}
{"context":"InstanceLoader","level":"info","message":"TypeOrmCoreModule dependencies initialized","timestamp":"2025-04-29 05:00:42"}
{"context":"InstanceLoader","level":"info","message":"TypeOrmModule dependencies initialized","timestamp":"2025-04-29 05:00:42"}
{"context":"InstanceLoader","level":"info","message":"TypeOrmModule dependencies initialized","timestamp":"2025-04-29 05:00:42"}
{"context":"InstanceLoader","level":"info","message":"TypeOrmModule dependencies initialized","timestamp":"2025-04-29 05:00:42"}
{"context":"InstanceLoader","level":"info","message":"TypeOrmModule dependencies initialized","timestamp":"2025-04-29 05:00:42"}
{"context":"InstanceLoader","level":"info","message":"TypeOrmModule dependencies initialized","timestamp":"2025-04-29 05:00:42"}
{"context":"InstanceLoader","level":"info","message":"TypeOrmModule dependencies initialized","timestamp":"2025-04-29 05:00:42"}
{"context":"InstanceLoader","level":"info","message":"TypeOrmModule dependencies initialized","timestamp":"2025-04-29 05:00:42"}
{"context":"InstanceLoader","level":"info","message":"AppModule dependencies initialized","timestamp":"2025-04-29 05:00:42"}
{"context":"InstanceLoader","level":"info","message":"CommonModule dependencies initialized","timestamp":"2025-04-29 05:00:42"}
{"context":"InstanceLoader","level":"info","message":"AuthModule dependencies initialized","timestamp":"2025-04-29 05:00:42"}
{"context":"InstanceLoader","level":"info","message":"UserModule dependencies initialized","timestamp":"2025-04-29 05:00:42"}
{"context":"InstanceLoader","level":"info","message":"StoreModule dependencies initialized","timestamp":"2025-04-29 05:00:42"}
{"context":"InstanceLoader","level":"info","message":"OwnerModule dependencies initialized","timestamp":"2025-04-29 05:00:42"}
{"context":"InstanceLoader","level":"info","message":"ItemModule dependencies initialized","timestamp":"2025-04-29 05:00:42"}
{"context":"InstanceLoader","level":"info","message":"LogisticsModule dependencies initialized","timestamp":"2025-04-29 05:00:42"}
{"context":"InstanceLoader","level":"info","message":"OrderModule dependencies initialized","timestamp":"2025-04-29 05:00:42"}
{"context":"RoutesResolver","level":"info","message":"UserController {/user}:","timestamp":"2025-04-29 05:00:42"}
{"context":"RouterExplorer","level":"info","message":"Mapped {/user, POST} route","timestamp":"2025-04-29 05:00:42"}
{"context":"RouterExplorer","level":"info","message":"Mapped {/user, GET} route","timestamp":"2025-04-29 05:00:42"}
{"context":"RouterExplorer","level":"info","message":"Mapped {/user/:id, GET} route","timestamp":"2025-04-29 05:00:42"}
{"context":"RouterExplorer","level":"info","message":"Mapped {/user/:id, PATCH} route","timestamp":"2025-04-29 05:00:42"}
{"context":"RouterExplorer","level":"info","message":"Mapped {/user/:id, DELETE} route","timestamp":"2025-04-29 05:00:42"}
{"context":"RoutesResolver","level":"info","message":"AuthController {/auth}:","timestamp":"2025-04-29 05:00:42"}
{"context":"RouterExplorer","level":"info","message":"Mapped {/auth/login, POST} route","timestamp":"2025-04-29 05:00:42"}
{"context":"RouterExplorer","level":"info","message":"Mapped {/auth/token/newToken, POST} route","timestamp":"2025-04-29 05:00:42"}
{"context":"RoutesResolver","level":"info","message":"StoreController {/store}:","timestamp":"2025-04-29 05:00:42"}
{"context":"RouterExplorer","level":"info","message":"Mapped {/store, POST} route","timestamp":"2025-04-29 05:00:42"}
{"context":"RouterExplorer","level":"info","message":"Mapped {/store, GET} route","timestamp":"2025-04-29 05:00:42"}
{"context":"RouterExplorer","level":"info","message":"Mapped {/store/:id, GET} route","timestamp":"2025-04-29 05:00:42"}
{"context":"RouterExplorer","level":"info","message":"Mapped {/store/:id, PATCH} route","timestamp":"2025-04-29 05:00:42"}
{"context":"RouterExplorer","level":"info","message":"Mapped {/store/:id, DELETE} route","timestamp":"2025-04-29 05:00:42"}
{"context":"RouterExplorer","level":"info","message":"Mapped {/store/warehouse, POST} route","timestamp":"2025-04-29 05:00:42"}
{"context":"RoutesResolver","level":"info","message":"OwnerController {/owner}:","timestamp":"2025-04-29 05:00:42"}
{"context":"RouterExplorer","level":"info","message":"Mapped {/owner, POST} route","timestamp":"2025-04-29 05:00:42"}
{"context":"RouterExplorer","level":"info","message":"Mapped {/owner, GET} route","timestamp":"2025-04-29 05:00:42"}
{"context":"RouterExplorer","level":"info","message":"Mapped {/owner/:id, GET} route","timestamp":"2025-04-29 05:00:42"}
{"context":"RouterExplorer","level":"info","message":"Mapped {/owner/:id, PATCH} route","timestamp":"2025-04-29 05:00:42"}
{"context":"RouterExplorer","level":"info","message":"Mapped {/owner/:id, DELETE} route","timestamp":"2025-04-29 05:00:42"}
{"context":"RoutesResolver","level":"info","message":"ItemController {/item}:","timestamp":"2025-04-29 05:00:42"}
{"context":"RouterExplorer","level":"info","message":"Mapped {/item, POST} route","timestamp":"2025-04-29 05:00:42"}
{"context":"RouterExplorer","level":"info","message":"Mapped {/item, GET} route","timestamp":"2025-04-29 05:00:42"}
{"context":"RouterExplorer","level":"info","message":"Mapped {/item/:id, GET} route","timestamp":"2025-04-29 05:00:42"}
{"context":"RouterExplorer","level":"info","message":"Mapped {/item/:id, PATCH} route","timestamp":"2025-04-29 05:00:42"}
{"context":"RouterExplorer","level":"info","message":"Mapped {/item/:id, DELETE} route","timestamp":"2025-04-29 05:00:42"}
{"context":"RouterExplorer","level":"info","message":"Mapped {/item/logistics, POST} route","timestamp":"2025-04-29 05:00:42"}
{"context":"RoutesResolver","level":"info","message":"LogisticsController {/logistics}:","timestamp":"2025-04-29 05:00:42"}
{"context":"RouterExplorer","level":"info","message":"Mapped {/logistics, POST} route","timestamp":"2025-04-29 05:00:42"}
{"context":"RouterExplorer","level":"info","message":"Mapped {/logistics, GET} route","timestamp":"2025-04-29 05:00:42"}
{"context":"RouterExplorer","level":"info","message":"Mapped {/logistics/:id, GET} route","timestamp":"2025-04-29 05:00:42"}
{"context":"RouterExplorer","level":"info","message":"Mapped {/logistics/:id, PATCH} route","timestamp":"2025-04-29 05:00:42"}
{"context":"RouterExplorer","level":"info","message":"Mapped {/logistics/:id, DELETE} route","timestamp":"2025-04-29 05:00:42"}
{"context":"RouterExplorer","level":"info","message":"Mapped {/logistics/warehouse/:id, GET} route","timestamp":"2025-04-29 05:00:42"}
{"context":"RouterExplorer","level":"info","message":"Mapped {/logistics/warehouse/:id, POST} route","timestamp":"2025-04-29 05:00:42"}
{"context":"RoutesResolver","level":"info","message":"OrderController {/order}:","timestamp":"2025-04-29 05:00:42"}
{"context":"RouterExplorer","level":"info","message":"Mapped {/order, POST} route","timestamp":"2025-04-29 05:00:42"}
{"context":"RouterExplorer","level":"info","message":"Mapped {/order, GET} route","timestamp":"2025-04-29 05:00:42"}
{"context":"RouterExplorer","level":"info","message":"Mapped {/order/:id, GET} route","timestamp":"2025-04-29 05:00:42"}
{"context":"RouterExplorer","level":"info","message":"Mapped {/order/:id, PATCH} route","timestamp":"2025-04-29 05:00:42"}
{"context":"RouterExplorer","level":"info","message":"Mapped {/order/:id, DELETE} route","timestamp":"2025-04-29 05:00:42"}
{"context":"RouterExplorer","level":"info","message":"Mapped {/order/batch/update-status, POST} route","timestamp":"2025-04-29 05:00:42"}
{"context":"NestApplication","level":"info","message":"Nest application successfully started","timestamp":"2025-04-29 05:00:42"}
{"context":"Bootstrap","level":"info","message":"애플리케이션이 3001 포트에서 시작되었습니다","timestamp":"2025-04-29 05:00:42"}
{"context":"HttpExceptionFilter","level":"error","message":"[예외] POST /auth/login 401 - 접근 토큰 타입이 올바르지 않습니다.","timestamp":"2025-04-29 05:00:43","trace":"UnauthorizedException: 접근 토큰 타입이 올바르지 않습니다.\n    at RBACGuard.canActivate (/app/src/auth/guard/rbac.guard.ts:28:13)\n    at GuardsConsumer.tryActivate (/app/node_modules/.pnpm/@nestjs+core@10.4.17_@nestjs+common@10.4.17_class-transformer@0.5.1_class-validator@0.1_eae1b69253770746a482487d36064dac/node_modules/@nestjs/core/guards/guards-consumer.js:15:34)\n    at canActivateFn (/app/node_modules/.pnpm/@nestjs+core@10.4.17_@nestjs+common@10.4.17_class-transformer@0.5.1_class-validator@0.1_eae1b69253770746a482487d36064dac/node_modules/@nestjs/core/router/router-execution-context.js:135:59)\n    at /app/node_modules/.pnpm/@nestjs+core@10.4.17_@nestjs+common@10.4.17_class-transformer@0.5.1_class-validator@0.1_eae1b69253770746a482487d36064dac/node_modules/@nestjs/core/router/router-execution-context.js:42:37\n    at /app/node_modules/.pnpm/@nestjs+core@10.4.17_@nestjs+common@10.4.17_class-transformer@0.5.1_class-validator@0.1_eae1b69253770746a482487d36064dac/node_modules/@nestjs/core/router/router-proxy.js:9:23\n    at Layer.handle [as handle_request] (/app/node_modules/.pnpm/express@4.21.2/node_modules/express/lib/router/layer.js:95:5)\n    at next (/app/node_modules/.pnpm/express@4.21.2/node_modules/express/lib/router/route.js:149:13)\n    at Route.dispatch (/app/node_modules/.pnpm/express@4.21.2/node_modules/express/lib/router/route.js:119:3)\n    at Layer.handle [as handle_request] (/app/node_modules/.pnpm/express@4.21.2/node_modules/express/lib/router/layer.js:95:5)\n    at /app/node_modules/.pnpm/express@4.21.2/node_modules/express/lib/router/index.js:284:15"}
{"details":{"headers":{"accept":"*/*","accept-encoding":"gzip, deflate, br","authorization":"Basic YWRtaW5AYWRtaW4uY29tOmFkbWlu","cache-control":"no-cache","connection":"keep-alive","content-length":"0","host":"localhost:3001","postman-token":"8d782faf-cb8f-4c47-964c-6daf743953b9","user-agent":"PostmanRuntime/7.43.3"},"ip":"::ffff:192.168.65.1","method":"POST","path":"/auth/login"},"event":"인증/인가 실패","level":"warn","message":"보안 이벤트","timestamp":"2025-04-29T05:00:43.792Z","userId":"admin@admin.com"}
{"context":"HttpExceptionFilter","level":"error","message":"[예외] POST /auth/login 401 - 접근 토큰 타입이 올바르지 않습니다.","timestamp":"2025-04-29 05:00:44","trace":"UnauthorizedException: 접근 토큰 타입이 올바르지 않습니다.\n    at RBACGuard.canActivate (/app/src/auth/guard/rbac.guard.ts:28:13)\n    at GuardsConsumer.tryActivate (/app/node_modules/.pnpm/@nestjs+core@10.4.17_@nestjs+common@10.4.17_class-transformer@0.5.1_class-validator@0.1_eae1b69253770746a482487d36064dac/node_modules/@nestjs/core/guards/guards-consumer.js:15:34)\n    at canActivateFn (/app/node_modules/.pnpm/@nestjs+core@10.4.17_@nestjs+common@10.4.17_class-transformer@0.5.1_class-validator@0.1_eae1b69253770746a482487d36064dac/node_modules/@nestjs/core/router/router-execution-context.js:135:59)\n    at /app/node_modules/.pnpm/@nestjs+core@10.4.17_@nestjs+common@10.4.17_class-transformer@0.5.1_class-validator@0.1_eae1b69253770746a482487d36064dac/node_modules/@nestjs/core/router/router-execution-context.js:42:37\n    at /app/node_modules/.pnpm/@nestjs+core@10.4.17_@nestjs+common@10.4.17_class-transformer@0.5.1_class-validator@0.1_eae1b69253770746a482487d36064dac/node_modules/@nestjs/core/router/router-proxy.js:9:23\n    at Layer.handle [as handle_request] (/app/node_modules/.pnpm/express@4.21.2/node_modules/express/lib/router/layer.js:95:5)\n    at next (/app/node_modules/.pnpm/express@4.21.2/node_modules/express/lib/router/route.js:149:13)\n    at Route.dispatch (/app/node_modules/.pnpm/express@4.21.2/node_modules/express/lib/router/route.js:119:3)\n    at Layer.handle [as handle_request] (/app/node_modules/.pnpm/express@4.21.2/node_modules/express/lib/router/layer.js:95:5)\n    at /app/node_modules/.pnpm/express@4.21.2/node_modules/express/lib/router/index.js:284:15"}
{"details":{"headers":{"accept":"*/*","accept-encoding":"gzip, deflate, br","authorization":"Basic YWRtaW5AYWRtaW4uY29tOmFkbWlu","cache-control":"no-cache","connection":"keep-alive","content-length":"0","host":"localhost:3001","postman-token":"3168f264-632e-4e2e-bbf5-8f1e70b3c3e7","user-agent":"PostmanRuntime/7.43.3"},"ip":"::ffff:192.168.65.1","method":"POST","path":"/auth/login"},"event":"인증/인가 실패","level":"warn","message":"보안 이벤트","timestamp":"2025-04-29T05:00:44.505Z","userId":"admin@admin.com"}
{"context":"HttpExceptionFilter","level":"error","message":"[예외] POST /auth/login 401 - 접근 토큰 타입이 올바르지 않습니다.","timestamp":"2025-04-29 05:00:45","trace":"UnauthorizedException: 접근 토큰 타입이 올바르지 않습니다.\n    at RBACGuard.canActivate (/app/src/auth/guard/rbac.guard.ts:28:13)\n    at GuardsConsumer.tryActivate (/app/node_modules/.pnpm/@nestjs+core@10.4.17_@nestjs+common@10.4.17_class-transformer@0.5.1_class-validator@0.1_eae1b69253770746a482487d36064dac/node_modules/@nestjs/core/guards/guards-consumer.js:15:34)\n    at canActivateFn (/app/node_modules/.pnpm/@nestjs+core@10.4.17_@nestjs+common@10.4.17_class-transformer@0.5.1_class-validator@0.1_eae1b69253770746a482487d36064dac/node_modules/@nestjs/core/router/router-execution-context.js:135:59)\n    at /app/node_modules/.pnpm/@nestjs+core@10.4.17_@nestjs+common@10.4.17_class-transformer@0.5.1_class-validator@0.1_eae1b69253770746a482487d36064dac/node_modules/@nestjs/core/router/router-execution-context.js:42:37\n    at /app/node_modules/.pnpm/@nestjs+core@10.4.17_@nestjs+common@10.4.17_class-transformer@0.5.1_class-validator@0.1_eae1b69253770746a482487d36064dac/node_modules/@nestjs/core/router/router-proxy.js:9:23\n    at Layer.handle [as handle_request] (/app/node_modules/.pnpm/express@4.21.2/node_modules/express/lib/router/layer.js:95:5)\n    at next (/app/node_modules/.pnpm/express@4.21.2/node_modules/express/lib/router/route.js:149:13)\n    at Route.dispatch (/app/node_modules/.pnpm/express@4.21.2/node_modules/express/lib/router/route.js:119:3)\n    at Layer.handle [as handle_request] (/app/node_modules/.pnpm/express@4.21.2/node_modules/express/lib/router/layer.js:95:5)\n    at /app/node_modules/.pnpm/express@4.21.2/node_modules/express/lib/router/index.js:284:15"}
{"details":{"headers":{"accept":"*/*","accept-encoding":"gzip, deflate, br","authorization":"Basic YWRtaW5AYWRtaW4uY29tOmFkbWlu","cache-control":"no-cache","connection":"keep-alive","content-length":"0","host":"localhost:3001","postman-token":"c5c11f50-6cfe-4bba-929a-88eca74a684c","user-agent":"PostmanRuntime/7.43.3"},"ip":"::ffff:192.168.65.1","method":"POST","path":"/auth/login"},"event":"인증/인가 실패","level":"warn","message":"보안 이벤트","timestamp":"2025-04-29T05:00:45.062Z","userId":"admin@admin.com"}
{"context":"NestFactory","level":"info","message":"Starting Nest application...","timestamp":"2025-04-29 05:01:04"}
{"context":"InstanceLoader","level":"info","message":"TypeOrmModule dependencies initialized","timestamp":"2025-04-29 05:01:04"}
{"context":"InstanceLoader","level":"info","message":"JwtModule dependencies initialized","timestamp":"2025-04-29 05:01:04"}
{"context":"InstanceLoader","level":"info","message":"ConfigHostModule dependencies initialized","timestamp":"2025-04-29 05:01:04"}
{"context":"InstanceLoader","level":"info","message":"DiscoveryModule dependencies initialized","timestamp":"2025-04-29 05:01:04"}
{"context":"InstanceLoader","level":"info","message":"ConfigModule dependencies initialized","timestamp":"2025-04-29 05:01:04"}
{"context":"InstanceLoader","level":"info","message":"ConfigModule dependencies initialized","timestamp":"2025-04-29 05:01:04"}
{"context":"InstanceLoader","level":"info","message":"ScheduleModule dependencies initialized","timestamp":"2025-04-29 05:01:04"}
{"context":"InstanceLoader","level":"info","message":"LoggerModule dependencies initialized","timestamp":"2025-04-29 05:01:04"}
{"context":"InstanceLoader","level":"info","message":"WinstonModule dependencies initialized","timestamp":"2025-04-29 05:01:04"}
{"context":"InstanceLoader","level":"info","message":"TypeOrmCoreModule dependencies initialized","timestamp":"2025-04-29 05:01:04"}
{"context":"InstanceLoader","level":"info","message":"TypeOrmModule dependencies initialized","timestamp":"2025-04-29 05:01:04"}
{"context":"InstanceLoader","level":"info","message":"TypeOrmModule dependencies initialized","timestamp":"2025-04-29 05:01:04"}
{"context":"InstanceLoader","level":"info","message":"TypeOrmModule dependencies initialized","timestamp":"2025-04-29 05:01:04"}
{"context":"InstanceLoader","level":"info","message":"TypeOrmModule dependencies initialized","timestamp":"2025-04-29 05:01:04"}
{"context":"InstanceLoader","level":"info","message":"TypeOrmModule dependencies initialized","timestamp":"2025-04-29 05:01:04"}
{"context":"InstanceLoader","level":"info","message":"TypeOrmModule dependencies initialized","timestamp":"2025-04-29 05:01:04"}
{"context":"InstanceLoader","level":"info","message":"TypeOrmModule dependencies initialized","timestamp":"2025-04-29 05:01:04"}
{"context":"InstanceLoader","level":"info","message":"AppModule dependencies initialized","timestamp":"2025-04-29 05:01:04"}
{"context":"InstanceLoader","level":"info","message":"CommonModule dependencies initialized","timestamp":"2025-04-29 05:01:04"}
{"context":"InstanceLoader","level":"info","message":"AuthModule dependencies initialized","timestamp":"2025-04-29 05:01:04"}
{"context":"InstanceLoader","level":"info","message":"UserModule dependencies initialized","timestamp":"2025-04-29 05:01:04"}
{"context":"InstanceLoader","level":"info","message":"StoreModule dependencies initialized","timestamp":"2025-04-29 05:01:04"}
{"context":"InstanceLoader","level":"info","message":"OwnerModule dependencies initialized","timestamp":"2025-04-29 05:01:04"}
{"context":"InstanceLoader","level":"info","message":"ItemModule dependencies initialized","timestamp":"2025-04-29 05:01:04"}
{"context":"InstanceLoader","level":"info","message":"LogisticsModule dependencies initialized","timestamp":"2025-04-29 05:01:04"}
{"context":"InstanceLoader","level":"info","message":"OrderModule dependencies initialized","timestamp":"2025-04-29 05:01:04"}
{"context":"RoutesResolver","level":"info","message":"UserController {/user}:","timestamp":"2025-04-29 05:01:04"}
{"context":"RouterExplorer","level":"info","message":"Mapped {/user, POST} route","timestamp":"2025-04-29 05:01:04"}
{"context":"RouterExplorer","level":"info","message":"Mapped {/user, GET} route","timestamp":"2025-04-29 05:01:04"}
{"context":"RouterExplorer","level":"info","message":"Mapped {/user/:id, GET} route","timestamp":"2025-04-29 05:01:04"}
{"context":"RouterExplorer","level":"info","message":"Mapped {/user/:id, PATCH} route","timestamp":"2025-04-29 05:01:04"}
{"context":"RouterExplorer","level":"info","message":"Mapped {/user/:id, DELETE} route","timestamp":"2025-04-29 05:01:04"}
{"context":"RoutesResolver","level":"info","message":"AuthController {/auth}:","timestamp":"2025-04-29 05:01:04"}
{"context":"RouterExplorer","level":"info","message":"Mapped {/auth/login, POST} route","timestamp":"2025-04-29 05:01:04"}
{"context":"RouterExplorer","level":"info","message":"Mapped {/auth/token/newToken, POST} route","timestamp":"2025-04-29 05:01:04"}
{"context":"RoutesResolver","level":"info","message":"StoreController {/store}:","timestamp":"2025-04-29 05:01:04"}
{"context":"RouterExplorer","level":"info","message":"Mapped {/store, POST} route","timestamp":"2025-04-29 05:01:04"}
{"context":"RouterExplorer","level":"info","message":"Mapped {/store, GET} route","timestamp":"2025-04-29 05:01:04"}
{"context":"RouterExplorer","level":"info","message":"Mapped {/store/:id, GET} route","timestamp":"2025-04-29 05:01:04"}
{"context":"RouterExplorer","level":"info","message":"Mapped {/store/:id, PATCH} route","timestamp":"2025-04-29 05:01:04"}
{"context":"RouterExplorer","level":"info","message":"Mapped {/store/:id, DELETE} route","timestamp":"2025-04-29 05:01:04"}
{"context":"RouterExplorer","level":"info","message":"Mapped {/store/warehouse, POST} route","timestamp":"2025-04-29 05:01:04"}
{"context":"RoutesResolver","level":"info","message":"OwnerController {/owner}:","timestamp":"2025-04-29 05:01:04"}
{"context":"RouterExplorer","level":"info","message":"Mapped {/owner, POST} route","timestamp":"2025-04-29 05:01:04"}
{"context":"RouterExplorer","level":"info","message":"Mapped {/owner, GET} route","timestamp":"2025-04-29 05:01:04"}
{"context":"RouterExplorer","level":"info","message":"Mapped {/owner/:id, GET} route","timestamp":"2025-04-29 05:01:04"}
{"context":"RouterExplorer","level":"info","message":"Mapped {/owner/:id, PATCH} route","timestamp":"2025-04-29 05:01:04"}
{"context":"RouterExplorer","level":"info","message":"Mapped {/owner/:id, DELETE} route","timestamp":"2025-04-29 05:01:04"}
{"context":"RoutesResolver","level":"info","message":"ItemController {/item}:","timestamp":"2025-04-29 05:01:04"}
{"context":"RouterExplorer","level":"info","message":"Mapped {/item, POST} route","timestamp":"2025-04-29 05:01:04"}
{"context":"RouterExplorer","level":"info","message":"Mapped {/item, GET} route","timestamp":"2025-04-29 05:01:04"}
{"context":"RouterExplorer","level":"info","message":"Mapped {/item/:id, GET} route","timestamp":"2025-04-29 05:01:04"}
{"context":"RouterExplorer","level":"info","message":"Mapped {/item/:id, PATCH} route","timestamp":"2025-04-29 05:01:04"}
{"context":"RouterExplorer","level":"info","message":"Mapped {/item/:id, DELETE} route","timestamp":"2025-04-29 05:01:04"}
{"context":"RouterExplorer","level":"info","message":"Mapped {/item/logistics, POST} route","timestamp":"2025-04-29 05:01:04"}
{"context":"RoutesResolver","level":"info","message":"LogisticsController {/logistics}:","timestamp":"2025-04-29 05:01:04"}
{"context":"RouterExplorer","level":"info","message":"Mapped {/logistics, POST} route","timestamp":"2025-04-29 05:01:04"}
{"context":"RouterExplorer","level":"info","message":"Mapped {/logistics, GET} route","timestamp":"2025-04-29 05:01:04"}
{"context":"RouterExplorer","level":"info","message":"Mapped {/logistics/:id, GET} route","timestamp":"2025-04-29 05:01:04"}
{"context":"RouterExplorer","level":"info","message":"Mapped {/logistics/:id, PATCH} route","timestamp":"2025-04-29 05:01:04"}
{"context":"RouterExplorer","level":"info","message":"Mapped {/logistics/:id, DELETE} route","timestamp":"2025-04-29 05:01:04"}
{"context":"RouterExplorer","level":"info","message":"Mapped {/logistics/warehouse/:id, GET} route","timestamp":"2025-04-29 05:01:04"}
{"context":"RouterExplorer","level":"info","message":"Mapped {/logistics/warehouse/:id, POST} route","timestamp":"2025-04-29 05:01:04"}
{"context":"RoutesResolver","level":"info","message":"OrderController {/order}:","timestamp":"2025-04-29 05:01:04"}
{"context":"RouterExplorer","level":"info","message":"Mapped {/order, POST} route","timestamp":"2025-04-29 05:01:04"}
{"context":"RouterExplorer","level":"info","message":"Mapped {/order, GET} route","timestamp":"2025-04-29 05:01:04"}
{"context":"RouterExplorer","level":"info","message":"Mapped {/order/:id, GET} route","timestamp":"2025-04-29 05:01:04"}
{"context":"RouterExplorer","level":"info","message":"Mapped {/order/:id, PATCH} route","timestamp":"2025-04-29 05:01:04"}
{"context":"RouterExplorer","level":"info","message":"Mapped {/order/:id, DELETE} route","timestamp":"2025-04-29 05:01:04"}
{"context":"RouterExplorer","level":"info","message":"Mapped {/order/batch/update-status, POST} route","timestamp":"2025-04-29 05:01:04"}
{"context":"NestApplication","level":"info","message":"Nest application successfully started","timestamp":"2025-04-29 05:01:04"}
{"context":"Bootstrap","level":"info","message":"애플리케이션이 3001 포트에서 시작되었습니다","timestamp":"2025-04-29 05:01:04"}
{"context":"HttpExceptionFilter","level":"error","message":"[예외] POST /auth/login 401 - 접근 토큰 타입이 올바르지 않습니다.","timestamp":"2025-04-29 05:01:06","trace":"UnauthorizedException: 접근 토큰 타입이 올바르지 않습니다.\n    at RBACGuard.canActivate (/app/src/auth/guard/rbac.guard.ts:28:13)\n    at GuardsConsumer.tryActivate (/app/node_modules/.pnpm/@nestjs+core@10.4.17_@nestjs+common@10.4.17_class-transformer@0.5.1_class-validator@0.1_eae1b69253770746a482487d36064dac/node_modules/@nestjs/core/guards/guards-consumer.js:15:34)\n    at canActivateFn (/app/node_modules/.pnpm/@nestjs+core@10.4.17_@nestjs+common@10.4.17_class-transformer@0.5.1_class-validator@0.1_eae1b69253770746a482487d36064dac/node_modules/@nestjs/core/router/router-execution-context.js:135:59)\n    at /app/node_modules/.pnpm/@nestjs+core@10.4.17_@nestjs+common@10.4.17_class-transformer@0.5.1_class-validator@0.1_eae1b69253770746a482487d36064dac/node_modules/@nestjs/core/router/router-execution-context.js:42:37\n    at /app/node_modules/.pnpm/@nestjs+core@10.4.17_@nestjs+common@10.4.17_class-transformer@0.5.1_class-validator@0.1_eae1b69253770746a482487d36064dac/node_modules/@nestjs/core/router/router-proxy.js:9:23\n    at Layer.handle [as handle_request] (/app/node_modules/.pnpm/express@4.21.2/node_modules/express/lib/router/layer.js:95:5)\n    at next (/app/node_modules/.pnpm/express@4.21.2/node_modules/express/lib/router/route.js:149:13)\n    at Route.dispatch (/app/node_modules/.pnpm/express@4.21.2/node_modules/express/lib/router/route.js:119:3)\n    at Layer.handle [as handle_request] (/app/node_modules/.pnpm/express@4.21.2/node_modules/express/lib/router/layer.js:95:5)\n    at /app/node_modules/.pnpm/express@4.21.2/node_modules/express/lib/router/index.js:284:15"}
{"details":{"headers":{"accept":"*/*","accept-encoding":"gzip, deflate, br","authorization":"Basic YWRtaW5AYWRtaW4uY29tOmFkbWlu","cache-control":"no-cache","connection":"keep-alive","content-length":"0","host":"localhost:3001","postman-token":"5e9d7331-6e20-4e67-a919-9faabb0212a0","user-agent":"PostmanRuntime/7.43.3"},"ip":"::ffff:192.168.65.1","method":"POST","path":"/auth/login"},"event":"인증/인가 실패","level":"warn","message":"보안 이벤트","timestamp":"2025-04-29T05:01:06.395Z","userId":"admin@admin.com"}
{"context":"HttpExceptionFilter","level":"error","message":"[예외] POST /auth/login 401 - 접근 토큰 타입이 올바르지 않습니다.","timestamp":"2025-04-29 05:01:06","trace":"UnauthorizedException: 접근 토큰 타입이 올바르지 않습니다.\n    at RBACGuard.canActivate (/app/src/auth/guard/rbac.guard.ts:28:13)\n    at GuardsConsumer.tryActivate (/app/node_modules/.pnpm/@nestjs+core@10.4.17_@nestjs+common@10.4.17_class-transformer@0.5.1_class-validator@0.1_eae1b69253770746a482487d36064dac/node_modules/@nestjs/core/guards/guards-consumer.js:15:34)\n    at canActivateFn (/app/node_modules/.pnpm/@nestjs+core@10.4.17_@nestjs+common@10.4.17_class-transformer@0.5.1_class-validator@0.1_eae1b69253770746a482487d36064dac/node_modules/@nestjs/core/router/router-execution-context.js:135:59)\n    at /app/node_modules/.pnpm/@nestjs+core@10.4.17_@nestjs+common@10.4.17_class-transformer@0.5.1_class-validator@0.1_eae1b69253770746a482487d36064dac/node_modules/@nestjs/core/router/router-execution-context.js:42:37\n    at /app/node_modules/.pnpm/@nestjs+core@10.4.17_@nestjs+common@10.4.17_class-transformer@0.5.1_class-validator@0.1_eae1b69253770746a482487d36064dac/node_modules/@nestjs/core/router/router-proxy.js:9:23\n    at Layer.handle [as handle_request] (/app/node_modules/.pnpm/express@4.21.2/node_modules/express/lib/router/layer.js:95:5)\n    at next (/app/node_modules/.pnpm/express@4.21.2/node_modules/express/lib/router/route.js:149:13)\n    at Route.dispatch (/app/node_modules/.pnpm/express@4.21.2/node_modules/express/lib/router/route.js:119:3)\n    at Layer.handle [as handle_request] (/app/node_modules/.pnpm/express@4.21.2/node_modules/express/lib/router/layer.js:95:5)\n    at /app/node_modules/.pnpm/express@4.21.2/node_modules/express/lib/router/index.js:284:15"}
{"details":{"headers":{"accept":"*/*","accept-encoding":"gzip, deflate, br","authorization":"Basic YWRtaW5AYWRtaW4uY29tOmFkbWlu","cache-control":"no-cache","connection":"keep-alive","content-length":"0","host":"localhost:3001","postman-token":"6170c64c-a7f7-45c2-9c41-8c855befb020","user-agent":"PostmanRuntime/7.43.3"},"ip":"::ffff:192.168.65.1","method":"POST","path":"/auth/login"},"event":"인증/인가 실패","level":"warn","message":"보안 이벤트","timestamp":"2025-04-29T05:01:06.985Z","userId":"admin@admin.com"}
{"context":"HttpExceptionFilter","level":"error","message":"[예외] POST /auth/login 401 - 접근 토큰 타입이 올바르지 않습니다.","timestamp":"2025-04-29 05:01:07","trace":"UnauthorizedException: 접근 토큰 타입이 올바르지 않습니다.\n    at RBACGuard.canActivate (/app/src/auth/guard/rbac.guard.ts:28:13)\n    at GuardsConsumer.tryActivate (/app/node_modules/.pnpm/@nestjs+core@10.4.17_@nestjs+common@10.4.17_class-transformer@0.5.1_class-validator@0.1_eae1b69253770746a482487d36064dac/node_modules/@nestjs/core/guards/guards-consumer.js:15:34)\n    at canActivateFn (/app/node_modules/.pnpm/@nestjs+core@10.4.17_@nestjs+common@10.4.17_class-transformer@0.5.1_class-validator@0.1_eae1b69253770746a482487d36064dac/node_modules/@nestjs/core/router/router-execution-context.js:135:59)\n    at /app/node_modules/.pnpm/@nestjs+core@10.4.17_@nestjs+common@10.4.17_class-transformer@0.5.1_class-validator@0.1_eae1b69253770746a482487d36064dac/node_modules/@nestjs/core/router/router-execution-context.js:42:37\n    at /app/node_modules/.pnpm/@nestjs+core@10.4.17_@nestjs+common@10.4.17_class-transformer@0.5.1_class-validator@0.1_eae1b69253770746a482487d36064dac/node_modules/@nestjs/core/router/router-proxy.js:9:23\n    at Layer.handle [as handle_request] (/app/node_modules/.pnpm/express@4.21.2/node_modules/express/lib/router/layer.js:95:5)\n    at next (/app/node_modules/.pnpm/express@4.21.2/node_modules/express/lib/router/route.js:149:13)\n    at Route.dispatch (/app/node_modules/.pnpm/express@4.21.2/node_modules/express/lib/router/route.js:119:3)\n    at Layer.handle [as handle_request] (/app/node_modules/.pnpm/express@4.21.2/node_modules/express/lib/router/layer.js:95:5)\n    at /app/node_modules/.pnpm/express@4.21.2/node_modules/express/lib/router/index.js:284:15"}
{"details":{"headers":{"accept":"*/*","accept-encoding":"gzip, deflate, br","authorization":"Basic YWRtaW5AYWRtaW4uY29tOmFkbWlu","cache-control":"no-cache","connection":"keep-alive","content-length":"0","host":"localhost:3001","postman-token":"9c55067b-25ec-4c5b-9ca7-eb77c2c4ed09","user-agent":"PostmanRuntime/7.43.3"},"ip":"::ffff:192.168.65.1","method":"POST","path":"/auth/login"},"event":"인증/인가 실패","level":"warn","message":"보안 이벤트","timestamp":"2025-04-29T05:01:07.426Z","userId":"admin@admin.com"}
{"context":"HttpExceptionFilter","level":"error","message":"[예외] POST /auth/login 401 - 접근 토큰 타입이 올바르지 않습니다.","timestamp":"2025-04-29 05:01:41","trace":"UnauthorizedException: 접근 토큰 타입이 올바르지 않습니다.\n    at RBACGuard.canActivate (/app/src/auth/guard/rbac.guard.ts:28:13)\n    at GuardsConsumer.tryActivate (/app/node_modules/.pnpm/@nestjs+core@10.4.17_@nestjs+common@10.4.17_class-transformer@0.5.1_class-validator@0.1_eae1b69253770746a482487d36064dac/node_modules/@nestjs/core/guards/guards-consumer.js:15:34)\n    at canActivateFn (/app/node_modules/.pnpm/@nestjs+core@10.4.17_@nestjs+common@10.4.17_class-transformer@0.5.1_class-validator@0.1_eae1b69253770746a482487d36064dac/node_modules/@nestjs/core/router/router-execution-context.js:135:59)\n    at /app/node_modules/.pnpm/@nestjs+core@10.4.17_@nestjs+common@10.4.17_class-transformer@0.5.1_class-validator@0.1_eae1b69253770746a482487d36064dac/node_modules/@nestjs/core/router/router-execution-context.js:42:37\n    at /app/node_modules/.pnpm/@nestjs+core@10.4.17_@nestjs+common@10.4.17_class-transformer@0.5.1_class-validator@0.1_eae1b69253770746a482487d36064dac/node_modules/@nestjs/core/router/router-proxy.js:9:23\n    at Layer.handle [as handle_request] (/app/node_modules/.pnpm/express@4.21.2/node_modules/express/lib/router/layer.js:95:5)\n    at next (/app/node_modules/.pnpm/express@4.21.2/node_modules/express/lib/router/route.js:149:13)\n    at Route.dispatch (/app/node_modules/.pnpm/express@4.21.2/node_modules/express/lib/router/route.js:119:3)\n    at Layer.handle [as handle_request] (/app/node_modules/.pnpm/express@4.21.2/node_modules/express/lib/router/layer.js:95:5)\n    at /app/node_modules/.pnpm/express@4.21.2/node_modules/express/lib/router/index.js:284:15"}
{"details":{"headers":{"accept":"*/*","accept-encoding":"gzip, deflate, br","authorization":"Basic YWRtaW5AYWRtaW4uY29tOmFkbWlu","cache-control":"no-cache","connection":"keep-alive","content-length":"0","host":"localhost:3001","postman-token":"59dc20a6-4fb7-4ad8-b817-a34e2e088e4c","user-agent":"PostmanRuntime/7.43.3"},"ip":"::ffff:192.168.65.1","method":"POST","path":"/auth/login"},"event":"인증/인가 실패","level":"warn","message":"보안 이벤트","timestamp":"2025-04-29T05:01:41.975Z","userId":"admin@admin.com"}
{"context":"NestFactory","level":"info","message":"Starting Nest application...","timestamp":"2025-04-29 05:02:45"}
{"context":"InstanceLoader","level":"info","message":"TypeOrmModule dependencies initialized","timestamp":"2025-04-29 05:02:45"}
{"context":"InstanceLoader","level":"info","message":"JwtModule dependencies initialized","timestamp":"2025-04-29 05:02:45"}
{"context":"InstanceLoader","level":"info","message":"ConfigHostModule dependencies initialized","timestamp":"2025-04-29 05:02:45"}
{"context":"InstanceLoader","level":"info","message":"DiscoveryModule dependencies initialized","timestamp":"2025-04-29 05:02:45"}
{"context":"InstanceLoader","level":"info","message":"ConfigModule dependencies initialized","timestamp":"2025-04-29 05:02:45"}
{"context":"InstanceLoader","level":"info","message":"ConfigModule dependencies initialized","timestamp":"2025-04-29 05:02:45"}
{"context":"InstanceLoader","level":"info","message":"ScheduleModule dependencies initialized","timestamp":"2025-04-29 05:02:45"}
{"context":"InstanceLoader","level":"info","message":"LoggerModule dependencies initialized","timestamp":"2025-04-29 05:02:45"}
{"context":"InstanceLoader","level":"info","message":"WinstonModule dependencies initialized","timestamp":"2025-04-29 05:02:45"}
{"context":"InstanceLoader","level":"info","message":"TypeOrmCoreModule dependencies initialized","timestamp":"2025-04-29 05:02:45"}
{"context":"InstanceLoader","level":"info","message":"TypeOrmModule dependencies initialized","timestamp":"2025-04-29 05:02:45"}
{"context":"InstanceLoader","level":"info","message":"TypeOrmModule dependencies initialized","timestamp":"2025-04-29 05:02:45"}
{"context":"InstanceLoader","level":"info","message":"TypeOrmModule dependencies initialized","timestamp":"2025-04-29 05:02:45"}
{"context":"InstanceLoader","level":"info","message":"TypeOrmModule dependencies initialized","timestamp":"2025-04-29 05:02:45"}
{"context":"InstanceLoader","level":"info","message":"TypeOrmModule dependencies initialized","timestamp":"2025-04-29 05:02:45"}
{"context":"InstanceLoader","level":"info","message":"TypeOrmModule dependencies initialized","timestamp":"2025-04-29 05:02:45"}
{"context":"InstanceLoader","level":"info","message":"TypeOrmModule dependencies initialized","timestamp":"2025-04-29 05:02:45"}
{"context":"InstanceLoader","level":"info","message":"AppModule dependencies initialized","timestamp":"2025-04-29 05:02:45"}
{"context":"InstanceLoader","level":"info","message":"CommonModule dependencies initialized","timestamp":"2025-04-29 05:02:45"}
{"context":"InstanceLoader","level":"info","message":"AuthModule dependencies initialized","timestamp":"2025-04-29 05:02:45"}
{"context":"InstanceLoader","level":"info","message":"UserModule dependencies initialized","timestamp":"2025-04-29 05:02:45"}
{"context":"InstanceLoader","level":"info","message":"StoreModule dependencies initialized","timestamp":"2025-04-29 05:02:45"}
{"context":"InstanceLoader","level":"info","message":"OwnerModule dependencies initialized","timestamp":"2025-04-29 05:02:45"}
{"context":"InstanceLoader","level":"info","message":"ItemModule dependencies initialized","timestamp":"2025-04-29 05:02:45"}
{"context":"InstanceLoader","level":"info","message":"LogisticsModule dependencies initialized","timestamp":"2025-04-29 05:02:45"}
{"context":"InstanceLoader","level":"info","message":"OrderModule dependencies initialized","timestamp":"2025-04-29 05:02:45"}
{"context":"RoutesResolver","level":"info","message":"UserController {/user}:","timestamp":"2025-04-29 05:02:45"}
{"context":"RouterExplorer","level":"info","message":"Mapped {/user, POST} route","timestamp":"2025-04-29 05:02:45"}
{"context":"RouterExplorer","level":"info","message":"Mapped {/user, GET} route","timestamp":"2025-04-29 05:02:45"}
{"context":"RouterExplorer","level":"info","message":"Mapped {/user/:id, GET} route","timestamp":"2025-04-29 05:02:45"}
{"context":"RouterExplorer","level":"info","message":"Mapped {/user/:id, PATCH} route","timestamp":"2025-04-29 05:02:45"}
{"context":"RouterExplorer","level":"info","message":"Mapped {/user/:id, DELETE} route","timestamp":"2025-04-29 05:02:45"}
{"context":"RoutesResolver","level":"info","message":"AuthController {/auth}:","timestamp":"2025-04-29 05:02:45"}
{"context":"RouterExplorer","level":"info","message":"Mapped {/auth/login, POST} route","timestamp":"2025-04-29 05:02:45"}
{"context":"RouterExplorer","level":"info","message":"Mapped {/auth/token/newToken, POST} route","timestamp":"2025-04-29 05:02:45"}
{"context":"RoutesResolver","level":"info","message":"StoreController {/store}:","timestamp":"2025-04-29 05:02:45"}
{"context":"RouterExplorer","level":"info","message":"Mapped {/store, POST} route","timestamp":"2025-04-29 05:02:45"}
{"context":"RouterExplorer","level":"info","message":"Mapped {/store, GET} route","timestamp":"2025-04-29 05:02:45"}
{"context":"RouterExplorer","level":"info","message":"Mapped {/store/:id, GET} route","timestamp":"2025-04-29 05:02:45"}
{"context":"RouterExplorer","level":"info","message":"Mapped {/store/:id, PATCH} route","timestamp":"2025-04-29 05:02:45"}
{"context":"RouterExplorer","level":"info","message":"Mapped {/store/:id, DELETE} route","timestamp":"2025-04-29 05:02:45"}
{"context":"RouterExplorer","level":"info","message":"Mapped {/store/warehouse, POST} route","timestamp":"2025-04-29 05:02:45"}
{"context":"RoutesResolver","level":"info","message":"OwnerController {/owner}:","timestamp":"2025-04-29 05:02:45"}
{"context":"RouterExplorer","level":"info","message":"Mapped {/owner, POST} route","timestamp":"2025-04-29 05:02:45"}
{"context":"RouterExplorer","level":"info","message":"Mapped {/owner, GET} route","timestamp":"2025-04-29 05:02:45"}
{"context":"RouterExplorer","level":"info","message":"Mapped {/owner/:id, GET} route","timestamp":"2025-04-29 05:02:45"}
{"context":"RouterExplorer","level":"info","message":"Mapped {/owner/:id, PATCH} route","timestamp":"2025-04-29 05:02:45"}
{"context":"RouterExplorer","level":"info","message":"Mapped {/owner/:id, DELETE} route","timestamp":"2025-04-29 05:02:45"}
{"context":"RoutesResolver","level":"info","message":"ItemController {/item}:","timestamp":"2025-04-29 05:02:45"}
{"context":"RouterExplorer","level":"info","message":"Mapped {/item, POST} route","timestamp":"2025-04-29 05:02:45"}
{"context":"RouterExplorer","level":"info","message":"Mapped {/item, GET} route","timestamp":"2025-04-29 05:02:45"}
{"context":"RouterExplorer","level":"info","message":"Mapped {/item/:id, GET} route","timestamp":"2025-04-29 05:02:45"}
{"context":"RouterExplorer","level":"info","message":"Mapped {/item/:id, PATCH} route","timestamp":"2025-04-29 05:02:45"}
{"context":"RouterExplorer","level":"info","message":"Mapped {/item/:id, DELETE} route","timestamp":"2025-04-29 05:02:45"}
{"context":"RouterExplorer","level":"info","message":"Mapped {/item/logistics, POST} route","timestamp":"2025-04-29 05:02:45"}
{"context":"RoutesResolver","level":"info","message":"LogisticsController {/logistics}:","timestamp":"2025-04-29 05:02:45"}
{"context":"RouterExplorer","level":"info","message":"Mapped {/logistics, POST} route","timestamp":"2025-04-29 05:02:45"}
{"context":"RouterExplorer","level":"info","message":"Mapped {/logistics, GET} route","timestamp":"2025-04-29 05:02:45"}
{"context":"RouterExplorer","level":"info","message":"Mapped {/logistics/:id, GET} route","timestamp":"2025-04-29 05:02:45"}
{"context":"RouterExplorer","level":"info","message":"Mapped {/logistics/:id, PATCH} route","timestamp":"2025-04-29 05:02:45"}
{"context":"RouterExplorer","level":"info","message":"Mapped {/logistics/:id, DELETE} route","timestamp":"2025-04-29 05:02:45"}
{"context":"RouterExplorer","level":"info","message":"Mapped {/logistics/warehouse/:id, GET} route","timestamp":"2025-04-29 05:02:45"}
{"context":"RouterExplorer","level":"info","message":"Mapped {/logistics/warehouse/:id, POST} route","timestamp":"2025-04-29 05:02:45"}
{"context":"RoutesResolver","level":"info","message":"OrderController {/order}:","timestamp":"2025-04-29 05:02:45"}
{"context":"RouterExplorer","level":"info","message":"Mapped {/order, POST} route","timestamp":"2025-04-29 05:02:45"}
{"context":"RouterExplorer","level":"info","message":"Mapped {/order, GET} route","timestamp":"2025-04-29 05:02:45"}
{"context":"RouterExplorer","level":"info","message":"Mapped {/order/:id, GET} route","timestamp":"2025-04-29 05:02:45"}
{"context":"RouterExplorer","level":"info","message":"Mapped {/order/:id, PATCH} route","timestamp":"2025-04-29 05:02:45"}
{"context":"RouterExplorer","level":"info","message":"Mapped {/order/:id, DELETE} route","timestamp":"2025-04-29 05:02:45"}
{"context":"RouterExplorer","level":"info","message":"Mapped {/order/batch/update-status, POST} route","timestamp":"2025-04-29 05:02:45"}
{"context":"NestApplication","level":"info","message":"Nest application successfully started","timestamp":"2025-04-29 05:02:45"}
{"context":"Bootstrap","level":"info","message":"애플리케이션이 3001 포트에서 시작되었습니다","timestamp":"2025-04-29 05:02:45"}
{"context":"NestFactory","level":"info","message":"Starting Nest application...","timestamp":"2025-04-29 05:03:07"}
{"context":"InstanceLoader","level":"info","message":"TypeOrmModule dependencies initialized","timestamp":"2025-04-29 05:03:07"}
{"context":"InstanceLoader","level":"info","message":"JwtModule dependencies initialized","timestamp":"2025-04-29 05:03:07"}
{"context":"InstanceLoader","level":"info","message":"ConfigHostModule dependencies initialized","timestamp":"2025-04-29 05:03:07"}
{"context":"InstanceLoader","level":"info","message":"DiscoveryModule dependencies initialized","timestamp":"2025-04-29 05:03:07"}
{"context":"InstanceLoader","level":"info","message":"ConfigModule dependencies initialized","timestamp":"2025-04-29 05:03:07"}
{"context":"InstanceLoader","level":"info","message":"ConfigModule dependencies initialized","timestamp":"2025-04-29 05:03:07"}
{"context":"InstanceLoader","level":"info","message":"ScheduleModule dependencies initialized","timestamp":"2025-04-29 05:03:07"}
{"context":"InstanceLoader","level":"info","message":"LoggerModule dependencies initialized","timestamp":"2025-04-29 05:03:07"}
{"context":"InstanceLoader","level":"info","message":"WinstonModule dependencies initialized","timestamp":"2025-04-29 05:03:07"}
{"context":"InstanceLoader","level":"info","message":"TypeOrmCoreModule dependencies initialized","timestamp":"2025-04-29 05:03:07"}
{"context":"InstanceLoader","level":"info","message":"TypeOrmModule dependencies initialized","timestamp":"2025-04-29 05:03:07"}
{"context":"InstanceLoader","level":"info","message":"TypeOrmModule dependencies initialized","timestamp":"2025-04-29 05:03:07"}
{"context":"InstanceLoader","level":"info","message":"TypeOrmModule dependencies initialized","timestamp":"2025-04-29 05:03:07"}
{"context":"InstanceLoader","level":"info","message":"TypeOrmModule dependencies initialized","timestamp":"2025-04-29 05:03:07"}
{"context":"InstanceLoader","level":"info","message":"TypeOrmModule dependencies initialized","timestamp":"2025-04-29 05:03:07"}
{"context":"InstanceLoader","level":"info","message":"TypeOrmModule dependencies initialized","timestamp":"2025-04-29 05:03:07"}
{"context":"InstanceLoader","level":"info","message":"TypeOrmModule dependencies initialized","timestamp":"2025-04-29 05:03:07"}
{"context":"InstanceLoader","level":"info","message":"AppModule dependencies initialized","timestamp":"2025-04-29 05:03:07"}
{"context":"InstanceLoader","level":"info","message":"CommonModule dependencies initialized","timestamp":"2025-04-29 05:03:07"}
{"context":"InstanceLoader","level":"info","message":"AuthModule dependencies initialized","timestamp":"2025-04-29 05:03:07"}
{"context":"InstanceLoader","level":"info","message":"UserModule dependencies initialized","timestamp":"2025-04-29 05:03:07"}
{"context":"InstanceLoader","level":"info","message":"StoreModule dependencies initialized","timestamp":"2025-04-29 05:03:07"}
{"context":"InstanceLoader","level":"info","message":"OwnerModule dependencies initialized","timestamp":"2025-04-29 05:03:07"}
{"context":"InstanceLoader","level":"info","message":"ItemModule dependencies initialized","timestamp":"2025-04-29 05:03:07"}
{"context":"InstanceLoader","level":"info","message":"LogisticsModule dependencies initialized","timestamp":"2025-04-29 05:03:07"}
{"context":"InstanceLoader","level":"info","message":"OrderModule dependencies initialized","timestamp":"2025-04-29 05:03:07"}
{"context":"RoutesResolver","level":"info","message":"UserController {/user}:","timestamp":"2025-04-29 05:03:07"}
{"context":"RouterExplorer","level":"info","message":"Mapped {/user, POST} route","timestamp":"2025-04-29 05:03:07"}
{"context":"RouterExplorer","level":"info","message":"Mapped {/user, GET} route","timestamp":"2025-04-29 05:03:07"}
{"context":"RouterExplorer","level":"info","message":"Mapped {/user/:id, GET} route","timestamp":"2025-04-29 05:03:07"}
{"context":"RouterExplorer","level":"info","message":"Mapped {/user/:id, PATCH} route","timestamp":"2025-04-29 05:03:07"}
{"context":"RouterExplorer","level":"info","message":"Mapped {/user/:id, DELETE} route","timestamp":"2025-04-29 05:03:07"}
{"context":"RoutesResolver","level":"info","message":"AuthController {/auth}:","timestamp":"2025-04-29 05:03:07"}
{"context":"RouterExplorer","level":"info","message":"Mapped {/auth/login, POST} route","timestamp":"2025-04-29 05:03:07"}
{"context":"RouterExplorer","level":"info","message":"Mapped {/auth/token/newToken, POST} route","timestamp":"2025-04-29 05:03:07"}
{"context":"RoutesResolver","level":"info","message":"StoreController {/store}:","timestamp":"2025-04-29 05:03:07"}
{"context":"RouterExplorer","level":"info","message":"Mapped {/store, POST} route","timestamp":"2025-04-29 05:03:07"}
{"context":"RouterExplorer","level":"info","message":"Mapped {/store, GET} route","timestamp":"2025-04-29 05:03:07"}
{"context":"RouterExplorer","level":"info","message":"Mapped {/store/:id, GET} route","timestamp":"2025-04-29 05:03:07"}
{"context":"RouterExplorer","level":"info","message":"Mapped {/store/:id, PATCH} route","timestamp":"2025-04-29 05:03:07"}
{"context":"RouterExplorer","level":"info","message":"Mapped {/store/:id, DELETE} route","timestamp":"2025-04-29 05:03:07"}
{"context":"RouterExplorer","level":"info","message":"Mapped {/store/warehouse, POST} route","timestamp":"2025-04-29 05:03:07"}
{"context":"RoutesResolver","level":"info","message":"OwnerController {/owner}:","timestamp":"2025-04-29 05:03:07"}
{"context":"RouterExplorer","level":"info","message":"Mapped {/owner, POST} route","timestamp":"2025-04-29 05:03:07"}
{"context":"RouterExplorer","level":"info","message":"Mapped {/owner, GET} route","timestamp":"2025-04-29 05:03:07"}
{"context":"RouterExplorer","level":"info","message":"Mapped {/owner/:id, GET} route","timestamp":"2025-04-29 05:03:07"}
{"context":"RouterExplorer","level":"info","message":"Mapped {/owner/:id, PATCH} route","timestamp":"2025-04-29 05:03:07"}
{"context":"RouterExplorer","level":"info","message":"Mapped {/owner/:id, DELETE} route","timestamp":"2025-04-29 05:03:07"}
{"context":"RoutesResolver","level":"info","message":"ItemController {/item}:","timestamp":"2025-04-29 05:03:07"}
{"context":"RouterExplorer","level":"info","message":"Mapped {/item, POST} route","timestamp":"2025-04-29 05:03:07"}
{"context":"RouterExplorer","level":"info","message":"Mapped {/item, GET} route","timestamp":"2025-04-29 05:03:07"}
{"context":"RouterExplorer","level":"info","message":"Mapped {/item/:id, GET} route","timestamp":"2025-04-29 05:03:07"}
{"context":"RouterExplorer","level":"info","message":"Mapped {/item/:id, PATCH} route","timestamp":"2025-04-29 05:03:07"}
{"context":"RouterExplorer","level":"info","message":"Mapped {/item/:id, DELETE} route","timestamp":"2025-04-29 05:03:07"}
{"context":"RouterExplorer","level":"info","message":"Mapped {/item/logistics, POST} route","timestamp":"2025-04-29 05:03:07"}
{"context":"RoutesResolver","level":"info","message":"LogisticsController {/logistics}:","timestamp":"2025-04-29 05:03:07"}
{"context":"RouterExplorer","level":"info","message":"Mapped {/logistics, POST} route","timestamp":"2025-04-29 05:03:07"}
{"context":"RouterExplorer","level":"info","message":"Mapped {/logistics, GET} route","timestamp":"2025-04-29 05:03:07"}
{"context":"RouterExplorer","level":"info","message":"Mapped {/logistics/:id, GET} route","timestamp":"2025-04-29 05:03:07"}
{"context":"RouterExplorer","level":"info","message":"Mapped {/logistics/:id, PATCH} route","timestamp":"2025-04-29 05:03:07"}
{"context":"RouterExplorer","level":"info","message":"Mapped {/logistics/:id, DELETE} route","timestamp":"2025-04-29 05:03:07"}
{"context":"RouterExplorer","level":"info","message":"Mapped {/logistics/warehouse/:id, GET} route","timestamp":"2025-04-29 05:03:07"}
{"context":"RouterExplorer","level":"info","message":"Mapped {/logistics/warehouse/:id, POST} route","timestamp":"2025-04-29 05:03:07"}
{"context":"RoutesResolver","level":"info","message":"OrderController {/order}:","timestamp":"2025-04-29 05:03:07"}
{"context":"RouterExplorer","level":"info","message":"Mapped {/order, POST} route","timestamp":"2025-04-29 05:03:07"}
{"context":"RouterExplorer","level":"info","message":"Mapped {/order, GET} route","timestamp":"2025-04-29 05:03:07"}
{"context":"RouterExplorer","level":"info","message":"Mapped {/order/:id, GET} route","timestamp":"2025-04-29 05:03:07"}
{"context":"RouterExplorer","level":"info","message":"Mapped {/order/:id, PATCH} route","timestamp":"2025-04-29 05:03:07"}
{"context":"RouterExplorer","level":"info","message":"Mapped {/order/:id, DELETE} route","timestamp":"2025-04-29 05:03:07"}
{"context":"RouterExplorer","level":"info","message":"Mapped {/order/batch/update-status, POST} route","timestamp":"2025-04-29 05:03:07"}
{"context":"NestApplication","level":"info","message":"Nest application successfully started","timestamp":"2025-04-29 05:03:07"}
{"context":"Bootstrap","level":"info","message":"애플리케이션이 3001 포트에서 시작되었습니다","timestamp":"2025-04-29 05:03:07"}
{"context":"HttpExceptionFilter","level":"error","message":"[예외] POST /auth/login 401 - 접근 토큰 타입이 올바르지 않습니다.","timestamp":"2025-04-29 05:03:20","trace":"UnauthorizedException: 접근 토큰 타입이 올바르지 않습니다.\n    at RBACGuard.canActivate (/app/src/auth/guard/rbac.guard.ts:35:13)\n    at GuardsConsumer.tryActivate (/app/node_modules/.pnpm/@nestjs+core@10.4.17_@nestjs+common@10.4.17_class-transformer@0.5.1_class-validator@0.1_eae1b69253770746a482487d36064dac/node_modules/@nestjs/core/guards/guards-consumer.js:15:34)\n    at canActivateFn (/app/node_modules/.pnpm/@nestjs+core@10.4.17_@nestjs+common@10.4.17_class-transformer@0.5.1_class-validator@0.1_eae1b69253770746a482487d36064dac/node_modules/@nestjs/core/router/router-execution-context.js:135:59)\n    at /app/node_modules/.pnpm/@nestjs+core@10.4.17_@nestjs+common@10.4.17_class-transformer@0.5.1_class-validator@0.1_eae1b69253770746a482487d36064dac/node_modules/@nestjs/core/router/router-execution-context.js:42:37\n    at /app/node_modules/.pnpm/@nestjs+core@10.4.17_@nestjs+common@10.4.17_class-transformer@0.5.1_class-validator@0.1_eae1b69253770746a482487d36064dac/node_modules/@nestjs/core/router/router-proxy.js:9:23\n    at Layer.handle [as handle_request] (/app/node_modules/.pnpm/express@4.21.2/node_modules/express/lib/router/layer.js:95:5)\n    at next (/app/node_modules/.pnpm/express@4.21.2/node_modules/express/lib/router/route.js:149:13)\n    at Route.dispatch (/app/node_modules/.pnpm/express@4.21.2/node_modules/express/lib/router/route.js:119:3)\n    at Layer.handle [as handle_request] (/app/node_modules/.pnpm/express@4.21.2/node_modules/express/lib/router/layer.js:95:5)\n    at /app/node_modules/.pnpm/express@4.21.2/node_modules/express/lib/router/index.js:284:15"}
{"details":{"headers":{"accept":"*/*","accept-encoding":"gzip, deflate, br","authorization":"Basic YWRtaW5AYWRtaW4uY29tOmFkbWlu","cache-control":"no-cache","connection":"keep-alive","content-length":"0","host":"localhost:3001","postman-token":"daa91448-21e0-465f-925d-66a269726bc8","user-agent":"PostmanRuntime/7.43.3"},"ip":"::ffff:192.168.65.1","method":"POST","path":"/auth/login"},"event":"인증/인가 실패","level":"warn","message":"보안 이벤트","timestamp":"2025-04-29T05:03:20.325Z","userId":"admin@admin.com"}
{"context":"NestFactory","level":"info","message":"Starting Nest application...","timestamp":"2025-04-29 05:03:40"}
{"context":"InstanceLoader","level":"info","message":"TypeOrmModule dependencies initialized","timestamp":"2025-04-29 05:03:40"}
{"context":"InstanceLoader","level":"info","message":"JwtModule dependencies initialized","timestamp":"2025-04-29 05:03:40"}
{"context":"InstanceLoader","level":"info","message":"ConfigHostModule dependencies initialized","timestamp":"2025-04-29 05:03:40"}
{"context":"InstanceLoader","level":"info","message":"DiscoveryModule dependencies initialized","timestamp":"2025-04-29 05:03:40"}
{"context":"InstanceLoader","level":"info","message":"ConfigModule dependencies initialized","timestamp":"2025-04-29 05:03:40"}
{"context":"InstanceLoader","level":"info","message":"ConfigModule dependencies initialized","timestamp":"2025-04-29 05:03:40"}
{"context":"InstanceLoader","level":"info","message":"ScheduleModule dependencies initialized","timestamp":"2025-04-29 05:03:40"}
{"context":"InstanceLoader","level":"info","message":"LoggerModule dependencies initialized","timestamp":"2025-04-29 05:03:40"}
{"context":"InstanceLoader","level":"info","message":"WinstonModule dependencies initialized","timestamp":"2025-04-29 05:03:40"}
{"context":"InstanceLoader","level":"info","message":"TypeOrmCoreModule dependencies initialized","timestamp":"2025-04-29 05:03:40"}
{"context":"InstanceLoader","level":"info","message":"TypeOrmModule dependencies initialized","timestamp":"2025-04-29 05:03:40"}
{"context":"InstanceLoader","level":"info","message":"TypeOrmModule dependencies initialized","timestamp":"2025-04-29 05:03:40"}
{"context":"InstanceLoader","level":"info","message":"TypeOrmModule dependencies initialized","timestamp":"2025-04-29 05:03:40"}
{"context":"InstanceLoader","level":"info","message":"TypeOrmModule dependencies initialized","timestamp":"2025-04-29 05:03:40"}
{"context":"InstanceLoader","level":"info","message":"TypeOrmModule dependencies initialized","timestamp":"2025-04-29 05:03:40"}
{"context":"InstanceLoader","level":"info","message":"TypeOrmModule dependencies initialized","timestamp":"2025-04-29 05:03:40"}
{"context":"InstanceLoader","level":"info","message":"TypeOrmModule dependencies initialized","timestamp":"2025-04-29 05:03:40"}
{"context":"InstanceLoader","level":"info","message":"AppModule dependencies initialized","timestamp":"2025-04-29 05:03:40"}
{"context":"InstanceLoader","level":"info","message":"CommonModule dependencies initialized","timestamp":"2025-04-29 05:03:40"}
{"context":"InstanceLoader","level":"info","message":"AuthModule dependencies initialized","timestamp":"2025-04-29 05:03:40"}
{"context":"InstanceLoader","level":"info","message":"UserModule dependencies initialized","timestamp":"2025-04-29 05:03:40"}
{"context":"InstanceLoader","level":"info","message":"StoreModule dependencies initialized","timestamp":"2025-04-29 05:03:40"}
{"context":"InstanceLoader","level":"info","message":"OwnerModule dependencies initialized","timestamp":"2025-04-29 05:03:40"}
{"context":"InstanceLoader","level":"info","message":"ItemModule dependencies initialized","timestamp":"2025-04-29 05:03:40"}
{"context":"InstanceLoader","level":"info","message":"LogisticsModule dependencies initialized","timestamp":"2025-04-29 05:03:40"}
{"context":"InstanceLoader","level":"info","message":"OrderModule dependencies initialized","timestamp":"2025-04-29 05:03:40"}
{"context":"RoutesResolver","level":"info","message":"UserController {/user}:","timestamp":"2025-04-29 05:03:40"}
{"context":"RouterExplorer","level":"info","message":"Mapped {/user, POST} route","timestamp":"2025-04-29 05:03:40"}
{"context":"RouterExplorer","level":"info","message":"Mapped {/user, GET} route","timestamp":"2025-04-29 05:03:40"}
{"context":"RouterExplorer","level":"info","message":"Mapped {/user/:id, GET} route","timestamp":"2025-04-29 05:03:40"}
{"context":"RouterExplorer","level":"info","message":"Mapped {/user/:id, PATCH} route","timestamp":"2025-04-29 05:03:40"}
{"context":"RouterExplorer","level":"info","message":"Mapped {/user/:id, DELETE} route","timestamp":"2025-04-29 05:03:40"}
{"context":"RoutesResolver","level":"info","message":"AuthController {/auth}:","timestamp":"2025-04-29 05:03:40"}
{"context":"RouterExplorer","level":"info","message":"Mapped {/auth/login, POST} route","timestamp":"2025-04-29 05:03:40"}
{"context":"RouterExplorer","level":"info","message":"Mapped {/auth/token/newToken, POST} route","timestamp":"2025-04-29 05:03:40"}
{"context":"RoutesResolver","level":"info","message":"StoreController {/store}:","timestamp":"2025-04-29 05:03:40"}
{"context":"RouterExplorer","level":"info","message":"Mapped {/store, POST} route","timestamp":"2025-04-29 05:03:40"}
{"context":"RouterExplorer","level":"info","message":"Mapped {/store, GET} route","timestamp":"2025-04-29 05:03:40"}
{"context":"RouterExplorer","level":"info","message":"Mapped {/store/:id, GET} route","timestamp":"2025-04-29 05:03:40"}
{"context":"RouterExplorer","level":"info","message":"Mapped {/store/:id, PATCH} route","timestamp":"2025-04-29 05:03:40"}
{"context":"RouterExplorer","level":"info","message":"Mapped {/store/:id, DELETE} route","timestamp":"2025-04-29 05:03:40"}
{"context":"RouterExplorer","level":"info","message":"Mapped {/store/warehouse, POST} route","timestamp":"2025-04-29 05:03:40"}
{"context":"RoutesResolver","level":"info","message":"OwnerController {/owner}:","timestamp":"2025-04-29 05:03:40"}
{"context":"RouterExplorer","level":"info","message":"Mapped {/owner, POST} route","timestamp":"2025-04-29 05:03:40"}
{"context":"RouterExplorer","level":"info","message":"Mapped {/owner, GET} route","timestamp":"2025-04-29 05:03:40"}
{"context":"RouterExplorer","level":"info","message":"Mapped {/owner/:id, GET} route","timestamp":"2025-04-29 05:03:40"}
{"context":"RouterExplorer","level":"info","message":"Mapped {/owner/:id, PATCH} route","timestamp":"2025-04-29 05:03:40"}
{"context":"RouterExplorer","level":"info","message":"Mapped {/owner/:id, DELETE} route","timestamp":"2025-04-29 05:03:40"}
{"context":"RoutesResolver","level":"info","message":"ItemController {/item}:","timestamp":"2025-04-29 05:03:40"}
{"context":"RouterExplorer","level":"info","message":"Mapped {/item, POST} route","timestamp":"2025-04-29 05:03:40"}
{"context":"RouterExplorer","level":"info","message":"Mapped {/item, GET} route","timestamp":"2025-04-29 05:03:40"}
{"context":"RouterExplorer","level":"info","message":"Mapped {/item/:id, GET} route","timestamp":"2025-04-29 05:03:40"}
{"context":"RouterExplorer","level":"info","message":"Mapped {/item/:id, PATCH} route","timestamp":"2025-04-29 05:03:40"}
{"context":"RouterExplorer","level":"info","message":"Mapped {/item/:id, DELETE} route","timestamp":"2025-04-29 05:03:40"}
{"context":"RouterExplorer","level":"info","message":"Mapped {/item/logistics, POST} route","timestamp":"2025-04-29 05:03:40"}
{"context":"RoutesResolver","level":"info","message":"LogisticsController {/logistics}:","timestamp":"2025-04-29 05:03:40"}
{"context":"RouterExplorer","level":"info","message":"Mapped {/logistics, POST} route","timestamp":"2025-04-29 05:03:40"}
{"context":"RouterExplorer","level":"info","message":"Mapped {/logistics, GET} route","timestamp":"2025-04-29 05:03:40"}
{"context":"RouterExplorer","level":"info","message":"Mapped {/logistics/:id, GET} route","timestamp":"2025-04-29 05:03:40"}
{"context":"RouterExplorer","level":"info","message":"Mapped {/logistics/:id, PATCH} route","timestamp":"2025-04-29 05:03:40"}
{"context":"RouterExplorer","level":"info","message":"Mapped {/logistics/:id, DELETE} route","timestamp":"2025-04-29 05:03:40"}
{"context":"RouterExplorer","level":"info","message":"Mapped {/logistics/warehouse/:id, GET} route","timestamp":"2025-04-29 05:03:40"}
{"context":"RouterExplorer","level":"info","message":"Mapped {/logistics/warehouse/:id, POST} route","timestamp":"2025-04-29 05:03:40"}
{"context":"RoutesResolver","level":"info","message":"OrderController {/order}:","timestamp":"2025-04-29 05:03:40"}
{"context":"RouterExplorer","level":"info","message":"Mapped {/order, POST} route","timestamp":"2025-04-29 05:03:40"}
{"context":"RouterExplorer","level":"info","message":"Mapped {/order, GET} route","timestamp":"2025-04-29 05:03:40"}
{"context":"RouterExplorer","level":"info","message":"Mapped {/order/:id, GET} route","timestamp":"2025-04-29 05:03:40"}
{"context":"RouterExplorer","level":"info","message":"Mapped {/order/:id, PATCH} route","timestamp":"2025-04-29 05:03:40"}
{"context":"RouterExplorer","level":"info","message":"Mapped {/order/:id, DELETE} route","timestamp":"2025-04-29 05:03:40"}
{"context":"RouterExplorer","level":"info","message":"Mapped {/order/batch/update-status, POST} route","timestamp":"2025-04-29 05:03:40"}
{"context":"NestApplication","level":"info","message":"Nest application successfully started","timestamp":"2025-04-29 05:03:40"}
{"context":"Bootstrap","level":"info","message":"애플리케이션이 3001 포트에서 시작되었습니다","timestamp":"2025-04-29 05:03:40"}
{"context":"HttpExceptionFilter","level":"error","message":"[예외] POST /auth/login 401 - 접근 토큰 타입이 올바르지 않습니다.","timestamp":"2025-04-29 05:03:46","trace":"UnauthorizedException: 접근 토큰 타입이 올바르지 않습니다.\n    at RBACGuard.canActivate (/app/src/auth/guard/rbac.guard.ts:35:13)\n    at GuardsConsumer.tryActivate (/app/node_modules/.pnpm/@nestjs+core@10.4.17_@nestjs+common@10.4.17_class-transformer@0.5.1_class-validator@0.1_eae1b69253770746a482487d36064dac/node_modules/@nestjs/core/guards/guards-consumer.js:15:34)\n    at canActivateFn (/app/node_modules/.pnpm/@nestjs+core@10.4.17_@nestjs+common@10.4.17_class-transformer@0.5.1_class-validator@0.1_eae1b69253770746a482487d36064dac/node_modules/@nestjs/core/router/router-execution-context.js:135:59)\n    at /app/node_modules/.pnpm/@nestjs+core@10.4.17_@nestjs+common@10.4.17_class-transformer@0.5.1_class-validator@0.1_eae1b69253770746a482487d36064dac/node_modules/@nestjs/core/router/router-execution-context.js:42:37\n    at /app/node_modules/.pnpm/@nestjs+core@10.4.17_@nestjs+common@10.4.17_class-transformer@0.5.1_class-validator@0.1_eae1b69253770746a482487d36064dac/node_modules/@nestjs/core/router/router-proxy.js:9:23\n    at Layer.handle [as handle_request] (/app/node_modules/.pnpm/express@4.21.2/node_modules/express/lib/router/layer.js:95:5)\n    at next (/app/node_modules/.pnpm/express@4.21.2/node_modules/express/lib/router/route.js:149:13)\n    at Route.dispatch (/app/node_modules/.pnpm/express@4.21.2/node_modules/express/lib/router/route.js:119:3)\n    at Layer.handle [as handle_request] (/app/node_modules/.pnpm/express@4.21.2/node_modules/express/lib/router/layer.js:95:5)\n    at /app/node_modules/.pnpm/express@4.21.2/node_modules/express/lib/router/index.js:284:15"}
{"details":{"headers":{"accept":"*/*","accept-encoding":"gzip, deflate, br","authorization":"Basic YWRtaW5AYWRtaW4uY29tOmFkbWlu","cache-control":"no-cache","connection":"keep-alive","content-length":"0","host":"localhost:3001","postman-token":"6035f2cc-7a93-440e-b327-2bc9224555b8","user-agent":"PostmanRuntime/7.43.3"},"ip":"::ffff:192.168.65.1","method":"POST","path":"/auth/login"},"event":"인증/인가 실패","level":"warn","message":"보안 이벤트","timestamp":"2025-04-29T05:03:46.196Z","userId":"admin@admin.com"}
{"context":"NestFactory","level":"info","message":"Starting Nest application...","timestamp":"2025-04-29 05:05:32"}
{"context":"InstanceLoader","level":"info","message":"TypeOrmModule dependencies initialized","timestamp":"2025-04-29 05:05:32"}
{"context":"InstanceLoader","level":"info","message":"JwtModule dependencies initialized","timestamp":"2025-04-29 05:05:32"}
{"context":"InstanceLoader","level":"info","message":"ConfigHostModule dependencies initialized","timestamp":"2025-04-29 05:05:32"}
{"context":"InstanceLoader","level":"info","message":"DiscoveryModule dependencies initialized","timestamp":"2025-04-29 05:05:32"}
{"context":"InstanceLoader","level":"info","message":"ConfigModule dependencies initialized","timestamp":"2025-04-29 05:05:32"}
{"context":"InstanceLoader","level":"info","message":"ConfigModule dependencies initialized","timestamp":"2025-04-29 05:05:32"}
{"context":"InstanceLoader","level":"info","message":"ScheduleModule dependencies initialized","timestamp":"2025-04-29 05:05:32"}
{"context":"InstanceLoader","level":"info","message":"LoggerModule dependencies initialized","timestamp":"2025-04-29 05:05:32"}
{"context":"InstanceLoader","level":"info","message":"WinstonModule dependencies initialized","timestamp":"2025-04-29 05:05:32"}
{"context":"InstanceLoader","level":"info","message":"TypeOrmCoreModule dependencies initialized","timestamp":"2025-04-29 05:05:32"}
{"context":"InstanceLoader","level":"info","message":"TypeOrmModule dependencies initialized","timestamp":"2025-04-29 05:05:32"}
{"context":"InstanceLoader","level":"info","message":"TypeOrmModule dependencies initialized","timestamp":"2025-04-29 05:05:32"}
{"context":"InstanceLoader","level":"info","message":"TypeOrmModule dependencies initialized","timestamp":"2025-04-29 05:05:32"}
{"context":"InstanceLoader","level":"info","message":"TypeOrmModule dependencies initialized","timestamp":"2025-04-29 05:05:32"}
{"context":"InstanceLoader","level":"info","message":"TypeOrmModule dependencies initialized","timestamp":"2025-04-29 05:05:32"}
{"context":"InstanceLoader","level":"info","message":"TypeOrmModule dependencies initialized","timestamp":"2025-04-29 05:05:32"}
{"context":"InstanceLoader","level":"info","message":"TypeOrmModule dependencies initialized","timestamp":"2025-04-29 05:05:32"}
{"context":"InstanceLoader","level":"info","message":"AppModule dependencies initialized","timestamp":"2025-04-29 05:05:32"}
{"context":"InstanceLoader","level":"info","message":"CommonModule dependencies initialized","timestamp":"2025-04-29 05:05:32"}
{"context":"InstanceLoader","level":"info","message":"AuthModule dependencies initialized","timestamp":"2025-04-29 05:05:32"}
{"context":"InstanceLoader","level":"info","message":"UserModule dependencies initialized","timestamp":"2025-04-29 05:05:32"}
{"context":"InstanceLoader","level":"info","message":"StoreModule dependencies initialized","timestamp":"2025-04-29 05:05:32"}
{"context":"InstanceLoader","level":"info","message":"OwnerModule dependencies initialized","timestamp":"2025-04-29 05:05:32"}
{"context":"InstanceLoader","level":"info","message":"ItemModule dependencies initialized","timestamp":"2025-04-29 05:05:32"}
{"context":"InstanceLoader","level":"info","message":"LogisticsModule dependencies initialized","timestamp":"2025-04-29 05:05:32"}
{"context":"InstanceLoader","level":"info","message":"OrderModule dependencies initialized","timestamp":"2025-04-29 05:05:32"}
{"context":"RoutesResolver","level":"info","message":"UserController {/user}:","timestamp":"2025-04-29 05:05:32"}
{"context":"RouterExplorer","level":"info","message":"Mapped {/user, POST} route","timestamp":"2025-04-29 05:05:32"}
{"context":"RouterExplorer","level":"info","message":"Mapped {/user, GET} route","timestamp":"2025-04-29 05:05:32"}
{"context":"RouterExplorer","level":"info","message":"Mapped {/user/:id, GET} route","timestamp":"2025-04-29 05:05:32"}
{"context":"RouterExplorer","level":"info","message":"Mapped {/user/:id, PATCH} route","timestamp":"2025-04-29 05:05:32"}
{"context":"RouterExplorer","level":"info","message":"Mapped {/user/:id, DELETE} route","timestamp":"2025-04-29 05:05:32"}
{"context":"RoutesResolver","level":"info","message":"AuthController {/auth}:","timestamp":"2025-04-29 05:05:32"}
{"context":"RouterExplorer","level":"info","message":"Mapped {/auth/login, POST} route","timestamp":"2025-04-29 05:05:32"}
{"context":"RouterExplorer","level":"info","message":"Mapped {/auth/token/newToken, POST} route","timestamp":"2025-04-29 05:05:32"}
{"context":"RoutesResolver","level":"info","message":"StoreController {/store}:","timestamp":"2025-04-29 05:05:32"}
{"context":"RouterExplorer","level":"info","message":"Mapped {/store, POST} route","timestamp":"2025-04-29 05:05:32"}
{"context":"RouterExplorer","level":"info","message":"Mapped {/store, GET} route","timestamp":"2025-04-29 05:05:32"}
{"context":"RouterExplorer","level":"info","message":"Mapped {/store/:id, GET} route","timestamp":"2025-04-29 05:05:32"}
{"context":"RouterExplorer","level":"info","message":"Mapped {/store/:id, PATCH} route","timestamp":"2025-04-29 05:05:32"}
{"context":"RouterExplorer","level":"info","message":"Mapped {/store/:id, DELETE} route","timestamp":"2025-04-29 05:05:32"}
{"context":"RouterExplorer","level":"info","message":"Mapped {/store/warehouse, POST} route","timestamp":"2025-04-29 05:05:32"}
{"context":"RoutesResolver","level":"info","message":"OwnerController {/owner}:","timestamp":"2025-04-29 05:05:32"}
{"context":"RouterExplorer","level":"info","message":"Mapped {/owner, POST} route","timestamp":"2025-04-29 05:05:32"}
{"context":"RouterExplorer","level":"info","message":"Mapped {/owner, GET} route","timestamp":"2025-04-29 05:05:32"}
{"context":"RouterExplorer","level":"info","message":"Mapped {/owner/:id, GET} route","timestamp":"2025-04-29 05:05:32"}
{"context":"RouterExplorer","level":"info","message":"Mapped {/owner/:id, PATCH} route","timestamp":"2025-04-29 05:05:32"}
{"context":"RouterExplorer","level":"info","message":"Mapped {/owner/:id, DELETE} route","timestamp":"2025-04-29 05:05:32"}
{"context":"RoutesResolver","level":"info","message":"ItemController {/item}:","timestamp":"2025-04-29 05:05:32"}
{"context":"RouterExplorer","level":"info","message":"Mapped {/item, POST} route","timestamp":"2025-04-29 05:05:32"}
{"context":"RouterExplorer","level":"info","message":"Mapped {/item, GET} route","timestamp":"2025-04-29 05:05:32"}
{"context":"RouterExplorer","level":"info","message":"Mapped {/item/:id, GET} route","timestamp":"2025-04-29 05:05:32"}
{"context":"RouterExplorer","level":"info","message":"Mapped {/item/:id, PATCH} route","timestamp":"2025-04-29 05:05:32"}
{"context":"RouterExplorer","level":"info","message":"Mapped {/item/:id, DELETE} route","timestamp":"2025-04-29 05:05:32"}
{"context":"RouterExplorer","level":"info","message":"Mapped {/item/logistics, POST} route","timestamp":"2025-04-29 05:05:32"}
{"context":"RoutesResolver","level":"info","message":"LogisticsController {/logistics}:","timestamp":"2025-04-29 05:05:32"}
{"context":"RouterExplorer","level":"info","message":"Mapped {/logistics, POST} route","timestamp":"2025-04-29 05:05:32"}
{"context":"RouterExplorer","level":"info","message":"Mapped {/logistics, GET} route","timestamp":"2025-04-29 05:05:32"}
{"context":"RouterExplorer","level":"info","message":"Mapped {/logistics/:id, GET} route","timestamp":"2025-04-29 05:05:32"}
{"context":"RouterExplorer","level":"info","message":"Mapped {/logistics/:id, PATCH} route","timestamp":"2025-04-29 05:05:32"}
{"context":"RouterExplorer","level":"info","message":"Mapped {/logistics/:id, DELETE} route","timestamp":"2025-04-29 05:05:32"}
{"context":"RouterExplorer","level":"info","message":"Mapped {/logistics/warehouse/:id, GET} route","timestamp":"2025-04-29 05:05:32"}
{"context":"RouterExplorer","level":"info","message":"Mapped {/logistics/warehouse/:id, POST} route","timestamp":"2025-04-29 05:05:32"}
{"context":"RoutesResolver","level":"info","message":"OrderController {/order}:","timestamp":"2025-04-29 05:05:32"}
{"context":"RouterExplorer","level":"info","message":"Mapped {/order, POST} route","timestamp":"2025-04-29 05:05:32"}
{"context":"RouterExplorer","level":"info","message":"Mapped {/order, GET} route","timestamp":"2025-04-29 05:05:32"}
{"context":"RouterExplorer","level":"info","message":"Mapped {/order/:id, GET} route","timestamp":"2025-04-29 05:05:32"}
{"context":"RouterExplorer","level":"info","message":"Mapped {/order/:id, PATCH} route","timestamp":"2025-04-29 05:05:32"}
{"context":"RouterExplorer","level":"info","message":"Mapped {/order/:id, DELETE} route","timestamp":"2025-04-29 05:05:32"}
{"context":"RouterExplorer","level":"info","message":"Mapped {/order/batch/update-status, POST} route","timestamp":"2025-04-29 05:05:32"}
{"context":"NestApplication","level":"info","message":"Nest application successfully started","timestamp":"2025-04-29 05:05:32"}
{"context":"Bootstrap","level":"info","message":"애플리케이션이 3001 포트에서 시작되었습니다","timestamp":"2025-04-29 05:05:32"}
{"context":"NestFactory","level":"info","message":"Starting Nest application...","timestamp":"2025-04-29 05:05:35"}
{"context":"InstanceLoader","level":"info","message":"TypeOrmModule dependencies initialized","timestamp":"2025-04-29 05:05:35"}
{"context":"InstanceLoader","level":"info","message":"JwtModule dependencies initialized","timestamp":"2025-04-29 05:05:35"}
{"context":"InstanceLoader","level":"info","message":"ConfigHostModule dependencies initialized","timestamp":"2025-04-29 05:05:35"}
{"context":"InstanceLoader","level":"info","message":"DiscoveryModule dependencies initialized","timestamp":"2025-04-29 05:05:35"}
{"context":"InstanceLoader","level":"info","message":"ConfigModule dependencies initialized","timestamp":"2025-04-29 05:05:35"}
{"context":"InstanceLoader","level":"info","message":"ConfigModule dependencies initialized","timestamp":"2025-04-29 05:05:35"}
{"context":"InstanceLoader","level":"info","message":"ScheduleModule dependencies initialized","timestamp":"2025-04-29 05:05:35"}
{"context":"InstanceLoader","level":"info","message":"LoggerModule dependencies initialized","timestamp":"2025-04-29 05:05:35"}
{"context":"InstanceLoader","level":"info","message":"WinstonModule dependencies initialized","timestamp":"2025-04-29 05:05:35"}
{"context":"InstanceLoader","level":"info","message":"TypeOrmCoreModule dependencies initialized","timestamp":"2025-04-29 05:05:35"}
{"context":"InstanceLoader","level":"info","message":"TypeOrmModule dependencies initialized","timestamp":"2025-04-29 05:05:35"}
{"context":"InstanceLoader","level":"info","message":"TypeOrmModule dependencies initialized","timestamp":"2025-04-29 05:05:35"}
{"context":"InstanceLoader","level":"info","message":"TypeOrmModule dependencies initialized","timestamp":"2025-04-29 05:05:35"}
{"context":"InstanceLoader","level":"info","message":"TypeOrmModule dependencies initialized","timestamp":"2025-04-29 05:05:35"}
{"context":"InstanceLoader","level":"info","message":"TypeOrmModule dependencies initialized","timestamp":"2025-04-29 05:05:35"}
{"context":"InstanceLoader","level":"info","message":"TypeOrmModule dependencies initialized","timestamp":"2025-04-29 05:05:35"}
{"context":"InstanceLoader","level":"info","message":"TypeOrmModule dependencies initialized","timestamp":"2025-04-29 05:05:35"}
{"context":"InstanceLoader","level":"info","message":"AppModule dependencies initialized","timestamp":"2025-04-29 05:05:35"}
{"context":"InstanceLoader","level":"info","message":"CommonModule dependencies initialized","timestamp":"2025-04-29 05:05:35"}
{"context":"InstanceLoader","level":"info","message":"AuthModule dependencies initialized","timestamp":"2025-04-29 05:05:35"}
{"context":"InstanceLoader","level":"info","message":"UserModule dependencies initialized","timestamp":"2025-04-29 05:05:35"}
{"context":"InstanceLoader","level":"info","message":"StoreModule dependencies initialized","timestamp":"2025-04-29 05:05:35"}
{"context":"InstanceLoader","level":"info","message":"OwnerModule dependencies initialized","timestamp":"2025-04-29 05:05:35"}
{"context":"InstanceLoader","level":"info","message":"ItemModule dependencies initialized","timestamp":"2025-04-29 05:05:35"}
{"context":"InstanceLoader","level":"info","message":"LogisticsModule dependencies initialized","timestamp":"2025-04-29 05:05:35"}
{"context":"InstanceLoader","level":"info","message":"OrderModule dependencies initialized","timestamp":"2025-04-29 05:05:35"}
{"context":"RoutesResolver","level":"info","message":"UserController {/user}:","timestamp":"2025-04-29 05:05:35"}
{"context":"RouterExplorer","level":"info","message":"Mapped {/user, POST} route","timestamp":"2025-04-29 05:05:35"}
{"context":"RouterExplorer","level":"info","message":"Mapped {/user, GET} route","timestamp":"2025-04-29 05:05:35"}
{"context":"RouterExplorer","level":"info","message":"Mapped {/user/:id, GET} route","timestamp":"2025-04-29 05:05:35"}
{"context":"RouterExplorer","level":"info","message":"Mapped {/user/:id, PATCH} route","timestamp":"2025-04-29 05:05:35"}
{"context":"RouterExplorer","level":"info","message":"Mapped {/user/:id, DELETE} route","timestamp":"2025-04-29 05:05:35"}
{"context":"RoutesResolver","level":"info","message":"AuthController {/auth}:","timestamp":"2025-04-29 05:05:35"}
{"context":"RouterExplorer","level":"info","message":"Mapped {/auth/login, POST} route","timestamp":"2025-04-29 05:05:35"}
{"context":"RouterExplorer","level":"info","message":"Mapped {/auth/token/newToken, POST} route","timestamp":"2025-04-29 05:05:35"}
{"context":"RoutesResolver","level":"info","message":"StoreController {/store}:","timestamp":"2025-04-29 05:05:35"}
{"context":"RouterExplorer","level":"info","message":"Mapped {/store, POST} route","timestamp":"2025-04-29 05:05:35"}
{"context":"RouterExplorer","level":"info","message":"Mapped {/store, GET} route","timestamp":"2025-04-29 05:05:35"}
{"context":"RouterExplorer","level":"info","message":"Mapped {/store/:id, GET} route","timestamp":"2025-04-29 05:05:35"}
{"context":"RouterExplorer","level":"info","message":"Mapped {/store/:id, PATCH} route","timestamp":"2025-04-29 05:05:35"}
{"context":"RouterExplorer","level":"info","message":"Mapped {/store/:id, DELETE} route","timestamp":"2025-04-29 05:05:35"}
{"context":"RouterExplorer","level":"info","message":"Mapped {/store/warehouse, POST} route","timestamp":"2025-04-29 05:05:35"}
{"context":"RoutesResolver","level":"info","message":"OwnerController {/owner}:","timestamp":"2025-04-29 05:05:35"}
{"context":"RouterExplorer","level":"info","message":"Mapped {/owner, POST} route","timestamp":"2025-04-29 05:05:35"}
{"context":"RouterExplorer","level":"info","message":"Mapped {/owner, GET} route","timestamp":"2025-04-29 05:05:35"}
{"context":"RouterExplorer","level":"info","message":"Mapped {/owner/:id, GET} route","timestamp":"2025-04-29 05:05:35"}
{"context":"RouterExplorer","level":"info","message":"Mapped {/owner/:id, PATCH} route","timestamp":"2025-04-29 05:05:35"}
{"context":"RouterExplorer","level":"info","message":"Mapped {/owner/:id, DELETE} route","timestamp":"2025-04-29 05:05:35"}
{"context":"RoutesResolver","level":"info","message":"ItemController {/item}:","timestamp":"2025-04-29 05:05:35"}
{"context":"RouterExplorer","level":"info","message":"Mapped {/item, POST} route","timestamp":"2025-04-29 05:05:35"}
{"context":"RouterExplorer","level":"info","message":"Mapped {/item, GET} route","timestamp":"2025-04-29 05:05:35"}
{"context":"RouterExplorer","level":"info","message":"Mapped {/item/:id, GET} route","timestamp":"2025-04-29 05:05:35"}
{"context":"RouterExplorer","level":"info","message":"Mapped {/item/:id, PATCH} route","timestamp":"2025-04-29 05:05:35"}
{"context":"RouterExplorer","level":"info","message":"Mapped {/item/:id, DELETE} route","timestamp":"2025-04-29 05:05:35"}
{"context":"RouterExplorer","level":"info","message":"Mapped {/item/logistics, POST} route","timestamp":"2025-04-29 05:05:35"}
{"context":"RoutesResolver","level":"info","message":"LogisticsController {/logistics}:","timestamp":"2025-04-29 05:05:35"}
{"context":"RouterExplorer","level":"info","message":"Mapped {/logistics, POST} route","timestamp":"2025-04-29 05:05:35"}
{"context":"RouterExplorer","level":"info","message":"Mapped {/logistics, GET} route","timestamp":"2025-04-29 05:05:35"}
{"context":"RouterExplorer","level":"info","message":"Mapped {/logistics/:id, GET} route","timestamp":"2025-04-29 05:05:35"}
{"context":"RouterExplorer","level":"info","message":"Mapped {/logistics/:id, PATCH} route","timestamp":"2025-04-29 05:05:35"}
{"context":"RouterExplorer","level":"info","message":"Mapped {/logistics/:id, DELETE} route","timestamp":"2025-04-29 05:05:35"}
{"context":"RouterExplorer","level":"info","message":"Mapped {/logistics/warehouse/:id, GET} route","timestamp":"2025-04-29 05:05:35"}
{"context":"RouterExplorer","level":"info","message":"Mapped {/logistics/warehouse/:id, POST} route","timestamp":"2025-04-29 05:05:35"}
{"context":"RoutesResolver","level":"info","message":"OrderController {/order}:","timestamp":"2025-04-29 05:05:35"}
{"context":"RouterExplorer","level":"info","message":"Mapped {/order, POST} route","timestamp":"2025-04-29 05:05:35"}
{"context":"RouterExplorer","level":"info","message":"Mapped {/order, GET} route","timestamp":"2025-04-29 05:05:35"}
{"context":"RouterExplorer","level":"info","message":"Mapped {/order/:id, GET} route","timestamp":"2025-04-29 05:05:35"}
{"context":"RouterExplorer","level":"info","message":"Mapped {/order/:id, PATCH} route","timestamp":"2025-04-29 05:05:35"}
{"context":"RouterExplorer","level":"info","message":"Mapped {/order/:id, DELETE} route","timestamp":"2025-04-29 05:05:35"}
{"context":"RouterExplorer","level":"info","message":"Mapped {/order/batch/update-status, POST} route","timestamp":"2025-04-29 05:05:35"}
{"context":"NestApplication","level":"info","message":"Nest application successfully started","timestamp":"2025-04-29 05:05:35"}
{"context":"Bootstrap","level":"info","message":"애플리케이션이 3001 포트에서 시작되었습니다","timestamp":"2025-04-29 05:05:35"}
{"context":"NestFactory","level":"info","message":"Starting Nest application...","timestamp":"2025-04-29 05:05:37"}
{"context":"InstanceLoader","level":"info","message":"TypeOrmModule dependencies initialized","timestamp":"2025-04-29 05:05:37"}
{"context":"InstanceLoader","level":"info","message":"JwtModule dependencies initialized","timestamp":"2025-04-29 05:05:37"}
{"context":"InstanceLoader","level":"info","message":"ConfigHostModule dependencies initialized","timestamp":"2025-04-29 05:05:37"}
{"context":"InstanceLoader","level":"info","message":"DiscoveryModule dependencies initialized","timestamp":"2025-04-29 05:05:37"}
{"context":"InstanceLoader","level":"info","message":"ConfigModule dependencies initialized","timestamp":"2025-04-29 05:05:37"}
{"context":"InstanceLoader","level":"info","message":"ConfigModule dependencies initialized","timestamp":"2025-04-29 05:05:37"}
{"context":"InstanceLoader","level":"info","message":"ScheduleModule dependencies initialized","timestamp":"2025-04-29 05:05:37"}
{"context":"InstanceLoader","level":"info","message":"LoggerModule dependencies initialized","timestamp":"2025-04-29 05:05:37"}
{"context":"InstanceLoader","level":"info","message":"WinstonModule dependencies initialized","timestamp":"2025-04-29 05:05:37"}
{"context":"InstanceLoader","level":"info","message":"TypeOrmCoreModule dependencies initialized","timestamp":"2025-04-29 05:05:37"}
{"context":"InstanceLoader","level":"info","message":"TypeOrmModule dependencies initialized","timestamp":"2025-04-29 05:05:37"}
{"context":"InstanceLoader","level":"info","message":"TypeOrmModule dependencies initialized","timestamp":"2025-04-29 05:05:37"}
{"context":"InstanceLoader","level":"info","message":"TypeOrmModule dependencies initialized","timestamp":"2025-04-29 05:05:37"}
{"context":"InstanceLoader","level":"info","message":"TypeOrmModule dependencies initialized","timestamp":"2025-04-29 05:05:37"}
{"context":"InstanceLoader","level":"info","message":"TypeOrmModule dependencies initialized","timestamp":"2025-04-29 05:05:37"}
{"context":"InstanceLoader","level":"info","message":"TypeOrmModule dependencies initialized","timestamp":"2025-04-29 05:05:37"}
{"context":"InstanceLoader","level":"info","message":"TypeOrmModule dependencies initialized","timestamp":"2025-04-29 05:05:37"}
{"context":"InstanceLoader","level":"info","message":"AppModule dependencies initialized","timestamp":"2025-04-29 05:05:37"}
{"context":"InstanceLoader","level":"info","message":"CommonModule dependencies initialized","timestamp":"2025-04-29 05:05:37"}
{"context":"InstanceLoader","level":"info","message":"AuthModule dependencies initialized","timestamp":"2025-04-29 05:05:37"}
{"context":"InstanceLoader","level":"info","message":"UserModule dependencies initialized","timestamp":"2025-04-29 05:05:37"}
{"context":"InstanceLoader","level":"info","message":"StoreModule dependencies initialized","timestamp":"2025-04-29 05:05:37"}
{"context":"InstanceLoader","level":"info","message":"OwnerModule dependencies initialized","timestamp":"2025-04-29 05:05:37"}
{"context":"InstanceLoader","level":"info","message":"ItemModule dependencies initialized","timestamp":"2025-04-29 05:05:37"}
{"context":"InstanceLoader","level":"info","message":"LogisticsModule dependencies initialized","timestamp":"2025-04-29 05:05:37"}
{"context":"InstanceLoader","level":"info","message":"OrderModule dependencies initialized","timestamp":"2025-04-29 05:05:37"}
{"context":"RoutesResolver","level":"info","message":"UserController {/user}:","timestamp":"2025-04-29 05:05:37"}
{"context":"RouterExplorer","level":"info","message":"Mapped {/user, POST} route","timestamp":"2025-04-29 05:05:37"}
{"context":"RouterExplorer","level":"info","message":"Mapped {/user, GET} route","timestamp":"2025-04-29 05:05:37"}
{"context":"RouterExplorer","level":"info","message":"Mapped {/user/:id, GET} route","timestamp":"2025-04-29 05:05:37"}
{"context":"RouterExplorer","level":"info","message":"Mapped {/user/:id, PATCH} route","timestamp":"2025-04-29 05:05:37"}
{"context":"RouterExplorer","level":"info","message":"Mapped {/user/:id, DELETE} route","timestamp":"2025-04-29 05:05:37"}
{"context":"RoutesResolver","level":"info","message":"AuthController {/auth}:","timestamp":"2025-04-29 05:05:37"}
{"context":"RouterExplorer","level":"info","message":"Mapped {/auth/login, POST} route","timestamp":"2025-04-29 05:05:37"}
{"context":"RouterExplorer","level":"info","message":"Mapped {/auth/token/newToken, POST} route","timestamp":"2025-04-29 05:05:37"}
{"context":"RoutesResolver","level":"info","message":"StoreController {/store}:","timestamp":"2025-04-29 05:05:37"}
{"context":"RouterExplorer","level":"info","message":"Mapped {/store, POST} route","timestamp":"2025-04-29 05:05:37"}
{"context":"RouterExplorer","level":"info","message":"Mapped {/store, GET} route","timestamp":"2025-04-29 05:05:37"}
{"context":"RouterExplorer","level":"info","message":"Mapped {/store/:id, GET} route","timestamp":"2025-04-29 05:05:37"}
{"context":"RouterExplorer","level":"info","message":"Mapped {/store/:id, PATCH} route","timestamp":"2025-04-29 05:05:37"}
{"context":"RouterExplorer","level":"info","message":"Mapped {/store/:id, DELETE} route","timestamp":"2025-04-29 05:05:37"}
{"context":"RouterExplorer","level":"info","message":"Mapped {/store/warehouse, POST} route","timestamp":"2025-04-29 05:05:37"}
{"context":"RoutesResolver","level":"info","message":"OwnerController {/owner}:","timestamp":"2025-04-29 05:05:37"}
{"context":"RouterExplorer","level":"info","message":"Mapped {/owner, POST} route","timestamp":"2025-04-29 05:05:37"}
{"context":"RouterExplorer","level":"info","message":"Mapped {/owner, GET} route","timestamp":"2025-04-29 05:05:37"}
{"context":"RouterExplorer","level":"info","message":"Mapped {/owner/:id, GET} route","timestamp":"2025-04-29 05:05:37"}
{"context":"RouterExplorer","level":"info","message":"Mapped {/owner/:id, PATCH} route","timestamp":"2025-04-29 05:05:37"}
{"context":"RouterExplorer","level":"info","message":"Mapped {/owner/:id, DELETE} route","timestamp":"2025-04-29 05:05:37"}
{"context":"RoutesResolver","level":"info","message":"ItemController {/item}:","timestamp":"2025-04-29 05:05:37"}
{"context":"RouterExplorer","level":"info","message":"Mapped {/item, POST} route","timestamp":"2025-04-29 05:05:37"}
{"context":"RouterExplorer","level":"info","message":"Mapped {/item, GET} route","timestamp":"2025-04-29 05:05:37"}
{"context":"RouterExplorer","level":"info","message":"Mapped {/item/:id, GET} route","timestamp":"2025-04-29 05:05:37"}
{"context":"RouterExplorer","level":"info","message":"Mapped {/item/:id, PATCH} route","timestamp":"2025-04-29 05:05:37"}
{"context":"RouterExplorer","level":"info","message":"Mapped {/item/:id, DELETE} route","timestamp":"2025-04-29 05:05:37"}
{"context":"RouterExplorer","level":"info","message":"Mapped {/item/logistics, POST} route","timestamp":"2025-04-29 05:05:37"}
{"context":"RoutesResolver","level":"info","message":"LogisticsController {/logistics}:","timestamp":"2025-04-29 05:05:37"}
{"context":"RouterExplorer","level":"info","message":"Mapped {/logistics, POST} route","timestamp":"2025-04-29 05:05:37"}
{"context":"RouterExplorer","level":"info","message":"Mapped {/logistics, GET} route","timestamp":"2025-04-29 05:05:37"}
{"context":"RouterExplorer","level":"info","message":"Mapped {/logistics/:id, GET} route","timestamp":"2025-04-29 05:05:37"}
{"context":"RouterExplorer","level":"info","message":"Mapped {/logistics/:id, PATCH} route","timestamp":"2025-04-29 05:05:37"}
{"context":"RouterExplorer","level":"info","message":"Mapped {/logistics/:id, DELETE} route","timestamp":"2025-04-29 05:05:37"}
{"context":"RouterExplorer","level":"info","message":"Mapped {/logistics/warehouse/:id, GET} route","timestamp":"2025-04-29 05:05:37"}
{"context":"RouterExplorer","level":"info","message":"Mapped {/logistics/warehouse/:id, POST} route","timestamp":"2025-04-29 05:05:37"}
{"context":"RoutesResolver","level":"info","message":"OrderController {/order}:","timestamp":"2025-04-29 05:05:37"}
{"context":"RouterExplorer","level":"info","message":"Mapped {/order, POST} route","timestamp":"2025-04-29 05:05:37"}
{"context":"RouterExplorer","level":"info","message":"Mapped {/order, GET} route","timestamp":"2025-04-29 05:05:37"}
{"context":"RouterExplorer","level":"info","message":"Mapped {/order/:id, GET} route","timestamp":"2025-04-29 05:05:37"}
{"context":"RouterExplorer","level":"info","message":"Mapped {/order/:id, PATCH} route","timestamp":"2025-04-29 05:05:37"}
{"context":"RouterExplorer","level":"info","message":"Mapped {/order/:id, DELETE} route","timestamp":"2025-04-29 05:05:37"}
{"context":"RouterExplorer","level":"info","message":"Mapped {/order/batch/update-status, POST} route","timestamp":"2025-04-29 05:05:37"}
{"context":"NestApplication","level":"info","message":"Nest application successfully started","timestamp":"2025-04-29 05:05:37"}
{"context":"Bootstrap","level":"info","message":"애플리케이션이 3001 포트에서 시작되었습니다","timestamp":"2025-04-29 05:05:37"}
{"context":"NestFactory","level":"info","message":"Starting Nest application...","timestamp":"2025-04-29 05:05:51"}
{"context":"InstanceLoader","level":"info","message":"TypeOrmModule dependencies initialized","timestamp":"2025-04-29 05:05:51"}
{"context":"InstanceLoader","level":"info","message":"JwtModule dependencies initialized","timestamp":"2025-04-29 05:05:51"}
{"context":"InstanceLoader","level":"info","message":"ConfigHostModule dependencies initialized","timestamp":"2025-04-29 05:05:51"}
{"context":"InstanceLoader","level":"info","message":"DiscoveryModule dependencies initialized","timestamp":"2025-04-29 05:05:51"}
{"context":"InstanceLoader","level":"info","message":"ConfigModule dependencies initialized","timestamp":"2025-04-29 05:05:51"}
{"context":"InstanceLoader","level":"info","message":"ConfigModule dependencies initialized","timestamp":"2025-04-29 05:05:51"}
{"context":"InstanceLoader","level":"info","message":"ScheduleModule dependencies initialized","timestamp":"2025-04-29 05:05:51"}
{"context":"InstanceLoader","level":"info","message":"LoggerModule dependencies initialized","timestamp":"2025-04-29 05:05:51"}
{"context":"InstanceLoader","level":"info","message":"WinstonModule dependencies initialized","timestamp":"2025-04-29 05:05:51"}
{"context":"InstanceLoader","level":"info","message":"TypeOrmCoreModule dependencies initialized","timestamp":"2025-04-29 05:05:51"}
{"context":"InstanceLoader","level":"info","message":"TypeOrmModule dependencies initialized","timestamp":"2025-04-29 05:05:51"}
{"context":"InstanceLoader","level":"info","message":"TypeOrmModule dependencies initialized","timestamp":"2025-04-29 05:05:51"}
{"context":"InstanceLoader","level":"info","message":"TypeOrmModule dependencies initialized","timestamp":"2025-04-29 05:05:51"}
{"context":"InstanceLoader","level":"info","message":"TypeOrmModule dependencies initialized","timestamp":"2025-04-29 05:05:51"}
{"context":"InstanceLoader","level":"info","message":"TypeOrmModule dependencies initialized","timestamp":"2025-04-29 05:05:51"}
{"context":"InstanceLoader","level":"info","message":"TypeOrmModule dependencies initialized","timestamp":"2025-04-29 05:05:51"}
{"context":"InstanceLoader","level":"info","message":"TypeOrmModule dependencies initialized","timestamp":"2025-04-29 05:05:51"}
{"context":"InstanceLoader","level":"info","message":"AppModule dependencies initialized","timestamp":"2025-04-29 05:05:51"}
{"context":"InstanceLoader","level":"info","message":"CommonModule dependencies initialized","timestamp":"2025-04-29 05:05:51"}
{"context":"InstanceLoader","level":"info","message":"AuthModule dependencies initialized","timestamp":"2025-04-29 05:05:51"}
{"context":"InstanceLoader","level":"info","message":"UserModule dependencies initialized","timestamp":"2025-04-29 05:05:51"}
{"context":"InstanceLoader","level":"info","message":"StoreModule dependencies initialized","timestamp":"2025-04-29 05:05:51"}
{"context":"InstanceLoader","level":"info","message":"OwnerModule dependencies initialized","timestamp":"2025-04-29 05:05:51"}
{"context":"InstanceLoader","level":"info","message":"ItemModule dependencies initialized","timestamp":"2025-04-29 05:05:51"}
{"context":"InstanceLoader","level":"info","message":"LogisticsModule dependencies initialized","timestamp":"2025-04-29 05:05:51"}
{"context":"InstanceLoader","level":"info","message":"OrderModule dependencies initialized","timestamp":"2025-04-29 05:05:51"}
{"context":"RoutesResolver","level":"info","message":"UserController {/user}:","timestamp":"2025-04-29 05:05:51"}
{"context":"RouterExplorer","level":"info","message":"Mapped {/user, POST} route","timestamp":"2025-04-29 05:05:51"}
{"context":"RouterExplorer","level":"info","message":"Mapped {/user, GET} route","timestamp":"2025-04-29 05:05:51"}
{"context":"RouterExplorer","level":"info","message":"Mapped {/user/:id, GET} route","timestamp":"2025-04-29 05:05:51"}
{"context":"RouterExplorer","level":"info","message":"Mapped {/user/:id, PATCH} route","timestamp":"2025-04-29 05:05:51"}
{"context":"RouterExplorer","level":"info","message":"Mapped {/user/:id, DELETE} route","timestamp":"2025-04-29 05:05:51"}
{"context":"RoutesResolver","level":"info","message":"AuthController {/auth}:","timestamp":"2025-04-29 05:05:51"}
{"context":"RouterExplorer","level":"info","message":"Mapped {/auth/login, POST} route","timestamp":"2025-04-29 05:05:51"}
{"context":"RouterExplorer","level":"info","message":"Mapped {/auth/token/newToken, POST} route","timestamp":"2025-04-29 05:05:51"}
{"context":"RoutesResolver","level":"info","message":"StoreController {/store}:","timestamp":"2025-04-29 05:05:51"}
{"context":"RouterExplorer","level":"info","message":"Mapped {/store, POST} route","timestamp":"2025-04-29 05:05:51"}
{"context":"RouterExplorer","level":"info","message":"Mapped {/store, GET} route","timestamp":"2025-04-29 05:05:51"}
{"context":"RouterExplorer","level":"info","message":"Mapped {/store/:id, GET} route","timestamp":"2025-04-29 05:05:51"}
{"context":"RouterExplorer","level":"info","message":"Mapped {/store/:id, PATCH} route","timestamp":"2025-04-29 05:05:51"}
{"context":"RouterExplorer","level":"info","message":"Mapped {/store/:id, DELETE} route","timestamp":"2025-04-29 05:05:51"}
{"context":"RouterExplorer","level":"info","message":"Mapped {/store/warehouse, POST} route","timestamp":"2025-04-29 05:05:51"}
{"context":"RoutesResolver","level":"info","message":"OwnerController {/owner}:","timestamp":"2025-04-29 05:05:51"}
{"context":"RouterExplorer","level":"info","message":"Mapped {/owner, POST} route","timestamp":"2025-04-29 05:05:51"}
{"context":"RouterExplorer","level":"info","message":"Mapped {/owner, GET} route","timestamp":"2025-04-29 05:05:51"}
{"context":"RouterExplorer","level":"info","message":"Mapped {/owner/:id, GET} route","timestamp":"2025-04-29 05:05:51"}
{"context":"RouterExplorer","level":"info","message":"Mapped {/owner/:id, PATCH} route","timestamp":"2025-04-29 05:05:51"}
{"context":"RouterExplorer","level":"info","message":"Mapped {/owner/:id, DELETE} route","timestamp":"2025-04-29 05:05:51"}
{"context":"RoutesResolver","level":"info","message":"ItemController {/item}:","timestamp":"2025-04-29 05:05:51"}
{"context":"RouterExplorer","level":"info","message":"Mapped {/item, POST} route","timestamp":"2025-04-29 05:05:51"}
{"context":"RouterExplorer","level":"info","message":"Mapped {/item, GET} route","timestamp":"2025-04-29 05:05:51"}
{"context":"RouterExplorer","level":"info","message":"Mapped {/item/:id, GET} route","timestamp":"2025-04-29 05:05:51"}
{"context":"RouterExplorer","level":"info","message":"Mapped {/item/:id, PATCH} route","timestamp":"2025-04-29 05:05:51"}
{"context":"RouterExplorer","level":"info","message":"Mapped {/item/:id, DELETE} route","timestamp":"2025-04-29 05:05:51"}
{"context":"RouterExplorer","level":"info","message":"Mapped {/item/logistics, POST} route","timestamp":"2025-04-29 05:05:51"}
{"context":"RoutesResolver","level":"info","message":"LogisticsController {/logistics}:","timestamp":"2025-04-29 05:05:51"}
{"context":"RouterExplorer","level":"info","message":"Mapped {/logistics, POST} route","timestamp":"2025-04-29 05:05:51"}
{"context":"RouterExplorer","level":"info","message":"Mapped {/logistics, GET} route","timestamp":"2025-04-29 05:05:51"}
{"context":"RouterExplorer","level":"info","message":"Mapped {/logistics/:id, GET} route","timestamp":"2025-04-29 05:05:51"}
{"context":"RouterExplorer","level":"info","message":"Mapped {/logistics/:id, PATCH} route","timestamp":"2025-04-29 05:05:51"}
{"context":"RouterExplorer","level":"info","message":"Mapped {/logistics/:id, DELETE} route","timestamp":"2025-04-29 05:05:51"}
{"context":"RouterExplorer","level":"info","message":"Mapped {/logistics/warehouse/:id, GET} route","timestamp":"2025-04-29 05:05:51"}
{"context":"RouterExplorer","level":"info","message":"Mapped {/logistics/warehouse/:id, POST} route","timestamp":"2025-04-29 05:05:51"}
{"context":"RoutesResolver","level":"info","message":"OrderController {/order}:","timestamp":"2025-04-29 05:05:51"}
{"context":"RouterExplorer","level":"info","message":"Mapped {/order, POST} route","timestamp":"2025-04-29 05:05:51"}
{"context":"RouterExplorer","level":"info","message":"Mapped {/order, GET} route","timestamp":"2025-04-29 05:05:51"}
{"context":"RouterExplorer","level":"info","message":"Mapped {/order/:id, GET} route","timestamp":"2025-04-29 05:05:51"}
{"context":"RouterExplorer","level":"info","message":"Mapped {/order/:id, PATCH} route","timestamp":"2025-04-29 05:05:51"}
{"context":"RouterExplorer","level":"info","message":"Mapped {/order/:id, DELETE} route","timestamp":"2025-04-29 05:05:51"}
{"context":"RouterExplorer","level":"info","message":"Mapped {/order/batch/update-status, POST} route","timestamp":"2025-04-29 05:05:51"}
{"context":"NestApplication","level":"info","message":"Nest application successfully started","timestamp":"2025-04-29 05:05:51"}
{"context":"Bootstrap","level":"info","message":"애플리케이션이 3001 포트에서 시작되었습니다","timestamp":"2025-04-29 05:05:51"}
{"context":"HttpExceptionFilter","level":"error","message":"[예외] POST /auth/login 401 - 접근 토큰 타입이 올바르지 않습니다.","timestamp":"2025-04-29 05:05:54","trace":"UnauthorizedException: 접근 토큰 타입이 올바르지 않습니다.\n    at RBACGuard.canActivate (/app/src/auth/guard/rbac.guard.ts:28:13)\n    at GuardsConsumer.tryActivate (/app/node_modules/.pnpm/@nestjs+core@10.4.17_@nestjs+common@10.4.17_class-transformer@0.5.1_class-validator@0.1_eae1b69253770746a482487d36064dac/node_modules/@nestjs/core/guards/guards-consumer.js:15:34)\n    at canActivateFn (/app/node_modules/.pnpm/@nestjs+core@10.4.17_@nestjs+common@10.4.17_class-transformer@0.5.1_class-validator@0.1_eae1b69253770746a482487d36064dac/node_modules/@nestjs/core/router/router-execution-context.js:135:59)\n    at /app/node_modules/.pnpm/@nestjs+core@10.4.17_@nestjs+common@10.4.17_class-transformer@0.5.1_class-validator@0.1_eae1b69253770746a482487d36064dac/node_modules/@nestjs/core/router/router-execution-context.js:42:37\n    at /app/node_modules/.pnpm/@nestjs+core@10.4.17_@nestjs+common@10.4.17_class-transformer@0.5.1_class-validator@0.1_eae1b69253770746a482487d36064dac/node_modules/@nestjs/core/router/router-proxy.js:9:23\n    at Layer.handle [as handle_request] (/app/node_modules/.pnpm/express@4.21.2/node_modules/express/lib/router/layer.js:95:5)\n    at next (/app/node_modules/.pnpm/express@4.21.2/node_modules/express/lib/router/route.js:149:13)\n    at Route.dispatch (/app/node_modules/.pnpm/express@4.21.2/node_modules/express/lib/router/route.js:119:3)\n    at Layer.handle [as handle_request] (/app/node_modules/.pnpm/express@4.21.2/node_modules/express/lib/router/layer.js:95:5)\n    at /app/node_modules/.pnpm/express@4.21.2/node_modules/express/lib/router/index.js:284:15"}
{"details":{"headers":{"accept":"*/*","accept-encoding":"gzip, deflate, br","authorization":"Basic YWRtaW5AYWRtaW4uY29tOmFkbWlu","cache-control":"no-cache","connection":"keep-alive","content-length":"0","host":"localhost:3001","postman-token":"cb1fe032-df5f-4d53-8013-6e2286ed0197","user-agent":"PostmanRuntime/7.43.3"},"ip":"::ffff:192.168.65.1","method":"POST","path":"/auth/login"},"event":"인증/인가 실패","level":"warn","message":"보안 이벤트","timestamp":"2025-04-29T05:05:54.677Z","userId":"admin@admin.com"}
{"context":"NestFactory","level":"info","message":"Starting Nest application...","timestamp":"2025-04-29 05:07:33"}
{"context":"InstanceLoader","level":"info","message":"TypeOrmModule dependencies initialized","timestamp":"2025-04-29 05:07:33"}
{"context":"InstanceLoader","level":"info","message":"JwtModule dependencies initialized","timestamp":"2025-04-29 05:07:33"}
{"context":"InstanceLoader","level":"info","message":"ConfigHostModule dependencies initialized","timestamp":"2025-04-29 05:07:33"}
{"context":"InstanceLoader","level":"info","message":"DiscoveryModule dependencies initialized","timestamp":"2025-04-29 05:07:33"}
{"context":"InstanceLoader","level":"info","message":"ConfigModule dependencies initialized","timestamp":"2025-04-29 05:07:33"}
{"context":"InstanceLoader","level":"info","message":"ConfigModule dependencies initialized","timestamp":"2025-04-29 05:07:33"}
{"context":"InstanceLoader","level":"info","message":"ScheduleModule dependencies initialized","timestamp":"2025-04-29 05:07:33"}
{"context":"InstanceLoader","level":"info","message":"LoggerModule dependencies initialized","timestamp":"2025-04-29 05:07:33"}
{"context":"InstanceLoader","level":"info","message":"WinstonModule dependencies initialized","timestamp":"2025-04-29 05:07:33"}
{"context":"InstanceLoader","level":"info","message":"TypeOrmCoreModule dependencies initialized","timestamp":"2025-04-29 05:07:33"}
{"context":"InstanceLoader","level":"info","message":"TypeOrmModule dependencies initialized","timestamp":"2025-04-29 05:07:33"}
{"context":"InstanceLoader","level":"info","message":"TypeOrmModule dependencies initialized","timestamp":"2025-04-29 05:07:33"}
{"context":"InstanceLoader","level":"info","message":"TypeOrmModule dependencies initialized","timestamp":"2025-04-29 05:07:33"}
{"context":"InstanceLoader","level":"info","message":"TypeOrmModule dependencies initialized","timestamp":"2025-04-29 05:07:33"}
{"context":"InstanceLoader","level":"info","message":"TypeOrmModule dependencies initialized","timestamp":"2025-04-29 05:07:33"}
{"context":"InstanceLoader","level":"info","message":"TypeOrmModule dependencies initialized","timestamp":"2025-04-29 05:07:33"}
{"context":"InstanceLoader","level":"info","message":"TypeOrmModule dependencies initialized","timestamp":"2025-04-29 05:07:33"}
{"context":"InstanceLoader","level":"info","message":"AppModule dependencies initialized","timestamp":"2025-04-29 05:07:33"}
{"context":"InstanceLoader","level":"info","message":"CommonModule dependencies initialized","timestamp":"2025-04-29 05:07:33"}
{"context":"InstanceLoader","level":"info","message":"AuthModule dependencies initialized","timestamp":"2025-04-29 05:07:33"}
{"context":"InstanceLoader","level":"info","message":"UserModule dependencies initialized","timestamp":"2025-04-29 05:07:33"}
{"context":"InstanceLoader","level":"info","message":"StoreModule dependencies initialized","timestamp":"2025-04-29 05:07:33"}
{"context":"InstanceLoader","level":"info","message":"OwnerModule dependencies initialized","timestamp":"2025-04-29 05:07:33"}
{"context":"InstanceLoader","level":"info","message":"ItemModule dependencies initialized","timestamp":"2025-04-29 05:07:33"}
{"context":"InstanceLoader","level":"info","message":"LogisticsModule dependencies initialized","timestamp":"2025-04-29 05:07:33"}
{"context":"InstanceLoader","level":"info","message":"OrderModule dependencies initialized","timestamp":"2025-04-29 05:07:33"}
{"context":"RoutesResolver","level":"info","message":"UserController {/user}:","timestamp":"2025-04-29 05:07:33"}
{"context":"RouterExplorer","level":"info","message":"Mapped {/user, POST} route","timestamp":"2025-04-29 05:07:33"}
{"context":"RouterExplorer","level":"info","message":"Mapped {/user, GET} route","timestamp":"2025-04-29 05:07:33"}
{"context":"RouterExplorer","level":"info","message":"Mapped {/user/:id, GET} route","timestamp":"2025-04-29 05:07:33"}
{"context":"RouterExplorer","level":"info","message":"Mapped {/user/:id, PATCH} route","timestamp":"2025-04-29 05:07:33"}
{"context":"RouterExplorer","level":"info","message":"Mapped {/user/:id, DELETE} route","timestamp":"2025-04-29 05:07:33"}
{"context":"RoutesResolver","level":"info","message":"AuthController {/auth}:","timestamp":"2025-04-29 05:07:33"}
{"context":"RouterExplorer","level":"info","message":"Mapped {/auth/login, POST} route","timestamp":"2025-04-29 05:07:33"}
{"context":"RouterExplorer","level":"info","message":"Mapped {/auth/token/newToken, POST} route","timestamp":"2025-04-29 05:07:33"}
{"context":"RoutesResolver","level":"info","message":"StoreController {/store}:","timestamp":"2025-04-29 05:07:33"}
{"context":"RouterExplorer","level":"info","message":"Mapped {/store, POST} route","timestamp":"2025-04-29 05:07:33"}
{"context":"RouterExplorer","level":"info","message":"Mapped {/store, GET} route","timestamp":"2025-04-29 05:07:33"}
{"context":"RouterExplorer","level":"info","message":"Mapped {/store/:id, GET} route","timestamp":"2025-04-29 05:07:33"}
{"context":"RouterExplorer","level":"info","message":"Mapped {/store/:id, PATCH} route","timestamp":"2025-04-29 05:07:33"}
{"context":"RouterExplorer","level":"info","message":"Mapped {/store/:id, DELETE} route","timestamp":"2025-04-29 05:07:33"}
{"context":"RouterExplorer","level":"info","message":"Mapped {/store/warehouse, POST} route","timestamp":"2025-04-29 05:07:33"}
{"context":"RoutesResolver","level":"info","message":"OwnerController {/owner}:","timestamp":"2025-04-29 05:07:33"}
{"context":"RouterExplorer","level":"info","message":"Mapped {/owner, POST} route","timestamp":"2025-04-29 05:07:33"}
{"context":"RouterExplorer","level":"info","message":"Mapped {/owner, GET} route","timestamp":"2025-04-29 05:07:33"}
{"context":"RouterExplorer","level":"info","message":"Mapped {/owner/:id, GET} route","timestamp":"2025-04-29 05:07:33"}
{"context":"RouterExplorer","level":"info","message":"Mapped {/owner/:id, PATCH} route","timestamp":"2025-04-29 05:07:33"}
{"context":"RouterExplorer","level":"info","message":"Mapped {/owner/:id, DELETE} route","timestamp":"2025-04-29 05:07:33"}
{"context":"RoutesResolver","level":"info","message":"ItemController {/item}:","timestamp":"2025-04-29 05:07:33"}
{"context":"RouterExplorer","level":"info","message":"Mapped {/item, POST} route","timestamp":"2025-04-29 05:07:33"}
{"context":"RouterExplorer","level":"info","message":"Mapped {/item, GET} route","timestamp":"2025-04-29 05:07:33"}
{"context":"RouterExplorer","level":"info","message":"Mapped {/item/:id, GET} route","timestamp":"2025-04-29 05:07:33"}
{"context":"RouterExplorer","level":"info","message":"Mapped {/item/:id, PATCH} route","timestamp":"2025-04-29 05:07:33"}
{"context":"RouterExplorer","level":"info","message":"Mapped {/item/:id, DELETE} route","timestamp":"2025-04-29 05:07:33"}
{"context":"RouterExplorer","level":"info","message":"Mapped {/item/logistics, POST} route","timestamp":"2025-04-29 05:07:33"}
{"context":"RoutesResolver","level":"info","message":"LogisticsController {/logistics}:","timestamp":"2025-04-29 05:07:33"}
{"context":"RouterExplorer","level":"info","message":"Mapped {/logistics, POST} route","timestamp":"2025-04-29 05:07:33"}
{"context":"RouterExplorer","level":"info","message":"Mapped {/logistics, GET} route","timestamp":"2025-04-29 05:07:33"}
{"context":"RouterExplorer","level":"info","message":"Mapped {/logistics/:id, GET} route","timestamp":"2025-04-29 05:07:33"}
{"context":"RouterExplorer","level":"info","message":"Mapped {/logistics/:id, PATCH} route","timestamp":"2025-04-29 05:07:33"}
{"context":"RouterExplorer","level":"info","message":"Mapped {/logistics/:id, DELETE} route","timestamp":"2025-04-29 05:07:33"}
{"context":"RouterExplorer","level":"info","message":"Mapped {/logistics/warehouse/:id, GET} route","timestamp":"2025-04-29 05:07:33"}
{"context":"RouterExplorer","level":"info","message":"Mapped {/logistics/warehouse/:id, POST} route","timestamp":"2025-04-29 05:07:33"}
{"context":"RoutesResolver","level":"info","message":"OrderController {/order}:","timestamp":"2025-04-29 05:07:33"}
{"context":"RouterExplorer","level":"info","message":"Mapped {/order, POST} route","timestamp":"2025-04-29 05:07:33"}
{"context":"RouterExplorer","level":"info","message":"Mapped {/order, GET} route","timestamp":"2025-04-29 05:07:33"}
{"context":"RouterExplorer","level":"info","message":"Mapped {/order/:id, GET} route","timestamp":"2025-04-29 05:07:33"}
{"context":"RouterExplorer","level":"info","message":"Mapped {/order/:id, PATCH} route","timestamp":"2025-04-29 05:07:33"}
{"context":"RouterExplorer","level":"info","message":"Mapped {/order/:id, DELETE} route","timestamp":"2025-04-29 05:07:33"}
{"context":"RouterExplorer","level":"info","message":"Mapped {/order/batch/update-status, POST} route","timestamp":"2025-04-29 05:07:33"}
{"context":"NestApplication","level":"info","message":"Nest application successfully started","timestamp":"2025-04-29 05:07:33"}
{"context":"Bootstrap","level":"info","message":"애플리케이션이 3001 포트에서 시작되었습니다","timestamp":"2025-04-29 05:07:33"}
{"context":"HttpExceptionFilter","level":"error","message":"[예외] POST /auth/login 401 - 접근 토큰 타입이 올바르지 않습니다.","timestamp":"2025-04-29 05:07:36","trace":"UnauthorizedException: 접근 토큰 타입이 올바르지 않습니다.\n    at RBACGuard.canActivate (/app/src/auth/guard/rbac.guard.ts:28:13)\n    at GuardsConsumer.tryActivate (/app/node_modules/.pnpm/@nestjs+core@10.4.17_@nestjs+common@10.4.17_class-transformer@0.5.1_class-validator@0.1_eae1b69253770746a482487d36064dac/node_modules/@nestjs/core/guards/guards-consumer.js:15:34)\n    at canActivateFn (/app/node_modules/.pnpm/@nestjs+core@10.4.17_@nestjs+common@10.4.17_class-transformer@0.5.1_class-validator@0.1_eae1b69253770746a482487d36064dac/node_modules/@nestjs/core/router/router-execution-context.js:135:59)\n    at /app/node_modules/.pnpm/@nestjs+core@10.4.17_@nestjs+common@10.4.17_class-transformer@0.5.1_class-validator@0.1_eae1b69253770746a482487d36064dac/node_modules/@nestjs/core/router/router-execution-context.js:42:37\n    at /app/node_modules/.pnpm/@nestjs+core@10.4.17_@nestjs+common@10.4.17_class-transformer@0.5.1_class-validator@0.1_eae1b69253770746a482487d36064dac/node_modules/@nestjs/core/router/router-proxy.js:9:23\n    at Layer.handle [as handle_request] (/app/node_modules/.pnpm/express@4.21.2/node_modules/express/lib/router/layer.js:95:5)\n    at next (/app/node_modules/.pnpm/express@4.21.2/node_modules/express/lib/router/route.js:149:13)\n    at Route.dispatch (/app/node_modules/.pnpm/express@4.21.2/node_modules/express/lib/router/route.js:119:3)\n    at Layer.handle [as handle_request] (/app/node_modules/.pnpm/express@4.21.2/node_modules/express/lib/router/layer.js:95:5)\n    at /app/node_modules/.pnpm/express@4.21.2/node_modules/express/lib/router/index.js:284:15"}
{"details":{"headers":{"accept":"*/*","accept-encoding":"gzip, deflate, br","authorization":"Basic YWRtaW5AYWRtaW4uY29tOmFkbWlu","cache-control":"no-cache","connection":"keep-alive","content-length":"0","host":"localhost:3001","postman-token":"23acfa7f-b011-4fed-8a3a-f6e7d9686388","user-agent":"PostmanRuntime/7.43.3"},"ip":"::ffff:192.168.65.1","method":"POST","path":"/auth/login"},"event":"인증/인가 실패","level":"warn","message":"보안 이벤트","timestamp":"2025-04-29T05:07:36.509Z","userId":"admin@admin.com"}
{"context":"HttpExceptionFilter","level":"error","message":"[예외] POST /auth/login 401 - 접근 토큰 타입이 올바르지 않습니다.","timestamp":"2025-04-29 05:07:37","trace":"UnauthorizedException: 접근 토큰 타입이 올바르지 않습니다.\n    at RBACGuard.canActivate (/app/src/auth/guard/rbac.guard.ts:28:13)\n    at GuardsConsumer.tryActivate (/app/node_modules/.pnpm/@nestjs+core@10.4.17_@nestjs+common@10.4.17_class-transformer@0.5.1_class-validator@0.1_eae1b69253770746a482487d36064dac/node_modules/@nestjs/core/guards/guards-consumer.js:15:34)\n    at canActivateFn (/app/node_modules/.pnpm/@nestjs+core@10.4.17_@nestjs+common@10.4.17_class-transformer@0.5.1_class-validator@0.1_eae1b69253770746a482487d36064dac/node_modules/@nestjs/core/router/router-execution-context.js:135:59)\n    at /app/node_modules/.pnpm/@nestjs+core@10.4.17_@nestjs+common@10.4.17_class-transformer@0.5.1_class-validator@0.1_eae1b69253770746a482487d36064dac/node_modules/@nestjs/core/router/router-execution-context.js:42:37\n    at /app/node_modules/.pnpm/@nestjs+core@10.4.17_@nestjs+common@10.4.17_class-transformer@0.5.1_class-validator@0.1_eae1b69253770746a482487d36064dac/node_modules/@nestjs/core/router/router-proxy.js:9:23\n    at Layer.handle [as handle_request] (/app/node_modules/.pnpm/express@4.21.2/node_modules/express/lib/router/layer.js:95:5)\n    at next (/app/node_modules/.pnpm/express@4.21.2/node_modules/express/lib/router/route.js:149:13)\n    at Route.dispatch (/app/node_modules/.pnpm/express@4.21.2/node_modules/express/lib/router/route.js:119:3)\n    at Layer.handle [as handle_request] (/app/node_modules/.pnpm/express@4.21.2/node_modules/express/lib/router/layer.js:95:5)\n    at /app/node_modules/.pnpm/express@4.21.2/node_modules/express/lib/router/index.js:284:15"}
{"details":{"headers":{"accept":"*/*","accept-encoding":"gzip, deflate, br","authorization":"Basic YWRtaW5AYWRtaW4uY29tOmFkbWlu","cache-control":"no-cache","connection":"keep-alive","content-length":"0","host":"localhost:3001","postman-token":"9ffdf3fb-e71c-4d0d-9fc6-3babf74f532c","user-agent":"PostmanRuntime/7.43.3"},"ip":"::ffff:192.168.65.1","method":"POST","path":"/auth/login"},"event":"인증/인가 실패","level":"warn","message":"보안 이벤트","timestamp":"2025-04-29T05:07:37.270Z","userId":"admin@admin.com"}
{"context":"NestFactory","level":"info","message":"Starting Nest application...","timestamp":"2025-04-29 05:07:40"}
{"context":"InstanceLoader","level":"info","message":"TypeOrmModule dependencies initialized","timestamp":"2025-04-29 05:07:40"}
{"context":"InstanceLoader","level":"info","message":"JwtModule dependencies initialized","timestamp":"2025-04-29 05:07:40"}
{"context":"InstanceLoader","level":"info","message":"ConfigHostModule dependencies initialized","timestamp":"2025-04-29 05:07:40"}
{"context":"InstanceLoader","level":"info","message":"DiscoveryModule dependencies initialized","timestamp":"2025-04-29 05:07:40"}
{"context":"InstanceLoader","level":"info","message":"ConfigModule dependencies initialized","timestamp":"2025-04-29 05:07:40"}
{"context":"InstanceLoader","level":"info","message":"ConfigModule dependencies initialized","timestamp":"2025-04-29 05:07:40"}
{"context":"InstanceLoader","level":"info","message":"ScheduleModule dependencies initialized","timestamp":"2025-04-29 05:07:40"}
{"context":"InstanceLoader","level":"info","message":"LoggerModule dependencies initialized","timestamp":"2025-04-29 05:07:40"}
{"context":"InstanceLoader","level":"info","message":"WinstonModule dependencies initialized","timestamp":"2025-04-29 05:07:40"}
{"context":"InstanceLoader","level":"info","message":"TypeOrmCoreModule dependencies initialized","timestamp":"2025-04-29 05:07:40"}
{"context":"InstanceLoader","level":"info","message":"TypeOrmModule dependencies initialized","timestamp":"2025-04-29 05:07:40"}
{"context":"InstanceLoader","level":"info","message":"TypeOrmModule dependencies initialized","timestamp":"2025-04-29 05:07:40"}
{"context":"InstanceLoader","level":"info","message":"TypeOrmModule dependencies initialized","timestamp":"2025-04-29 05:07:40"}
{"context":"InstanceLoader","level":"info","message":"TypeOrmModule dependencies initialized","timestamp":"2025-04-29 05:07:40"}
{"context":"InstanceLoader","level":"info","message":"TypeOrmModule dependencies initialized","timestamp":"2025-04-29 05:07:40"}
{"context":"InstanceLoader","level":"info","message":"TypeOrmModule dependencies initialized","timestamp":"2025-04-29 05:07:40"}
{"context":"InstanceLoader","level":"info","message":"TypeOrmModule dependencies initialized","timestamp":"2025-04-29 05:07:40"}
{"context":"InstanceLoader","level":"info","message":"AppModule dependencies initialized","timestamp":"2025-04-29 05:07:40"}
{"context":"InstanceLoader","level":"info","message":"CommonModule dependencies initialized","timestamp":"2025-04-29 05:07:40"}
{"context":"InstanceLoader","level":"info","message":"AuthModule dependencies initialized","timestamp":"2025-04-29 05:07:40"}
{"context":"InstanceLoader","level":"info","message":"UserModule dependencies initialized","timestamp":"2025-04-29 05:07:40"}
{"context":"InstanceLoader","level":"info","message":"StoreModule dependencies initialized","timestamp":"2025-04-29 05:07:40"}
{"context":"InstanceLoader","level":"info","message":"OwnerModule dependencies initialized","timestamp":"2025-04-29 05:07:40"}
{"context":"InstanceLoader","level":"info","message":"ItemModule dependencies initialized","timestamp":"2025-04-29 05:07:40"}
{"context":"InstanceLoader","level":"info","message":"LogisticsModule dependencies initialized","timestamp":"2025-04-29 05:07:40"}
{"context":"InstanceLoader","level":"info","message":"OrderModule dependencies initialized","timestamp":"2025-04-29 05:07:40"}
{"context":"RoutesResolver","level":"info","message":"UserController {/user}:","timestamp":"2025-04-29 05:07:40"}
{"context":"RouterExplorer","level":"info","message":"Mapped {/user, POST} route","timestamp":"2025-04-29 05:07:40"}
{"context":"RouterExplorer","level":"info","message":"Mapped {/user, GET} route","timestamp":"2025-04-29 05:07:40"}
{"context":"RouterExplorer","level":"info","message":"Mapped {/user/:id, GET} route","timestamp":"2025-04-29 05:07:40"}
{"context":"RouterExplorer","level":"info","message":"Mapped {/user/:id, PATCH} route","timestamp":"2025-04-29 05:07:40"}
{"context":"RouterExplorer","level":"info","message":"Mapped {/user/:id, DELETE} route","timestamp":"2025-04-29 05:07:40"}
{"context":"RoutesResolver","level":"info","message":"AuthController {/auth}:","timestamp":"2025-04-29 05:07:40"}
{"context":"RouterExplorer","level":"info","message":"Mapped {/auth/login, POST} route","timestamp":"2025-04-29 05:07:40"}
{"context":"RouterExplorer","level":"info","message":"Mapped {/auth/token/newToken, POST} route","timestamp":"2025-04-29 05:07:40"}
{"context":"RoutesResolver","level":"info","message":"StoreController {/store}:","timestamp":"2025-04-29 05:07:40"}
{"context":"RouterExplorer","level":"info","message":"Mapped {/store, POST} route","timestamp":"2025-04-29 05:07:40"}
{"context":"RouterExplorer","level":"info","message":"Mapped {/store, GET} route","timestamp":"2025-04-29 05:07:40"}
{"context":"RouterExplorer","level":"info","message":"Mapped {/store/:id, GET} route","timestamp":"2025-04-29 05:07:40"}
{"context":"RouterExplorer","level":"info","message":"Mapped {/store/:id, PATCH} route","timestamp":"2025-04-29 05:07:40"}
{"context":"RouterExplorer","level":"info","message":"Mapped {/store/:id, DELETE} route","timestamp":"2025-04-29 05:07:40"}
{"context":"RouterExplorer","level":"info","message":"Mapped {/store/warehouse, POST} route","timestamp":"2025-04-29 05:07:40"}
{"context":"RoutesResolver","level":"info","message":"OwnerController {/owner}:","timestamp":"2025-04-29 05:07:40"}
{"context":"RouterExplorer","level":"info","message":"Mapped {/owner, POST} route","timestamp":"2025-04-29 05:07:40"}
{"context":"RouterExplorer","level":"info","message":"Mapped {/owner, GET} route","timestamp":"2025-04-29 05:07:40"}
{"context":"RouterExplorer","level":"info","message":"Mapped {/owner/:id, GET} route","timestamp":"2025-04-29 05:07:40"}
{"context":"RouterExplorer","level":"info","message":"Mapped {/owner/:id, PATCH} route","timestamp":"2025-04-29 05:07:40"}
{"context":"RouterExplorer","level":"info","message":"Mapped {/owner/:id, DELETE} route","timestamp":"2025-04-29 05:07:40"}
{"context":"RoutesResolver","level":"info","message":"ItemController {/item}:","timestamp":"2025-04-29 05:07:40"}
{"context":"RouterExplorer","level":"info","message":"Mapped {/item, POST} route","timestamp":"2025-04-29 05:07:40"}
{"context":"RouterExplorer","level":"info","message":"Mapped {/item, GET} route","timestamp":"2025-04-29 05:07:40"}
{"context":"RouterExplorer","level":"info","message":"Mapped {/item/:id, GET} route","timestamp":"2025-04-29 05:07:40"}
{"context":"RouterExplorer","level":"info","message":"Mapped {/item/:id, PATCH} route","timestamp":"2025-04-29 05:07:40"}
{"context":"RouterExplorer","level":"info","message":"Mapped {/item/:id, DELETE} route","timestamp":"2025-04-29 05:07:40"}
{"context":"RouterExplorer","level":"info","message":"Mapped {/item/logistics, POST} route","timestamp":"2025-04-29 05:07:40"}
{"context":"RoutesResolver","level":"info","message":"LogisticsController {/logistics}:","timestamp":"2025-04-29 05:07:40"}
{"context":"RouterExplorer","level":"info","message":"Mapped {/logistics, POST} route","timestamp":"2025-04-29 05:07:40"}
{"context":"RouterExplorer","level":"info","message":"Mapped {/logistics, GET} route","timestamp":"2025-04-29 05:07:40"}
{"context":"RouterExplorer","level":"info","message":"Mapped {/logistics/:id, GET} route","timestamp":"2025-04-29 05:07:40"}
{"context":"RouterExplorer","level":"info","message":"Mapped {/logistics/:id, PATCH} route","timestamp":"2025-04-29 05:07:40"}
{"context":"RouterExplorer","level":"info","message":"Mapped {/logistics/:id, DELETE} route","timestamp":"2025-04-29 05:07:40"}
{"context":"RouterExplorer","level":"info","message":"Mapped {/logistics/warehouse/:id, GET} route","timestamp":"2025-04-29 05:07:40"}
{"context":"RouterExplorer","level":"info","message":"Mapped {/logistics/warehouse/:id, POST} route","timestamp":"2025-04-29 05:07:40"}
{"context":"RoutesResolver","level":"info","message":"OrderController {/order}:","timestamp":"2025-04-29 05:07:40"}
{"context":"RouterExplorer","level":"info","message":"Mapped {/order, POST} route","timestamp":"2025-04-29 05:07:40"}
{"context":"RouterExplorer","level":"info","message":"Mapped {/order, GET} route","timestamp":"2025-04-29 05:07:40"}
{"context":"RouterExplorer","level":"info","message":"Mapped {/order/:id, GET} route","timestamp":"2025-04-29 05:07:40"}
{"context":"RouterExplorer","level":"info","message":"Mapped {/order/:id, PATCH} route","timestamp":"2025-04-29 05:07:40"}
{"context":"RouterExplorer","level":"info","message":"Mapped {/order/:id, DELETE} route","timestamp":"2025-04-29 05:07:40"}
{"context":"RouterExplorer","level":"info","message":"Mapped {/order/batch/update-status, POST} route","timestamp":"2025-04-29 05:07:40"}
{"context":"NestApplication","level":"info","message":"Nest application successfully started","timestamp":"2025-04-29 05:07:40"}
{"context":"Bootstrap","level":"info","message":"애플리케이션이 3001 포트에서 시작되었습니다","timestamp":"2025-04-29 05:07:40"}
{"context":"HttpExceptionFilter","level":"error","message":"[예외] POST /auth/login 401 - 접근 토큰 타입이 올바르지 않습니다.","timestamp":"2025-04-29 06:22:01","trace":"UnauthorizedException: 접근 토큰 타입이 올바르지 않습니다.\n    at RBACGuard.canActivate (/app/src/auth/guard/rbac.guard.ts:28:13)\n    at GuardsConsumer.tryActivate (/app/node_modules/.pnpm/@nestjs+core@10.4.17_@nestjs+common@10.4.17_class-transformer@0.5.1_class-validator@0.1_eae1b69253770746a482487d36064dac/node_modules/@nestjs/core/guards/guards-consumer.js:15:34)\n    at canActivateFn (/app/node_modules/.pnpm/@nestjs+core@10.4.17_@nestjs+common@10.4.17_class-transformer@0.5.1_class-validator@0.1_eae1b69253770746a482487d36064dac/node_modules/@nestjs/core/router/router-execution-context.js:135:59)\n    at /app/node_modules/.pnpm/@nestjs+core@10.4.17_@nestjs+common@10.4.17_class-transformer@0.5.1_class-validator@0.1_eae1b69253770746a482487d36064dac/node_modules/@nestjs/core/router/router-execution-context.js:42:37\n    at /app/node_modules/.pnpm/@nestjs+core@10.4.17_@nestjs+common@10.4.17_class-transformer@0.5.1_class-validator@0.1_eae1b69253770746a482487d36064dac/node_modules/@nestjs/core/router/router-proxy.js:9:23\n    at Layer.handle [as handle_request] (/app/node_modules/.pnpm/express@4.21.2/node_modules/express/lib/router/layer.js:95:5)\n    at next (/app/node_modules/.pnpm/express@4.21.2/node_modules/express/lib/router/route.js:149:13)\n    at Route.dispatch (/app/node_modules/.pnpm/express@4.21.2/node_modules/express/lib/router/route.js:119:3)\n    at Layer.handle [as handle_request] (/app/node_modules/.pnpm/express@4.21.2/node_modules/express/lib/router/layer.js:95:5)\n    at /app/node_modules/.pnpm/express@4.21.2/node_modules/express/lib/router/index.js:284:15"}
{"details":{"headers":{"accept":"*/*","accept-encoding":"gzip, deflate, br","authorization":"Basic YWRtaW5AYWRtaW4uY29tOmFkbWlu","cache-control":"no-cache","connection":"keep-alive","content-length":"0","host":"localhost:3001","postman-token":"83aef0dc-3e74-4348-87ab-7d4853b624a9","user-agent":"PostmanRuntime/7.43.3"},"ip":"::ffff:192.168.65.1","method":"POST","path":"/auth/login"},"event":"인증/인가 실패","level":"warn","message":"보안 이벤트","timestamp":"2025-04-29T06:22:01.716Z","userId":"admin@admin.com"}
{"context":"HttpExceptionFilter","level":"error","message":"[예외] POST /auth/login 401 - 접근 토큰 타입이 올바르지 않습니다.","timestamp":"2025-04-29 06:22:49","trace":"UnauthorizedException: 접근 토큰 타입이 올바르지 않습니다.\n    at RBACGuard.canActivate (/app/src/auth/guard/rbac.guard.ts:28:13)\n    at GuardsConsumer.tryActivate (/app/node_modules/.pnpm/@nestjs+core@10.4.17_@nestjs+common@10.4.17_class-transformer@0.5.1_class-validator@0.1_eae1b69253770746a482487d36064dac/node_modules/@nestjs/core/guards/guards-consumer.js:15:34)\n    at canActivateFn (/app/node_modules/.pnpm/@nestjs+core@10.4.17_@nestjs+common@10.4.17_class-transformer@0.5.1_class-validator@0.1_eae1b69253770746a482487d36064dac/node_modules/@nestjs/core/router/router-execution-context.js:135:59)\n    at /app/node_modules/.pnpm/@nestjs+core@10.4.17_@nestjs+common@10.4.17_class-transformer@0.5.1_class-validator@0.1_eae1b69253770746a482487d36064dac/node_modules/@nestjs/core/router/router-execution-context.js:42:37\n    at /app/node_modules/.pnpm/@nestjs+core@10.4.17_@nestjs+common@10.4.17_class-transformer@0.5.1_class-validator@0.1_eae1b69253770746a482487d36064dac/node_modules/@nestjs/core/router/router-proxy.js:9:23\n    at Layer.handle [as handle_request] (/app/node_modules/.pnpm/express@4.21.2/node_modules/express/lib/router/layer.js:95:5)\n    at next (/app/node_modules/.pnpm/express@4.21.2/node_modules/express/lib/router/route.js:149:13)\n    at Route.dispatch (/app/node_modules/.pnpm/express@4.21.2/node_modules/express/lib/router/route.js:119:3)\n    at Layer.handle [as handle_request] (/app/node_modules/.pnpm/express@4.21.2/node_modules/express/lib/router/layer.js:95:5)\n    at /app/node_modules/.pnpm/express@4.21.2/node_modules/express/lib/router/index.js:284:15"}
{"details":{"headers":{"accept":"*/*","accept-encoding":"gzip, deflate, br","authorization":"Basic YWRtaW5AYWRtaW4uY29tOmFkbWlu","cache-control":"no-cache","connection":"keep-alive","content-length":"0","host":"localhost:3001","postman-token":"b55ff38e-a9ef-4640-8f9a-94b43ac94038","user-agent":"PostmanRuntime/7.43.3"},"ip":"::ffff:192.168.65.1","method":"POST","path":"/auth/login"},"event":"인증/인가 실패","level":"warn","message":"보안 이벤트","timestamp":"2025-04-29T06:22:49.559Z","userId":"admin@admin.com"}
{"context":"NestFactory","level":"info","message":"Starting Nest application...","timestamp":"2025-04-29 06:23:38"}
{"context":"InstanceLoader","level":"info","message":"TypeOrmModule dependencies initialized","timestamp":"2025-04-29 06:23:38"}
{"context":"InstanceLoader","level":"info","message":"JwtModule dependencies initialized","timestamp":"2025-04-29 06:23:38"}
{"context":"InstanceLoader","level":"info","message":"ConfigHostModule dependencies initialized","timestamp":"2025-04-29 06:23:38"}
{"context":"InstanceLoader","level":"info","message":"DiscoveryModule dependencies initialized","timestamp":"2025-04-29 06:23:38"}
{"context":"InstanceLoader","level":"info","message":"ConfigModule dependencies initialized","timestamp":"2025-04-29 06:23:38"}
{"context":"InstanceLoader","level":"info","message":"ConfigModule dependencies initialized","timestamp":"2025-04-29 06:23:38"}
{"context":"InstanceLoader","level":"info","message":"ScheduleModule dependencies initialized","timestamp":"2025-04-29 06:23:38"}
{"context":"InstanceLoader","level":"info","message":"LoggerModule dependencies initialized","timestamp":"2025-04-29 06:23:38"}
{"context":"InstanceLoader","level":"info","message":"WinstonModule dependencies initialized","timestamp":"2025-04-29 06:23:38"}
{"context":"InstanceLoader","level":"info","message":"TypeOrmCoreModule dependencies initialized","timestamp":"2025-04-29 06:23:38"}
{"context":"InstanceLoader","level":"info","message":"TypeOrmModule dependencies initialized","timestamp":"2025-04-29 06:23:38"}
{"context":"InstanceLoader","level":"info","message":"TypeOrmModule dependencies initialized","timestamp":"2025-04-29 06:23:38"}
{"context":"InstanceLoader","level":"info","message":"TypeOrmModule dependencies initialized","timestamp":"2025-04-29 06:23:38"}
{"context":"InstanceLoader","level":"info","message":"TypeOrmModule dependencies initialized","timestamp":"2025-04-29 06:23:38"}
{"context":"InstanceLoader","level":"info","message":"TypeOrmModule dependencies initialized","timestamp":"2025-04-29 06:23:38"}
{"context":"InstanceLoader","level":"info","message":"TypeOrmModule dependencies initialized","timestamp":"2025-04-29 06:23:38"}
{"context":"InstanceLoader","level":"info","message":"TypeOrmModule dependencies initialized","timestamp":"2025-04-29 06:23:38"}
{"context":"InstanceLoader","level":"info","message":"AppModule dependencies initialized","timestamp":"2025-04-29 06:23:38"}
{"context":"InstanceLoader","level":"info","message":"CommonModule dependencies initialized","timestamp":"2025-04-29 06:23:38"}
{"context":"InstanceLoader","level":"info","message":"AuthModule dependencies initialized","timestamp":"2025-04-29 06:23:38"}
{"context":"InstanceLoader","level":"info","message":"UserModule dependencies initialized","timestamp":"2025-04-29 06:23:38"}
{"context":"InstanceLoader","level":"info","message":"StoreModule dependencies initialized","timestamp":"2025-04-29 06:23:38"}
{"context":"InstanceLoader","level":"info","message":"OwnerModule dependencies initialized","timestamp":"2025-04-29 06:23:38"}
{"context":"InstanceLoader","level":"info","message":"ItemModule dependencies initialized","timestamp":"2025-04-29 06:23:38"}
{"context":"InstanceLoader","level":"info","message":"LogisticsModule dependencies initialized","timestamp":"2025-04-29 06:23:38"}
{"context":"InstanceLoader","level":"info","message":"OrderModule dependencies initialized","timestamp":"2025-04-29 06:23:38"}
{"context":"RoutesResolver","level":"info","message":"UserController {/user}:","timestamp":"2025-04-29 06:23:38"}
{"context":"RouterExplorer","level":"info","message":"Mapped {/user, POST} route","timestamp":"2025-04-29 06:23:38"}
{"context":"RouterExplorer","level":"info","message":"Mapped {/user, GET} route","timestamp":"2025-04-29 06:23:38"}
{"context":"RouterExplorer","level":"info","message":"Mapped {/user/:id, GET} route","timestamp":"2025-04-29 06:23:38"}
{"context":"RouterExplorer","level":"info","message":"Mapped {/user/:id, PATCH} route","timestamp":"2025-04-29 06:23:38"}
{"context":"RouterExplorer","level":"info","message":"Mapped {/user/:id, DELETE} route","timestamp":"2025-04-29 06:23:38"}
{"context":"RoutesResolver","level":"info","message":"AuthController {/auth}:","timestamp":"2025-04-29 06:23:38"}
{"context":"RouterExplorer","level":"info","message":"Mapped {/auth/login, POST} route","timestamp":"2025-04-29 06:23:38"}
{"context":"RouterExplorer","level":"info","message":"Mapped {/auth/token/newToken, POST} route","timestamp":"2025-04-29 06:23:38"}
{"context":"RoutesResolver","level":"info","message":"StoreController {/store}:","timestamp":"2025-04-29 06:23:38"}
{"context":"RouterExplorer","level":"info","message":"Mapped {/store, POST} route","timestamp":"2025-04-29 06:23:38"}
{"context":"RouterExplorer","level":"info","message":"Mapped {/store, GET} route","timestamp":"2025-04-29 06:23:38"}
{"context":"RouterExplorer","level":"info","message":"Mapped {/store/:id, GET} route","timestamp":"2025-04-29 06:23:38"}
{"context":"RouterExplorer","level":"info","message":"Mapped {/store/:id, PATCH} route","timestamp":"2025-04-29 06:23:38"}
{"context":"RouterExplorer","level":"info","message":"Mapped {/store/:id, DELETE} route","timestamp":"2025-04-29 06:23:38"}
{"context":"RouterExplorer","level":"info","message":"Mapped {/store/warehouse, POST} route","timestamp":"2025-04-29 06:23:38"}
{"context":"RoutesResolver","level":"info","message":"OwnerController {/owner}:","timestamp":"2025-04-29 06:23:38"}
{"context":"RouterExplorer","level":"info","message":"Mapped {/owner, POST} route","timestamp":"2025-04-29 06:23:38"}
{"context":"RouterExplorer","level":"info","message":"Mapped {/owner, GET} route","timestamp":"2025-04-29 06:23:38"}
{"context":"RouterExplorer","level":"info","message":"Mapped {/owner/:id, GET} route","timestamp":"2025-04-29 06:23:38"}
{"context":"RouterExplorer","level":"info","message":"Mapped {/owner/:id, PATCH} route","timestamp":"2025-04-29 06:23:38"}
{"context":"RouterExplorer","level":"info","message":"Mapped {/owner/:id, DELETE} route","timestamp":"2025-04-29 06:23:38"}
{"context":"RoutesResolver","level":"info","message":"ItemController {/item}:","timestamp":"2025-04-29 06:23:38"}
{"context":"RouterExplorer","level":"info","message":"Mapped {/item, POST} route","timestamp":"2025-04-29 06:23:38"}
{"context":"RouterExplorer","level":"info","message":"Mapped {/item, GET} route","timestamp":"2025-04-29 06:23:38"}
{"context":"RouterExplorer","level":"info","message":"Mapped {/item/:id, GET} route","timestamp":"2025-04-29 06:23:38"}
{"context":"RouterExplorer","level":"info","message":"Mapped {/item/:id, PATCH} route","timestamp":"2025-04-29 06:23:38"}
{"context":"RouterExplorer","level":"info","message":"Mapped {/item/:id, DELETE} route","timestamp":"2025-04-29 06:23:38"}
{"context":"RouterExplorer","level":"info","message":"Mapped {/item/logistics, POST} route","timestamp":"2025-04-29 06:23:38"}
{"context":"RoutesResolver","level":"info","message":"LogisticsController {/logistics}:","timestamp":"2025-04-29 06:23:38"}
{"context":"RouterExplorer","level":"info","message":"Mapped {/logistics, POST} route","timestamp":"2025-04-29 06:23:38"}
{"context":"RouterExplorer","level":"info","message":"Mapped {/logistics, GET} route","timestamp":"2025-04-29 06:23:38"}
{"context":"RouterExplorer","level":"info","message":"Mapped {/logistics/:id, GET} route","timestamp":"2025-04-29 06:23:38"}
{"context":"RouterExplorer","level":"info","message":"Mapped {/logistics/:id, PATCH} route","timestamp":"2025-04-29 06:23:38"}
{"context":"RouterExplorer","level":"info","message":"Mapped {/logistics/:id, DELETE} route","timestamp":"2025-04-29 06:23:38"}
{"context":"RouterExplorer","level":"info","message":"Mapped {/logistics/warehouse/:id, GET} route","timestamp":"2025-04-29 06:23:38"}
{"context":"RouterExplorer","level":"info","message":"Mapped {/logistics/warehouse/:id, POST} route","timestamp":"2025-04-29 06:23:38"}
{"context":"RoutesResolver","level":"info","message":"OrderController {/order}:","timestamp":"2025-04-29 06:23:38"}
{"context":"RouterExplorer","level":"info","message":"Mapped {/order, POST} route","timestamp":"2025-04-29 06:23:38"}
{"context":"RouterExplorer","level":"info","message":"Mapped {/order, GET} route","timestamp":"2025-04-29 06:23:38"}
{"context":"RouterExplorer","level":"info","message":"Mapped {/order/:id, GET} route","timestamp":"2025-04-29 06:23:38"}
{"context":"RouterExplorer","level":"info","message":"Mapped {/order/:id, PATCH} route","timestamp":"2025-04-29 06:23:38"}
{"context":"RouterExplorer","level":"info","message":"Mapped {/order/:id, DELETE} route","timestamp":"2025-04-29 06:23:38"}
{"context":"RouterExplorer","level":"info","message":"Mapped {/order/batch/update-status, POST} route","timestamp":"2025-04-29 06:23:38"}
{"context":"NestApplication","level":"info","message":"Nest application successfully started","timestamp":"2025-04-29 06:23:38"}
{"context":"Bootstrap","level":"info","message":"애플리케이션이 3001 포트에서 시작되었습니다","timestamp":"2025-04-29 06:23:38"}
{"context":"NestFactory","level":"info","message":"Starting Nest application...","timestamp":"2025-04-29 06:24:07"}
{"context":"InstanceLoader","level":"info","message":"TypeOrmModule dependencies initialized","timestamp":"2025-04-29 06:24:07"}
{"context":"InstanceLoader","level":"info","message":"JwtModule dependencies initialized","timestamp":"2025-04-29 06:24:07"}
{"context":"InstanceLoader","level":"info","message":"ConfigHostModule dependencies initialized","timestamp":"2025-04-29 06:24:07"}
{"context":"InstanceLoader","level":"info","message":"DiscoveryModule dependencies initialized","timestamp":"2025-04-29 06:24:07"}
{"context":"InstanceLoader","level":"info","message":"ConfigModule dependencies initialized","timestamp":"2025-04-29 06:24:07"}
{"context":"InstanceLoader","level":"info","message":"ConfigModule dependencies initialized","timestamp":"2025-04-29 06:24:07"}
{"context":"InstanceLoader","level":"info","message":"ScheduleModule dependencies initialized","timestamp":"2025-04-29 06:24:07"}
{"context":"InstanceLoader","level":"info","message":"LoggerModule dependencies initialized","timestamp":"2025-04-29 06:24:07"}
{"context":"InstanceLoader","level":"info","message":"WinstonModule dependencies initialized","timestamp":"2025-04-29 06:24:07"}
{"context":"InstanceLoader","level":"info","message":"TypeOrmCoreModule dependencies initialized","timestamp":"2025-04-29 06:24:07"}
{"context":"InstanceLoader","level":"info","message":"TypeOrmModule dependencies initialized","timestamp":"2025-04-29 06:24:07"}
{"context":"InstanceLoader","level":"info","message":"TypeOrmModule dependencies initialized","timestamp":"2025-04-29 06:24:07"}
{"context":"InstanceLoader","level":"info","message":"TypeOrmModule dependencies initialized","timestamp":"2025-04-29 06:24:07"}
{"context":"InstanceLoader","level":"info","message":"TypeOrmModule dependencies initialized","timestamp":"2025-04-29 06:24:07"}
{"context":"InstanceLoader","level":"info","message":"TypeOrmModule dependencies initialized","timestamp":"2025-04-29 06:24:07"}
{"context":"InstanceLoader","level":"info","message":"TypeOrmModule dependencies initialized","timestamp":"2025-04-29 06:24:07"}
{"context":"InstanceLoader","level":"info","message":"TypeOrmModule dependencies initialized","timestamp":"2025-04-29 06:24:07"}
{"context":"InstanceLoader","level":"info","message":"AppModule dependencies initialized","timestamp":"2025-04-29 06:24:07"}
{"context":"InstanceLoader","level":"info","message":"CommonModule dependencies initialized","timestamp":"2025-04-29 06:24:07"}
{"context":"InstanceLoader","level":"info","message":"AuthModule dependencies initialized","timestamp":"2025-04-29 06:24:07"}
{"context":"InstanceLoader","level":"info","message":"UserModule dependencies initialized","timestamp":"2025-04-29 06:24:07"}
{"context":"InstanceLoader","level":"info","message":"StoreModule dependencies initialized","timestamp":"2025-04-29 06:24:07"}
{"context":"InstanceLoader","level":"info","message":"OwnerModule dependencies initialized","timestamp":"2025-04-29 06:24:07"}
{"context":"InstanceLoader","level":"info","message":"ItemModule dependencies initialized","timestamp":"2025-04-29 06:24:07"}
{"context":"InstanceLoader","level":"info","message":"LogisticsModule dependencies initialized","timestamp":"2025-04-29 06:24:07"}
{"context":"InstanceLoader","level":"info","message":"OrderModule dependencies initialized","timestamp":"2025-04-29 06:24:07"}
{"context":"RoutesResolver","level":"info","message":"UserController {/user}:","timestamp":"2025-04-29 06:24:07"}
{"context":"RouterExplorer","level":"info","message":"Mapped {/user, POST} route","timestamp":"2025-04-29 06:24:07"}
{"context":"RouterExplorer","level":"info","message":"Mapped {/user, GET} route","timestamp":"2025-04-29 06:24:07"}
{"context":"RouterExplorer","level":"info","message":"Mapped {/user/:id, GET} route","timestamp":"2025-04-29 06:24:07"}
{"context":"RouterExplorer","level":"info","message":"Mapped {/user/:id, PATCH} route","timestamp":"2025-04-29 06:24:07"}
{"context":"RouterExplorer","level":"info","message":"Mapped {/user/:id, DELETE} route","timestamp":"2025-04-29 06:24:07"}
{"context":"RoutesResolver","level":"info","message":"AuthController {/auth}:","timestamp":"2025-04-29 06:24:07"}
{"context":"RouterExplorer","level":"info","message":"Mapped {/auth/login, POST} route","timestamp":"2025-04-29 06:24:07"}
{"context":"RouterExplorer","level":"info","message":"Mapped {/auth/token/newToken, POST} route","timestamp":"2025-04-29 06:24:07"}
{"context":"RoutesResolver","level":"info","message":"StoreController {/store}:","timestamp":"2025-04-29 06:24:07"}
{"context":"RouterExplorer","level":"info","message":"Mapped {/store, POST} route","timestamp":"2025-04-29 06:24:07"}
{"context":"RouterExplorer","level":"info","message":"Mapped {/store, GET} route","timestamp":"2025-04-29 06:24:07"}
{"context":"RouterExplorer","level":"info","message":"Mapped {/store/:id, GET} route","timestamp":"2025-04-29 06:24:07"}
{"context":"RouterExplorer","level":"info","message":"Mapped {/store/:id, PATCH} route","timestamp":"2025-04-29 06:24:07"}
{"context":"RouterExplorer","level":"info","message":"Mapped {/store/:id, DELETE} route","timestamp":"2025-04-29 06:24:07"}
{"context":"RouterExplorer","level":"info","message":"Mapped {/store/warehouse, POST} route","timestamp":"2025-04-29 06:24:07"}
{"context":"RoutesResolver","level":"info","message":"OwnerController {/owner}:","timestamp":"2025-04-29 06:24:07"}
{"context":"RouterExplorer","level":"info","message":"Mapped {/owner, POST} route","timestamp":"2025-04-29 06:24:07"}
{"context":"RouterExplorer","level":"info","message":"Mapped {/owner, GET} route","timestamp":"2025-04-29 06:24:07"}
{"context":"RouterExplorer","level":"info","message":"Mapped {/owner/:id, GET} route","timestamp":"2025-04-29 06:24:07"}
{"context":"RouterExplorer","level":"info","message":"Mapped {/owner/:id, PATCH} route","timestamp":"2025-04-29 06:24:07"}
{"context":"RouterExplorer","level":"info","message":"Mapped {/owner/:id, DELETE} route","timestamp":"2025-04-29 06:24:07"}
{"context":"RoutesResolver","level":"info","message":"ItemController {/item}:","timestamp":"2025-04-29 06:24:07"}
{"context":"RouterExplorer","level":"info","message":"Mapped {/item, POST} route","timestamp":"2025-04-29 06:24:07"}
{"context":"RouterExplorer","level":"info","message":"Mapped {/item, GET} route","timestamp":"2025-04-29 06:24:07"}
{"context":"RouterExplorer","level":"info","message":"Mapped {/item/:id, GET} route","timestamp":"2025-04-29 06:24:07"}
{"context":"RouterExplorer","level":"info","message":"Mapped {/item/:id, PATCH} route","timestamp":"2025-04-29 06:24:07"}
{"context":"RouterExplorer","level":"info","message":"Mapped {/item/:id, DELETE} route","timestamp":"2025-04-29 06:24:07"}
{"context":"RouterExplorer","level":"info","message":"Mapped {/item/logistics, POST} route","timestamp":"2025-04-29 06:24:07"}
{"context":"RoutesResolver","level":"info","message":"LogisticsController {/logistics}:","timestamp":"2025-04-29 06:24:07"}
{"context":"RouterExplorer","level":"info","message":"Mapped {/logistics, POST} route","timestamp":"2025-04-29 06:24:07"}
{"context":"RouterExplorer","level":"info","message":"Mapped {/logistics, GET} route","timestamp":"2025-04-29 06:24:07"}
{"context":"RouterExplorer","level":"info","message":"Mapped {/logistics/:id, GET} route","timestamp":"2025-04-29 06:24:07"}
{"context":"RouterExplorer","level":"info","message":"Mapped {/logistics/:id, PATCH} route","timestamp":"2025-04-29 06:24:07"}
{"context":"RouterExplorer","level":"info","message":"Mapped {/logistics/:id, DELETE} route","timestamp":"2025-04-29 06:24:07"}
{"context":"RouterExplorer","level":"info","message":"Mapped {/logistics/warehouse/:id, GET} route","timestamp":"2025-04-29 06:24:07"}
{"context":"RouterExplorer","level":"info","message":"Mapped {/logistics/warehouse/:id, POST} route","timestamp":"2025-04-29 06:24:07"}
{"context":"RoutesResolver","level":"info","message":"OrderController {/order}:","timestamp":"2025-04-29 06:24:07"}
{"context":"RouterExplorer","level":"info","message":"Mapped {/order, POST} route","timestamp":"2025-04-29 06:24:07"}
{"context":"RouterExplorer","level":"info","message":"Mapped {/order, GET} route","timestamp":"2025-04-29 06:24:07"}
{"context":"RouterExplorer","level":"info","message":"Mapped {/order/:id, GET} route","timestamp":"2025-04-29 06:24:07"}
{"context":"RouterExplorer","level":"info","message":"Mapped {/order/:id, PATCH} route","timestamp":"2025-04-29 06:24:07"}
{"context":"RouterExplorer","level":"info","message":"Mapped {/order/:id, DELETE} route","timestamp":"2025-04-29 06:24:07"}
{"context":"RouterExplorer","level":"info","message":"Mapped {/order/batch/update-status, POST} route","timestamp":"2025-04-29 06:24:07"}
{"context":"NestApplication","level":"info","message":"Nest application successfully started","timestamp":"2025-04-29 06:24:07"}
{"context":"Bootstrap","level":"info","message":"애플리케이션이 3001 포트에서 시작되었습니다","timestamp":"2025-04-29 06:24:07"}
{"context":"NestFactory","level":"info","message":"Starting Nest application...","timestamp":"2025-04-29 06:24:58"}
{"context":"InstanceLoader","level":"info","message":"TypeOrmModule dependencies initialized","timestamp":"2025-04-29 06:24:58"}
{"context":"InstanceLoader","level":"info","message":"JwtModule dependencies initialized","timestamp":"2025-04-29 06:24:58"}
{"context":"InstanceLoader","level":"info","message":"ConfigHostModule dependencies initialized","timestamp":"2025-04-29 06:24:58"}
{"context":"InstanceLoader","level":"info","message":"DiscoveryModule dependencies initialized","timestamp":"2025-04-29 06:24:58"}
{"context":"InstanceLoader","level":"info","message":"ConfigModule dependencies initialized","timestamp":"2025-04-29 06:24:58"}
{"context":"InstanceLoader","level":"info","message":"ConfigModule dependencies initialized","timestamp":"2025-04-29 06:24:58"}
{"context":"InstanceLoader","level":"info","message":"ScheduleModule dependencies initialized","timestamp":"2025-04-29 06:24:58"}
{"context":"InstanceLoader","level":"info","message":"LoggerModule dependencies initialized","timestamp":"2025-04-29 06:24:58"}
{"context":"InstanceLoader","level":"info","message":"WinstonModule dependencies initialized","timestamp":"2025-04-29 06:24:58"}
{"context":"InstanceLoader","level":"info","message":"TypeOrmCoreModule dependencies initialized","timestamp":"2025-04-29 06:24:58"}
{"context":"InstanceLoader","level":"info","message":"TypeOrmModule dependencies initialized","timestamp":"2025-04-29 06:24:58"}
{"context":"InstanceLoader","level":"info","message":"TypeOrmModule dependencies initialized","timestamp":"2025-04-29 06:24:58"}
{"context":"InstanceLoader","level":"info","message":"TypeOrmModule dependencies initialized","timestamp":"2025-04-29 06:24:58"}
{"context":"InstanceLoader","level":"info","message":"TypeOrmModule dependencies initialized","timestamp":"2025-04-29 06:24:58"}
{"context":"InstanceLoader","level":"info","message":"TypeOrmModule dependencies initialized","timestamp":"2025-04-29 06:24:58"}
{"context":"InstanceLoader","level":"info","message":"TypeOrmModule dependencies initialized","timestamp":"2025-04-29 06:24:58"}
{"context":"InstanceLoader","level":"info","message":"TypeOrmModule dependencies initialized","timestamp":"2025-04-29 06:24:58"}
{"context":"InstanceLoader","level":"info","message":"AppModule dependencies initialized","timestamp":"2025-04-29 06:24:58"}
{"context":"InstanceLoader","level":"info","message":"CommonModule dependencies initialized","timestamp":"2025-04-29 06:24:58"}
{"context":"InstanceLoader","level":"info","message":"AuthModule dependencies initialized","timestamp":"2025-04-29 06:24:58"}
{"context":"InstanceLoader","level":"info","message":"UserModule dependencies initialized","timestamp":"2025-04-29 06:24:58"}
{"context":"InstanceLoader","level":"info","message":"StoreModule dependencies initialized","timestamp":"2025-04-29 06:24:58"}
{"context":"InstanceLoader","level":"info","message":"OwnerModule dependencies initialized","timestamp":"2025-04-29 06:24:58"}
{"context":"InstanceLoader","level":"info","message":"ItemModule dependencies initialized","timestamp":"2025-04-29 06:24:58"}
{"context":"InstanceLoader","level":"info","message":"LogisticsModule dependencies initialized","timestamp":"2025-04-29 06:24:58"}
{"context":"InstanceLoader","level":"info","message":"OrderModule dependencies initialized","timestamp":"2025-04-29 06:24:58"}
{"context":"RoutesResolver","level":"info","message":"UserController {/user}:","timestamp":"2025-04-29 06:24:58"}
{"context":"RouterExplorer","level":"info","message":"Mapped {/user, POST} route","timestamp":"2025-04-29 06:24:58"}
{"context":"RouterExplorer","level":"info","message":"Mapped {/user, GET} route","timestamp":"2025-04-29 06:24:58"}
{"context":"RouterExplorer","level":"info","message":"Mapped {/user/:id, GET} route","timestamp":"2025-04-29 06:24:58"}
{"context":"RouterExplorer","level":"info","message":"Mapped {/user/:id, PATCH} route","timestamp":"2025-04-29 06:24:58"}
{"context":"RouterExplorer","level":"info","message":"Mapped {/user/:id, DELETE} route","timestamp":"2025-04-29 06:24:58"}
{"context":"RoutesResolver","level":"info","message":"AuthController {/auth}:","timestamp":"2025-04-29 06:24:58"}
{"context":"RouterExplorer","level":"info","message":"Mapped {/auth/login, POST} route","timestamp":"2025-04-29 06:24:58"}
{"context":"RouterExplorer","level":"info","message":"Mapped {/auth/token/newToken, POST} route","timestamp":"2025-04-29 06:24:58"}
{"context":"RoutesResolver","level":"info","message":"StoreController {/store}:","timestamp":"2025-04-29 06:24:58"}
{"context":"RouterExplorer","level":"info","message":"Mapped {/store, POST} route","timestamp":"2025-04-29 06:24:58"}
{"context":"RouterExplorer","level":"info","message":"Mapped {/store, GET} route","timestamp":"2025-04-29 06:24:58"}
{"context":"RouterExplorer","level":"info","message":"Mapped {/store/:id, GET} route","timestamp":"2025-04-29 06:24:58"}
{"context":"RouterExplorer","level":"info","message":"Mapped {/store/:id, PATCH} route","timestamp":"2025-04-29 06:24:58"}
{"context":"RouterExplorer","level":"info","message":"Mapped {/store/:id, DELETE} route","timestamp":"2025-04-29 06:24:58"}
{"context":"RouterExplorer","level":"info","message":"Mapped {/store/warehouse, POST} route","timestamp":"2025-04-29 06:24:58"}
{"context":"RoutesResolver","level":"info","message":"OwnerController {/owner}:","timestamp":"2025-04-29 06:24:58"}
{"context":"RouterExplorer","level":"info","message":"Mapped {/owner, POST} route","timestamp":"2025-04-29 06:24:58"}
{"context":"RouterExplorer","level":"info","message":"Mapped {/owner, GET} route","timestamp":"2025-04-29 06:24:58"}
{"context":"RouterExplorer","level":"info","message":"Mapped {/owner/:id, GET} route","timestamp":"2025-04-29 06:24:58"}
{"context":"RouterExplorer","level":"info","message":"Mapped {/owner/:id, PATCH} route","timestamp":"2025-04-29 06:24:58"}
{"context":"RouterExplorer","level":"info","message":"Mapped {/owner/:id, DELETE} route","timestamp":"2025-04-29 06:24:58"}
{"context":"RoutesResolver","level":"info","message":"ItemController {/item}:","timestamp":"2025-04-29 06:24:58"}
{"context":"RouterExplorer","level":"info","message":"Mapped {/item, POST} route","timestamp":"2025-04-29 06:24:58"}
{"context":"RouterExplorer","level":"info","message":"Mapped {/item, GET} route","timestamp":"2025-04-29 06:24:58"}
{"context":"RouterExplorer","level":"info","message":"Mapped {/item/:id, GET} route","timestamp":"2025-04-29 06:24:58"}
{"context":"RouterExplorer","level":"info","message":"Mapped {/item/:id, PATCH} route","timestamp":"2025-04-29 06:24:58"}
{"context":"RouterExplorer","level":"info","message":"Mapped {/item/:id, DELETE} route","timestamp":"2025-04-29 06:24:58"}
{"context":"RouterExplorer","level":"info","message":"Mapped {/item/logistics, POST} route","timestamp":"2025-04-29 06:24:58"}
{"context":"RoutesResolver","level":"info","message":"LogisticsController {/logistics}:","timestamp":"2025-04-29 06:24:58"}
{"context":"RouterExplorer","level":"info","message":"Mapped {/logistics, POST} route","timestamp":"2025-04-29 06:24:58"}
{"context":"RouterExplorer","level":"info","message":"Mapped {/logistics, GET} route","timestamp":"2025-04-29 06:24:58"}
{"context":"RouterExplorer","level":"info","message":"Mapped {/logistics/:id, GET} route","timestamp":"2025-04-29 06:24:58"}
{"context":"RouterExplorer","level":"info","message":"Mapped {/logistics/:id, PATCH} route","timestamp":"2025-04-29 06:24:58"}
{"context":"RouterExplorer","level":"info","message":"Mapped {/logistics/:id, DELETE} route","timestamp":"2025-04-29 06:24:58"}
{"context":"RouterExplorer","level":"info","message":"Mapped {/logistics/warehouse/:id, GET} route","timestamp":"2025-04-29 06:24:58"}
{"context":"RouterExplorer","level":"info","message":"Mapped {/logistics/warehouse/:id, POST} route","timestamp":"2025-04-29 06:24:58"}
{"context":"RoutesResolver","level":"info","message":"OrderController {/order}:","timestamp":"2025-04-29 06:24:58"}
{"context":"RouterExplorer","level":"info","message":"Mapped {/order, POST} route","timestamp":"2025-04-29 06:24:58"}
{"context":"RouterExplorer","level":"info","message":"Mapped {/order, GET} route","timestamp":"2025-04-29 06:24:58"}
{"context":"RouterExplorer","level":"info","message":"Mapped {/order/:id, GET} route","timestamp":"2025-04-29 06:24:58"}
{"context":"RouterExplorer","level":"info","message":"Mapped {/order/:id, PATCH} route","timestamp":"2025-04-29 06:24:58"}
{"context":"RouterExplorer","level":"info","message":"Mapped {/order/:id, DELETE} route","timestamp":"2025-04-29 06:24:58"}
{"context":"RouterExplorer","level":"info","message":"Mapped {/order/batch/update-status, POST} route","timestamp":"2025-04-29 06:24:58"}
{"context":"NestApplication","level":"info","message":"Nest application successfully started","timestamp":"2025-04-29 06:24:58"}
{"context":"Bootstrap","level":"info","message":"애플리케이션이 3001 포트에서 시작되었습니다","timestamp":"2025-04-29 06:24:58"}
{"context":"NestFactory","level":"info","message":"Starting Nest application...","timestamp":"2025-04-29 06:25:07"}
{"context":"InstanceLoader","level":"info","message":"TypeOrmModule dependencies initialized","timestamp":"2025-04-29 06:25:07"}
{"context":"InstanceLoader","level":"info","message":"JwtModule dependencies initialized","timestamp":"2025-04-29 06:25:07"}
{"context":"InstanceLoader","level":"info","message":"ConfigHostModule dependencies initialized","timestamp":"2025-04-29 06:25:07"}
{"context":"InstanceLoader","level":"info","message":"DiscoveryModule dependencies initialized","timestamp":"2025-04-29 06:25:07"}
{"context":"InstanceLoader","level":"info","message":"ConfigModule dependencies initialized","timestamp":"2025-04-29 06:25:07"}
{"context":"InstanceLoader","level":"info","message":"ConfigModule dependencies initialized","timestamp":"2025-04-29 06:25:07"}
{"context":"InstanceLoader","level":"info","message":"ScheduleModule dependencies initialized","timestamp":"2025-04-29 06:25:07"}
{"context":"InstanceLoader","level":"info","message":"LoggerModule dependencies initialized","timestamp":"2025-04-29 06:25:07"}
{"context":"InstanceLoader","level":"info","message":"WinstonModule dependencies initialized","timestamp":"2025-04-29 06:25:07"}
{"context":"InstanceLoader","level":"info","message":"TypeOrmCoreModule dependencies initialized","timestamp":"2025-04-29 06:25:07"}
{"context":"InstanceLoader","level":"info","message":"TypeOrmModule dependencies initialized","timestamp":"2025-04-29 06:25:07"}
{"context":"InstanceLoader","level":"info","message":"TypeOrmModule dependencies initialized","timestamp":"2025-04-29 06:25:07"}
{"context":"InstanceLoader","level":"info","message":"TypeOrmModule dependencies initialized","timestamp":"2025-04-29 06:25:07"}
{"context":"InstanceLoader","level":"info","message":"TypeOrmModule dependencies initialized","timestamp":"2025-04-29 06:25:07"}
{"context":"InstanceLoader","level":"info","message":"TypeOrmModule dependencies initialized","timestamp":"2025-04-29 06:25:07"}
{"context":"InstanceLoader","level":"info","message":"TypeOrmModule dependencies initialized","timestamp":"2025-04-29 06:25:07"}
{"context":"InstanceLoader","level":"info","message":"TypeOrmModule dependencies initialized","timestamp":"2025-04-29 06:25:07"}
{"context":"InstanceLoader","level":"info","message":"AppModule dependencies initialized","timestamp":"2025-04-29 06:25:07"}
{"context":"InstanceLoader","level":"info","message":"CommonModule dependencies initialized","timestamp":"2025-04-29 06:25:07"}
{"context":"InstanceLoader","level":"info","message":"AuthModule dependencies initialized","timestamp":"2025-04-29 06:25:07"}
{"context":"InstanceLoader","level":"info","message":"UserModule dependencies initialized","timestamp":"2025-04-29 06:25:07"}
{"context":"InstanceLoader","level":"info","message":"StoreModule dependencies initialized","timestamp":"2025-04-29 06:25:07"}
{"context":"InstanceLoader","level":"info","message":"OwnerModule dependencies initialized","timestamp":"2025-04-29 06:25:07"}
{"context":"InstanceLoader","level":"info","message":"ItemModule dependencies initialized","timestamp":"2025-04-29 06:25:07"}
{"context":"InstanceLoader","level":"info","message":"LogisticsModule dependencies initialized","timestamp":"2025-04-29 06:25:07"}
{"context":"InstanceLoader","level":"info","message":"OrderModule dependencies initialized","timestamp":"2025-04-29 06:25:07"}
{"context":"RoutesResolver","level":"info","message":"UserController {/user}:","timestamp":"2025-04-29 06:25:07"}
{"context":"RouterExplorer","level":"info","message":"Mapped {/user, POST} route","timestamp":"2025-04-29 06:25:07"}
{"context":"RouterExplorer","level":"info","message":"Mapped {/user, GET} route","timestamp":"2025-04-29 06:25:07"}
{"context":"RouterExplorer","level":"info","message":"Mapped {/user/:id, GET} route","timestamp":"2025-04-29 06:25:07"}
{"context":"RouterExplorer","level":"info","message":"Mapped {/user/:id, PATCH} route","timestamp":"2025-04-29 06:25:07"}
{"context":"RouterExplorer","level":"info","message":"Mapped {/user/:id, DELETE} route","timestamp":"2025-04-29 06:25:07"}
{"context":"RoutesResolver","level":"info","message":"AuthController {/auth}:","timestamp":"2025-04-29 06:25:07"}
{"context":"RouterExplorer","level":"info","message":"Mapped {/auth/login, POST} route","timestamp":"2025-04-29 06:25:07"}
{"context":"RouterExplorer","level":"info","message":"Mapped {/auth/token/newToken, POST} route","timestamp":"2025-04-29 06:25:07"}
{"context":"RoutesResolver","level":"info","message":"StoreController {/store}:","timestamp":"2025-04-29 06:25:07"}
{"context":"RouterExplorer","level":"info","message":"Mapped {/store, POST} route","timestamp":"2025-04-29 06:25:07"}
{"context":"RouterExplorer","level":"info","message":"Mapped {/store, GET} route","timestamp":"2025-04-29 06:25:07"}
{"context":"RouterExplorer","level":"info","message":"Mapped {/store/:id, GET} route","timestamp":"2025-04-29 06:25:07"}
{"context":"RouterExplorer","level":"info","message":"Mapped {/store/:id, PATCH} route","timestamp":"2025-04-29 06:25:07"}
{"context":"RouterExplorer","level":"info","message":"Mapped {/store/:id, DELETE} route","timestamp":"2025-04-29 06:25:07"}
{"context":"RouterExplorer","level":"info","message":"Mapped {/store/warehouse, POST} route","timestamp":"2025-04-29 06:25:07"}
{"context":"RoutesResolver","level":"info","message":"OwnerController {/owner}:","timestamp":"2025-04-29 06:25:07"}
{"context":"RouterExplorer","level":"info","message":"Mapped {/owner, POST} route","timestamp":"2025-04-29 06:25:07"}
{"context":"RouterExplorer","level":"info","message":"Mapped {/owner, GET} route","timestamp":"2025-04-29 06:25:07"}
{"context":"RouterExplorer","level":"info","message":"Mapped {/owner/:id, GET} route","timestamp":"2025-04-29 06:25:07"}
{"context":"RouterExplorer","level":"info","message":"Mapped {/owner/:id, PATCH} route","timestamp":"2025-04-29 06:25:07"}
{"context":"RouterExplorer","level":"info","message":"Mapped {/owner/:id, DELETE} route","timestamp":"2025-04-29 06:25:07"}
{"context":"RoutesResolver","level":"info","message":"ItemController {/item}:","timestamp":"2025-04-29 06:25:07"}
{"context":"RouterExplorer","level":"info","message":"Mapped {/item, POST} route","timestamp":"2025-04-29 06:25:07"}
{"context":"RouterExplorer","level":"info","message":"Mapped {/item, GET} route","timestamp":"2025-04-29 06:25:07"}
{"context":"RouterExplorer","level":"info","message":"Mapped {/item/:id, GET} route","timestamp":"2025-04-29 06:25:07"}
{"context":"RouterExplorer","level":"info","message":"Mapped {/item/:id, PATCH} route","timestamp":"2025-04-29 06:25:07"}
{"context":"RouterExplorer","level":"info","message":"Mapped {/item/:id, DELETE} route","timestamp":"2025-04-29 06:25:07"}
{"context":"RouterExplorer","level":"info","message":"Mapped {/item/logistics, POST} route","timestamp":"2025-04-29 06:25:07"}
{"context":"RoutesResolver","level":"info","message":"LogisticsController {/logistics}:","timestamp":"2025-04-29 06:25:07"}
{"context":"RouterExplorer","level":"info","message":"Mapped {/logistics, POST} route","timestamp":"2025-04-29 06:25:07"}
{"context":"RouterExplorer","level":"info","message":"Mapped {/logistics, GET} route","timestamp":"2025-04-29 06:25:07"}
{"context":"RouterExplorer","level":"info","message":"Mapped {/logistics/:id, GET} route","timestamp":"2025-04-29 06:25:07"}
{"context":"RouterExplorer","level":"info","message":"Mapped {/logistics/:id, PATCH} route","timestamp":"2025-04-29 06:25:07"}
{"context":"RouterExplorer","level":"info","message":"Mapped {/logistics/:id, DELETE} route","timestamp":"2025-04-29 06:25:07"}
{"context":"RouterExplorer","level":"info","message":"Mapped {/logistics/warehouse/:id, GET} route","timestamp":"2025-04-29 06:25:07"}
{"context":"RouterExplorer","level":"info","message":"Mapped {/logistics/warehouse/:id, POST} route","timestamp":"2025-04-29 06:25:07"}
{"context":"RoutesResolver","level":"info","message":"OrderController {/order}:","timestamp":"2025-04-29 06:25:07"}
{"context":"RouterExplorer","level":"info","message":"Mapped {/order, POST} route","timestamp":"2025-04-29 06:25:07"}
{"context":"RouterExplorer","level":"info","message":"Mapped {/order, GET} route","timestamp":"2025-04-29 06:25:07"}
{"context":"RouterExplorer","level":"info","message":"Mapped {/order/:id, GET} route","timestamp":"2025-04-29 06:25:07"}
{"context":"RouterExplorer","level":"info","message":"Mapped {/order/:id, PATCH} route","timestamp":"2025-04-29 06:25:07"}
{"context":"RouterExplorer","level":"info","message":"Mapped {/order/:id, DELETE} route","timestamp":"2025-04-29 06:25:07"}
{"context":"RouterExplorer","level":"info","message":"Mapped {/order/batch/update-status, POST} route","timestamp":"2025-04-29 06:25:07"}
{"context":"NestApplication","level":"info","message":"Nest application successfully started","timestamp":"2025-04-29 06:25:07"}
{"context":"Bootstrap","level":"info","message":"애플리케이션이 3001 포트에서 시작되었습니다","timestamp":"2025-04-29 06:25:07"}
{"context":"HttpException","level":"error","message":"[예외] POST /auth/login 201 123ms - 잘못된 로그인 정보입니다.","timestamp":"2025-04-29 06:25:09","trace":"BadRequestException: 잘못된 로그인 정보입니다.\n    at AuthService.login (/app/src/auth/auth.service.ts:99:13)\n    at async AuthController.loginUser (/app/src/auth/auth.controller.ts:16:12)"}
{"level":"info","message":"API 호출","method":"POST","path":"/auth/login","responseTime":123,"statusCode":201,"timestamp":"2025-04-29 06:25:09","userId":"admin@admin.com"}
{"context":"HttpExceptionFilter","level":"error","message":"[예외] POST /auth/login 400 - 잘못된 로그인 정보입니다.","timestamp":"2025-04-29 06:25:09","trace":"BadRequestException: 잘못된 로그인 정보입니다.\n    at AuthService.login (/app/src/auth/auth.service.ts:99:13)\n    at async AuthController.loginUser (/app/src/auth/auth.controller.ts:16:12)"}
{"context":"HttpException","level":"error","message":"[예외] POST /auth/login 201 83ms - 잘못된 로그인 정보입니다.","timestamp":"2025-04-29 06:25:15","trace":"BadRequestException: 잘못된 로그인 정보입니다.\n    at AuthService.login (/app/src/auth/auth.service.ts:99:13)\n    at async AuthController.loginUser (/app/src/auth/auth.controller.ts:16:12)"}
{"level":"info","message":"API 호출","method":"POST","path":"/auth/login","responseTime":83,"statusCode":201,"timestamp":"2025-04-29 06:25:15","userId":"admin@admin.com"}
{"context":"HttpExceptionFilter","level":"error","message":"[예외] POST /auth/login 400 - 잘못된 로그인 정보입니다.","timestamp":"2025-04-29 06:25:15","trace":"BadRequestException: 잘못된 로그인 정보입니다.\n    at AuthService.login (/app/src/auth/auth.service.ts:99:13)\n    at async AuthController.loginUser (/app/src/auth/auth.controller.ts:16:12)"}
{"context":"NestFactory","level":"info","message":"Starting Nest application...","timestamp":"2025-04-29 06:25:44"}
{"context":"InstanceLoader","level":"info","message":"TypeOrmModule dependencies initialized","timestamp":"2025-04-29 06:25:44"}
{"context":"InstanceLoader","level":"info","message":"JwtModule dependencies initialized","timestamp":"2025-04-29 06:25:44"}
{"context":"InstanceLoader","level":"info","message":"ConfigHostModule dependencies initialized","timestamp":"2025-04-29 06:25:44"}
{"context":"InstanceLoader","level":"info","message":"DiscoveryModule dependencies initialized","timestamp":"2025-04-29 06:25:44"}
{"context":"InstanceLoader","level":"info","message":"ConfigModule dependencies initialized","timestamp":"2025-04-29 06:25:44"}
{"context":"InstanceLoader","level":"info","message":"ConfigModule dependencies initialized","timestamp":"2025-04-29 06:25:44"}
{"context":"InstanceLoader","level":"info","message":"ScheduleModule dependencies initialized","timestamp":"2025-04-29 06:25:44"}
{"context":"InstanceLoader","level":"info","message":"LoggerModule dependencies initialized","timestamp":"2025-04-29 06:25:44"}
{"context":"InstanceLoader","level":"info","message":"WinstonModule dependencies initialized","timestamp":"2025-04-29 06:25:44"}
{"context":"InstanceLoader","level":"info","message":"TypeOrmCoreModule dependencies initialized","timestamp":"2025-04-29 06:25:44"}
{"context":"InstanceLoader","level":"info","message":"TypeOrmModule dependencies initialized","timestamp":"2025-04-29 06:25:44"}
{"context":"InstanceLoader","level":"info","message":"TypeOrmModule dependencies initialized","timestamp":"2025-04-29 06:25:44"}
{"context":"InstanceLoader","level":"info","message":"TypeOrmModule dependencies initialized","timestamp":"2025-04-29 06:25:44"}
{"context":"InstanceLoader","level":"info","message":"TypeOrmModule dependencies initialized","timestamp":"2025-04-29 06:25:44"}
{"context":"InstanceLoader","level":"info","message":"TypeOrmModule dependencies initialized","timestamp":"2025-04-29 06:25:44"}
{"context":"InstanceLoader","level":"info","message":"TypeOrmModule dependencies initialized","timestamp":"2025-04-29 06:25:44"}
{"context":"InstanceLoader","level":"info","message":"TypeOrmModule dependencies initialized","timestamp":"2025-04-29 06:25:44"}
{"context":"InstanceLoader","level":"info","message":"AppModule dependencies initialized","timestamp":"2025-04-29 06:25:44"}
{"context":"InstanceLoader","level":"info","message":"CommonModule dependencies initialized","timestamp":"2025-04-29 06:25:44"}
{"context":"InstanceLoader","level":"info","message":"AuthModule dependencies initialized","timestamp":"2025-04-29 06:25:44"}
{"context":"InstanceLoader","level":"info","message":"UserModule dependencies initialized","timestamp":"2025-04-29 06:25:44"}
{"context":"InstanceLoader","level":"info","message":"StoreModule dependencies initialized","timestamp":"2025-04-29 06:25:44"}
{"context":"InstanceLoader","level":"info","message":"OwnerModule dependencies initialized","timestamp":"2025-04-29 06:25:44"}
{"context":"InstanceLoader","level":"info","message":"ItemModule dependencies initialized","timestamp":"2025-04-29 06:25:44"}
{"context":"InstanceLoader","level":"info","message":"LogisticsModule dependencies initialized","timestamp":"2025-04-29 06:25:44"}
{"context":"InstanceLoader","level":"info","message":"OrderModule dependencies initialized","timestamp":"2025-04-29 06:25:44"}
{"context":"RoutesResolver","level":"info","message":"UserController {/user}:","timestamp":"2025-04-29 06:25:44"}
{"context":"RouterExplorer","level":"info","message":"Mapped {/user, POST} route","timestamp":"2025-04-29 06:25:44"}
{"context":"RouterExplorer","level":"info","message":"Mapped {/user, GET} route","timestamp":"2025-04-29 06:25:44"}
{"context":"RouterExplorer","level":"info","message":"Mapped {/user/:id, GET} route","timestamp":"2025-04-29 06:25:44"}
{"context":"RouterExplorer","level":"info","message":"Mapped {/user/:id, PATCH} route","timestamp":"2025-04-29 06:25:44"}
{"context":"RouterExplorer","level":"info","message":"Mapped {/user/:id, DELETE} route","timestamp":"2025-04-29 06:25:44"}
{"context":"RoutesResolver","level":"info","message":"AuthController {/auth}:","timestamp":"2025-04-29 06:25:44"}
{"context":"RouterExplorer","level":"info","message":"Mapped {/auth/login, POST} route","timestamp":"2025-04-29 06:25:44"}
{"context":"RouterExplorer","level":"info","message":"Mapped {/auth/token/newToken, POST} route","timestamp":"2025-04-29 06:25:44"}
{"context":"RoutesResolver","level":"info","message":"StoreController {/store}:","timestamp":"2025-04-29 06:25:44"}
{"context":"RouterExplorer","level":"info","message":"Mapped {/store, POST} route","timestamp":"2025-04-29 06:25:44"}
{"context":"RouterExplorer","level":"info","message":"Mapped {/store, GET} route","timestamp":"2025-04-29 06:25:44"}
{"context":"RouterExplorer","level":"info","message":"Mapped {/store/:id, GET} route","timestamp":"2025-04-29 06:25:44"}
{"context":"RouterExplorer","level":"info","message":"Mapped {/store/:id, PATCH} route","timestamp":"2025-04-29 06:25:44"}
{"context":"RouterExplorer","level":"info","message":"Mapped {/store/:id, DELETE} route","timestamp":"2025-04-29 06:25:44"}
{"context":"RouterExplorer","level":"info","message":"Mapped {/store/warehouse, POST} route","timestamp":"2025-04-29 06:25:44"}
{"context":"RoutesResolver","level":"info","message":"OwnerController {/owner}:","timestamp":"2025-04-29 06:25:44"}
{"context":"RouterExplorer","level":"info","message":"Mapped {/owner, POST} route","timestamp":"2025-04-29 06:25:44"}
{"context":"RouterExplorer","level":"info","message":"Mapped {/owner, GET} route","timestamp":"2025-04-29 06:25:44"}
{"context":"RouterExplorer","level":"info","message":"Mapped {/owner/:id, GET} route","timestamp":"2025-04-29 06:25:44"}
{"context":"RouterExplorer","level":"info","message":"Mapped {/owner/:id, PATCH} route","timestamp":"2025-04-29 06:25:44"}
{"context":"RouterExplorer","level":"info","message":"Mapped {/owner/:id, DELETE} route","timestamp":"2025-04-29 06:25:44"}
{"context":"RoutesResolver","level":"info","message":"ItemController {/item}:","timestamp":"2025-04-29 06:25:44"}
{"context":"RouterExplorer","level":"info","message":"Mapped {/item, POST} route","timestamp":"2025-04-29 06:25:44"}
{"context":"RouterExplorer","level":"info","message":"Mapped {/item, GET} route","timestamp":"2025-04-29 06:25:44"}
{"context":"RouterExplorer","level":"info","message":"Mapped {/item/:id, GET} route","timestamp":"2025-04-29 06:25:44"}
{"context":"RouterExplorer","level":"info","message":"Mapped {/item/:id, PATCH} route","timestamp":"2025-04-29 06:25:44"}
{"context":"RouterExplorer","level":"info","message":"Mapped {/item/:id, DELETE} route","timestamp":"2025-04-29 06:25:44"}
{"context":"RouterExplorer","level":"info","message":"Mapped {/item/logistics, POST} route","timestamp":"2025-04-29 06:25:44"}
{"context":"RoutesResolver","level":"info","message":"LogisticsController {/logistics}:","timestamp":"2025-04-29 06:25:44"}
{"context":"RouterExplorer","level":"info","message":"Mapped {/logistics, POST} route","timestamp":"2025-04-29 06:25:44"}
{"context":"RouterExplorer","level":"info","message":"Mapped {/logistics, GET} route","timestamp":"2025-04-29 06:25:44"}
{"context":"RouterExplorer","level":"info","message":"Mapped {/logistics/:id, GET} route","timestamp":"2025-04-29 06:25:44"}
{"context":"RouterExplorer","level":"info","message":"Mapped {/logistics/:id, PATCH} route","timestamp":"2025-04-29 06:25:44"}
{"context":"RouterExplorer","level":"info","message":"Mapped {/logistics/:id, DELETE} route","timestamp":"2025-04-29 06:25:44"}
{"context":"RouterExplorer","level":"info","message":"Mapped {/logistics/warehouse/:id, GET} route","timestamp":"2025-04-29 06:25:44"}
{"context":"RouterExplorer","level":"info","message":"Mapped {/logistics/warehouse/:id, POST} route","timestamp":"2025-04-29 06:25:44"}
{"context":"RoutesResolver","level":"info","message":"OrderController {/order}:","timestamp":"2025-04-29 06:25:44"}
{"context":"RouterExplorer","level":"info","message":"Mapped {/order, POST} route","timestamp":"2025-04-29 06:25:44"}
{"context":"RouterExplorer","level":"info","message":"Mapped {/order, GET} route","timestamp":"2025-04-29 06:25:44"}
{"context":"RouterExplorer","level":"info","message":"Mapped {/order/:id, GET} route","timestamp":"2025-04-29 06:25:44"}
{"context":"RouterExplorer","level":"info","message":"Mapped {/order/:id, PATCH} route","timestamp":"2025-04-29 06:25:44"}
{"context":"RouterExplorer","level":"info","message":"Mapped {/order/:id, DELETE} route","timestamp":"2025-04-29 06:25:44"}
{"context":"RouterExplorer","level":"info","message":"Mapped {/order/batch/update-status, POST} route","timestamp":"2025-04-29 06:25:44"}
{"context":"NestApplication","level":"info","message":"Nest application successfully started","timestamp":"2025-04-29 06:25:44"}
{"context":"Bootstrap","level":"info","message":"애플리케이션이 3001 포트에서 시작되었습니다","timestamp":"2025-04-29 06:25:44"}
{"context":"HttpExceptionFilter","level":"error","message":"[예외] POST / 401 - Bearer 토큰 검증 실패","timestamp":"2025-04-29 06:25:58","trace":"UnauthorizedException: Bearer 토큰 검증 실패\n    at MiddlewareHost.bearerTokenValidate (/app/src/auth/middleware/tokenAuthanticator.middleware.ts:154:13)\n    at process.processTicksAndRejections (node:internal/process/task_queues:95:5)\n    at async MiddlewareHost.use (/app/src/auth/middleware/tokenAuthanticator.middleware.ts:34:31)\n    at async /app/node_modules/.pnpm/@nestjs+core@10.4.17_@nestjs+common@10.4.17_class-transformer@0.5.1_class-validator@0.1_eae1b69253770746a482487d36064dac/node_modules/@nestjs/core/router/router-proxy.js:9:17"}
{"details":{"headers":{"accept":"*/*","accept-encoding":"gzip, deflate, br","authorization":"Bearer eyJhbGciOiJIUzI1NiIsInR5cCI6IkpXVCJ9.eyJzdWIiOjEwLCJyb2xlIjoxLCJ0eXBlIjoiYWNjZXNzIiwiaWF0IjoxNzQ1ODk0NTA1LCJleHAiOjE3NDU4OTc1MDV9.eISdy6EfP-A7WM_M-51geY8-UEUrXeobEbHo-IEcwug","cache-control":"no-cache","connection":"keep-alive","content-length":"117","content-type":"application/json","host":"localhost:3001","postman-token":"32ef43c8-0fdc-4fa4-8c1d-116ec7e09117","user-agent":"PostmanRuntime/7.43.3"},"ip":"::ffff:192.168.65.1","method":"POST","path":"/"},"event":"인증/인가 실패","level":"warn","message":"보안 이벤트","timestamp":"2025-04-29T06:25:58.062Z","userId":"unknown"}
{"context":"NestFactory","level":"info","message":"Starting Nest application...","timestamp":"2025-04-29 06:26:15"}
{"context":"InstanceLoader","level":"info","message":"TypeOrmModule dependencies initialized","timestamp":"2025-04-29 06:26:15"}
{"context":"InstanceLoader","level":"info","message":"JwtModule dependencies initialized","timestamp":"2025-04-29 06:26:15"}
{"context":"InstanceLoader","level":"info","message":"ConfigHostModule dependencies initialized","timestamp":"2025-04-29 06:26:15"}
{"context":"InstanceLoader","level":"info","message":"DiscoveryModule dependencies initialized","timestamp":"2025-04-29 06:26:15"}
{"context":"InstanceLoader","level":"info","message":"ConfigModule dependencies initialized","timestamp":"2025-04-29 06:26:15"}
{"context":"InstanceLoader","level":"info","message":"ConfigModule dependencies initialized","timestamp":"2025-04-29 06:26:15"}
{"context":"InstanceLoader","level":"info","message":"ScheduleModule dependencies initialized","timestamp":"2025-04-29 06:26:15"}
{"context":"InstanceLoader","level":"info","message":"LoggerModule dependencies initialized","timestamp":"2025-04-29 06:26:15"}
{"context":"InstanceLoader","level":"info","message":"WinstonModule dependencies initialized","timestamp":"2025-04-29 06:26:15"}
{"context":"InstanceLoader","level":"info","message":"TypeOrmCoreModule dependencies initialized","timestamp":"2025-04-29 06:26:15"}
{"context":"InstanceLoader","level":"info","message":"TypeOrmModule dependencies initialized","timestamp":"2025-04-29 06:26:15"}
{"context":"InstanceLoader","level":"info","message":"TypeOrmModule dependencies initialized","timestamp":"2025-04-29 06:26:15"}
{"context":"InstanceLoader","level":"info","message":"TypeOrmModule dependencies initialized","timestamp":"2025-04-29 06:26:15"}
{"context":"InstanceLoader","level":"info","message":"TypeOrmModule dependencies initialized","timestamp":"2025-04-29 06:26:15"}
{"context":"InstanceLoader","level":"info","message":"TypeOrmModule dependencies initialized","timestamp":"2025-04-29 06:26:15"}
{"context":"InstanceLoader","level":"info","message":"TypeOrmModule dependencies initialized","timestamp":"2025-04-29 06:26:15"}
{"context":"InstanceLoader","level":"info","message":"TypeOrmModule dependencies initialized","timestamp":"2025-04-29 06:26:15"}
{"context":"InstanceLoader","level":"info","message":"AppModule dependencies initialized","timestamp":"2025-04-29 06:26:15"}
{"context":"InstanceLoader","level":"info","message":"CommonModule dependencies initialized","timestamp":"2025-04-29 06:26:15"}
{"context":"InstanceLoader","level":"info","message":"AuthModule dependencies initialized","timestamp":"2025-04-29 06:26:15"}
{"context":"InstanceLoader","level":"info","message":"UserModule dependencies initialized","timestamp":"2025-04-29 06:26:15"}
{"context":"InstanceLoader","level":"info","message":"StoreModule dependencies initialized","timestamp":"2025-04-29 06:26:15"}
{"context":"InstanceLoader","level":"info","message":"OwnerModule dependencies initialized","timestamp":"2025-04-29 06:26:15"}
{"context":"InstanceLoader","level":"info","message":"ItemModule dependencies initialized","timestamp":"2025-04-29 06:26:15"}
{"context":"InstanceLoader","level":"info","message":"LogisticsModule dependencies initialized","timestamp":"2025-04-29 06:26:15"}
{"context":"InstanceLoader","level":"info","message":"OrderModule dependencies initialized","timestamp":"2025-04-29 06:26:15"}
{"context":"RoutesResolver","level":"info","message":"UserController {/user}:","timestamp":"2025-04-29 06:26:15"}
{"context":"RouterExplorer","level":"info","message":"Mapped {/user, POST} route","timestamp":"2025-04-29 06:26:15"}
{"context":"RouterExplorer","level":"info","message":"Mapped {/user, GET} route","timestamp":"2025-04-29 06:26:15"}
{"context":"RouterExplorer","level":"info","message":"Mapped {/user/:id, GET} route","timestamp":"2025-04-29 06:26:15"}
{"context":"RouterExplorer","level":"info","message":"Mapped {/user/:id, PATCH} route","timestamp":"2025-04-29 06:26:15"}
{"context":"RouterExplorer","level":"info","message":"Mapped {/user/:id, DELETE} route","timestamp":"2025-04-29 06:26:15"}
{"context":"RoutesResolver","level":"info","message":"AuthController {/auth}:","timestamp":"2025-04-29 06:26:15"}
{"context":"RouterExplorer","level":"info","message":"Mapped {/auth/login, POST} route","timestamp":"2025-04-29 06:26:15"}
{"context":"RouterExplorer","level":"info","message":"Mapped {/auth/token/newToken, POST} route","timestamp":"2025-04-29 06:26:15"}
{"context":"RoutesResolver","level":"info","message":"StoreController {/store}:","timestamp":"2025-04-29 06:26:15"}
{"context":"RouterExplorer","level":"info","message":"Mapped {/store, POST} route","timestamp":"2025-04-29 06:26:15"}
{"context":"RouterExplorer","level":"info","message":"Mapped {/store, GET} route","timestamp":"2025-04-29 06:26:15"}
{"context":"RouterExplorer","level":"info","message":"Mapped {/store/:id, GET} route","timestamp":"2025-04-29 06:26:15"}
{"context":"RouterExplorer","level":"info","message":"Mapped {/store/:id, PATCH} route","timestamp":"2025-04-29 06:26:15"}
{"context":"RouterExplorer","level":"info","message":"Mapped {/store/:id, DELETE} route","timestamp":"2025-04-29 06:26:15"}
{"context":"RouterExplorer","level":"info","message":"Mapped {/store/warehouse, POST} route","timestamp":"2025-04-29 06:26:15"}
{"context":"RoutesResolver","level":"info","message":"OwnerController {/owner}:","timestamp":"2025-04-29 06:26:15"}
{"context":"RouterExplorer","level":"info","message":"Mapped {/owner, POST} route","timestamp":"2025-04-29 06:26:15"}
{"context":"RouterExplorer","level":"info","message":"Mapped {/owner, GET} route","timestamp":"2025-04-29 06:26:15"}
{"context":"RouterExplorer","level":"info","message":"Mapped {/owner/:id, GET} route","timestamp":"2025-04-29 06:26:15"}
{"context":"RouterExplorer","level":"info","message":"Mapped {/owner/:id, PATCH} route","timestamp":"2025-04-29 06:26:15"}
{"context":"RouterExplorer","level":"info","message":"Mapped {/owner/:id, DELETE} route","timestamp":"2025-04-29 06:26:15"}
{"context":"RoutesResolver","level":"info","message":"ItemController {/item}:","timestamp":"2025-04-29 06:26:15"}
{"context":"RouterExplorer","level":"info","message":"Mapped {/item, POST} route","timestamp":"2025-04-29 06:26:15"}
{"context":"RouterExplorer","level":"info","message":"Mapped {/item, GET} route","timestamp":"2025-04-29 06:26:15"}
{"context":"RouterExplorer","level":"info","message":"Mapped {/item/:id, GET} route","timestamp":"2025-04-29 06:26:15"}
{"context":"RouterExplorer","level":"info","message":"Mapped {/item/:id, PATCH} route","timestamp":"2025-04-29 06:26:15"}
{"context":"RouterExplorer","level":"info","message":"Mapped {/item/:id, DELETE} route","timestamp":"2025-04-29 06:26:15"}
{"context":"RouterExplorer","level":"info","message":"Mapped {/item/logistics, POST} route","timestamp":"2025-04-29 06:26:15"}
{"context":"RoutesResolver","level":"info","message":"LogisticsController {/logistics}:","timestamp":"2025-04-29 06:26:15"}
{"context":"RouterExplorer","level":"info","message":"Mapped {/logistics, POST} route","timestamp":"2025-04-29 06:26:15"}
{"context":"RouterExplorer","level":"info","message":"Mapped {/logistics, GET} route","timestamp":"2025-04-29 06:26:15"}
{"context":"RouterExplorer","level":"info","message":"Mapped {/logistics/:id, GET} route","timestamp":"2025-04-29 06:26:15"}
{"context":"RouterExplorer","level":"info","message":"Mapped {/logistics/:id, PATCH} route","timestamp":"2025-04-29 06:26:15"}
{"context":"RouterExplorer","level":"info","message":"Mapped {/logistics/:id, DELETE} route","timestamp":"2025-04-29 06:26:15"}
{"context":"RouterExplorer","level":"info","message":"Mapped {/logistics/warehouse/:id, GET} route","timestamp":"2025-04-29 06:26:15"}
{"context":"RouterExplorer","level":"info","message":"Mapped {/logistics/warehouse/:id, POST} route","timestamp":"2025-04-29 06:26:15"}
{"context":"RoutesResolver","level":"info","message":"OrderController {/order}:","timestamp":"2025-04-29 06:26:15"}
{"context":"RouterExplorer","level":"info","message":"Mapped {/order, POST} route","timestamp":"2025-04-29 06:26:15"}
{"context":"RouterExplorer","level":"info","message":"Mapped {/order, GET} route","timestamp":"2025-04-29 06:26:15"}
{"context":"RouterExplorer","level":"info","message":"Mapped {/order/:id, GET} route","timestamp":"2025-04-29 06:26:15"}
{"context":"RouterExplorer","level":"info","message":"Mapped {/order/:id, PATCH} route","timestamp":"2025-04-29 06:26:15"}
{"context":"RouterExplorer","level":"info","message":"Mapped {/order/:id, DELETE} route","timestamp":"2025-04-29 06:26:15"}
{"context":"RouterExplorer","level":"info","message":"Mapped {/order/batch/update-status, POST} route","timestamp":"2025-04-29 06:26:15"}
{"context":"NestApplication","level":"info","message":"Nest application successfully started","timestamp":"2025-04-29 06:26:15"}
{"context":"Bootstrap","level":"info","message":"애플리케이션이 3001 포트에서 시작되었습니다","timestamp":"2025-04-29 06:26:15"}
{"context":"HttpExceptionFilter","level":"error","message":"[예외] POST / 401 - Bearer 토큰 검증 실패","timestamp":"2025-04-29 06:26:16","trace":"UnauthorizedException: Bearer 토큰 검증 실패\n    at MiddlewareHost.bearerTokenValidate (/app/src/auth/middleware/tokenAuthanticator.middleware.ts:154:13)\n    at process.processTicksAndRejections (node:internal/process/task_queues:95:5)\n    at async MiddlewareHost.use (/app/src/auth/middleware/tokenAuthanticator.middleware.ts:34:31)\n    at async /app/node_modules/.pnpm/@nestjs+core@10.4.17_@nestjs+common@10.4.17_class-transformer@0.5.1_class-validator@0.1_eae1b69253770746a482487d36064dac/node_modules/@nestjs/core/router/router-proxy.js:9:17"}
{"details":{"headers":{"accept":"*/*","accept-encoding":"gzip, deflate, br","authorization":"Bearer eyJhbGciOiJIUzI1NiIsInR5cCI6IkpXVCJ9.eyJzdWIiOjEwLCJyb2xlIjoxLCJ0eXBlIjoiYWNjZXNzIiwiaWF0IjoxNzQ1ODk0NTA1LCJleHAiOjE3NDU4OTc1MDV9.eISdy6EfP-A7WM_M-51geY8-UEUrXeobEbHo-IEcwug","cache-control":"no-cache","connection":"keep-alive","content-length":"117","content-type":"application/json","host":"localhost:3001","postman-token":"2c201e21-24f8-494d-93ce-9806e1e00df1","user-agent":"PostmanRuntime/7.43.3"},"ip":"::ffff:192.168.65.1","method":"POST","path":"/"},"event":"인증/인가 실패","level":"warn","message":"보안 이벤트","timestamp":"2025-04-29T06:26:16.995Z","userId":"unknown"}
{"context":"NestFactory","level":"info","message":"Starting Nest application...","timestamp":"2025-04-29 06:26:20"}
{"context":"InstanceLoader","level":"info","message":"TypeOrmModule dependencies initialized","timestamp":"2025-04-29 06:26:20"}
{"context":"InstanceLoader","level":"info","message":"JwtModule dependencies initialized","timestamp":"2025-04-29 06:26:20"}
{"context":"InstanceLoader","level":"info","message":"ConfigHostModule dependencies initialized","timestamp":"2025-04-29 06:26:20"}
{"context":"InstanceLoader","level":"info","message":"DiscoveryModule dependencies initialized","timestamp":"2025-04-29 06:26:20"}
{"context":"InstanceLoader","level":"info","message":"ConfigModule dependencies initialized","timestamp":"2025-04-29 06:26:20"}
{"context":"InstanceLoader","level":"info","message":"ConfigModule dependencies initialized","timestamp":"2025-04-29 06:26:20"}
{"context":"InstanceLoader","level":"info","message":"ScheduleModule dependencies initialized","timestamp":"2025-04-29 06:26:20"}
{"context":"InstanceLoader","level":"info","message":"LoggerModule dependencies initialized","timestamp":"2025-04-29 06:26:20"}
{"context":"InstanceLoader","level":"info","message":"WinstonModule dependencies initialized","timestamp":"2025-04-29 06:26:20"}
{"context":"InstanceLoader","level":"info","message":"TypeOrmCoreModule dependencies initialized","timestamp":"2025-04-29 06:26:20"}
{"context":"InstanceLoader","level":"info","message":"TypeOrmModule dependencies initialized","timestamp":"2025-04-29 06:26:20"}
{"context":"InstanceLoader","level":"info","message":"TypeOrmModule dependencies initialized","timestamp":"2025-04-29 06:26:20"}
{"context":"InstanceLoader","level":"info","message":"TypeOrmModule dependencies initialized","timestamp":"2025-04-29 06:26:20"}
{"context":"InstanceLoader","level":"info","message":"TypeOrmModule dependencies initialized","timestamp":"2025-04-29 06:26:20"}
{"context":"InstanceLoader","level":"info","message":"TypeOrmModule dependencies initialized","timestamp":"2025-04-29 06:26:20"}
{"context":"InstanceLoader","level":"info","message":"TypeOrmModule dependencies initialized","timestamp":"2025-04-29 06:26:20"}
{"context":"InstanceLoader","level":"info","message":"TypeOrmModule dependencies initialized","timestamp":"2025-04-29 06:26:20"}
{"context":"InstanceLoader","level":"info","message":"AppModule dependencies initialized","timestamp":"2025-04-29 06:26:20"}
{"context":"InstanceLoader","level":"info","message":"CommonModule dependencies initialized","timestamp":"2025-04-29 06:26:20"}
{"context":"InstanceLoader","level":"info","message":"AuthModule dependencies initialized","timestamp":"2025-04-29 06:26:20"}
{"context":"InstanceLoader","level":"info","message":"UserModule dependencies initialized","timestamp":"2025-04-29 06:26:20"}
{"context":"InstanceLoader","level":"info","message":"StoreModule dependencies initialized","timestamp":"2025-04-29 06:26:20"}
{"context":"InstanceLoader","level":"info","message":"OwnerModule dependencies initialized","timestamp":"2025-04-29 06:26:20"}
{"context":"InstanceLoader","level":"info","message":"ItemModule dependencies initialized","timestamp":"2025-04-29 06:26:20"}
{"context":"InstanceLoader","level":"info","message":"LogisticsModule dependencies initialized","timestamp":"2025-04-29 06:26:20"}
{"context":"InstanceLoader","level":"info","message":"OrderModule dependencies initialized","timestamp":"2025-04-29 06:26:20"}
{"context":"RoutesResolver","level":"info","message":"UserController {/user}:","timestamp":"2025-04-29 06:26:20"}
{"context":"RouterExplorer","level":"info","message":"Mapped {/user, POST} route","timestamp":"2025-04-29 06:26:20"}
{"context":"RouterExplorer","level":"info","message":"Mapped {/user, GET} route","timestamp":"2025-04-29 06:26:20"}
{"context":"RouterExplorer","level":"info","message":"Mapped {/user/:id, GET} route","timestamp":"2025-04-29 06:26:20"}
{"context":"RouterExplorer","level":"info","message":"Mapped {/user/:id, PATCH} route","timestamp":"2025-04-29 06:26:20"}
{"context":"RouterExplorer","level":"info","message":"Mapped {/user/:id, DELETE} route","timestamp":"2025-04-29 06:26:20"}
{"context":"RoutesResolver","level":"info","message":"AuthController {/auth}:","timestamp":"2025-04-29 06:26:20"}
{"context":"RouterExplorer","level":"info","message":"Mapped {/auth/login, POST} route","timestamp":"2025-04-29 06:26:20"}
{"context":"RouterExplorer","level":"info","message":"Mapped {/auth/token/newToken, POST} route","timestamp":"2025-04-29 06:26:20"}
{"context":"RoutesResolver","level":"info","message":"StoreController {/store}:","timestamp":"2025-04-29 06:26:20"}
{"context":"RouterExplorer","level":"info","message":"Mapped {/store, POST} route","timestamp":"2025-04-29 06:26:20"}
{"context":"RouterExplorer","level":"info","message":"Mapped {/store, GET} route","timestamp":"2025-04-29 06:26:20"}
{"context":"RouterExplorer","level":"info","message":"Mapped {/store/:id, GET} route","timestamp":"2025-04-29 06:26:20"}
{"context":"RouterExplorer","level":"info","message":"Mapped {/store/:id, PATCH} route","timestamp":"2025-04-29 06:26:20"}
{"context":"RouterExplorer","level":"info","message":"Mapped {/store/:id, DELETE} route","timestamp":"2025-04-29 06:26:20"}
{"context":"RouterExplorer","level":"info","message":"Mapped {/store/warehouse, POST} route","timestamp":"2025-04-29 06:26:20"}
{"context":"RoutesResolver","level":"info","message":"OwnerController {/owner}:","timestamp":"2025-04-29 06:26:20"}
{"context":"RouterExplorer","level":"info","message":"Mapped {/owner, POST} route","timestamp":"2025-04-29 06:26:20"}
{"context":"RouterExplorer","level":"info","message":"Mapped {/owner, GET} route","timestamp":"2025-04-29 06:26:20"}
{"context":"RouterExplorer","level":"info","message":"Mapped {/owner/:id, GET} route","timestamp":"2025-04-29 06:26:20"}
{"context":"RouterExplorer","level":"info","message":"Mapped {/owner/:id, PATCH} route","timestamp":"2025-04-29 06:26:20"}
{"context":"RouterExplorer","level":"info","message":"Mapped {/owner/:id, DELETE} route","timestamp":"2025-04-29 06:26:20"}
{"context":"RoutesResolver","level":"info","message":"ItemController {/item}:","timestamp":"2025-04-29 06:26:20"}
{"context":"RouterExplorer","level":"info","message":"Mapped {/item, POST} route","timestamp":"2025-04-29 06:26:20"}
{"context":"RouterExplorer","level":"info","message":"Mapped {/item, GET} route","timestamp":"2025-04-29 06:26:20"}
{"context":"RouterExplorer","level":"info","message":"Mapped {/item/:id, GET} route","timestamp":"2025-04-29 06:26:20"}
{"context":"RouterExplorer","level":"info","message":"Mapped {/item/:id, PATCH} route","timestamp":"2025-04-29 06:26:20"}
{"context":"RouterExplorer","level":"info","message":"Mapped {/item/:id, DELETE} route","timestamp":"2025-04-29 06:26:20"}
{"context":"RouterExplorer","level":"info","message":"Mapped {/item/logistics, POST} route","timestamp":"2025-04-29 06:26:20"}
{"context":"RoutesResolver","level":"info","message":"LogisticsController {/logistics}:","timestamp":"2025-04-29 06:26:20"}
{"context":"RouterExplorer","level":"info","message":"Mapped {/logistics, POST} route","timestamp":"2025-04-29 06:26:20"}
{"context":"RouterExplorer","level":"info","message":"Mapped {/logistics, GET} route","timestamp":"2025-04-29 06:26:20"}
{"context":"RouterExplorer","level":"info","message":"Mapped {/logistics/:id, GET} route","timestamp":"2025-04-29 06:26:20"}
{"context":"RouterExplorer","level":"info","message":"Mapped {/logistics/:id, PATCH} route","timestamp":"2025-04-29 06:26:20"}
{"context":"RouterExplorer","level":"info","message":"Mapped {/logistics/:id, DELETE} route","timestamp":"2025-04-29 06:26:20"}
{"context":"RouterExplorer","level":"info","message":"Mapped {/logistics/warehouse/:id, GET} route","timestamp":"2025-04-29 06:26:20"}
{"context":"RouterExplorer","level":"info","message":"Mapped {/logistics/warehouse/:id, POST} route","timestamp":"2025-04-29 06:26:20"}
{"context":"RoutesResolver","level":"info","message":"OrderController {/order}:","timestamp":"2025-04-29 06:26:20"}
{"context":"RouterExplorer","level":"info","message":"Mapped {/order, POST} route","timestamp":"2025-04-29 06:26:20"}
{"context":"RouterExplorer","level":"info","message":"Mapped {/order, GET} route","timestamp":"2025-04-29 06:26:20"}
{"context":"RouterExplorer","level":"info","message":"Mapped {/order/:id, GET} route","timestamp":"2025-04-29 06:26:20"}
{"context":"RouterExplorer","level":"info","message":"Mapped {/order/:id, PATCH} route","timestamp":"2025-04-29 06:26:20"}
{"context":"RouterExplorer","level":"info","message":"Mapped {/order/:id, DELETE} route","timestamp":"2025-04-29 06:26:20"}
{"context":"RouterExplorer","level":"info","message":"Mapped {/order/batch/update-status, POST} route","timestamp":"2025-04-29 06:26:20"}
{"context":"NestApplication","level":"info","message":"Nest application successfully started","timestamp":"2025-04-29 06:26:20"}
{"context":"Bootstrap","level":"info","message":"애플리케이션이 3001 포트에서 시작되었습니다","timestamp":"2025-04-29 06:26:20"}
{"context":"NestFactory","level":"info","message":"Starting Nest application...","timestamp":"2025-04-29 06:26:49"}
{"context":"InstanceLoader","level":"info","message":"TypeOrmModule dependencies initialized","timestamp":"2025-04-29 06:26:49"}
{"context":"InstanceLoader","level":"info","message":"JwtModule dependencies initialized","timestamp":"2025-04-29 06:26:49"}
{"context":"InstanceLoader","level":"info","message":"ConfigHostModule dependencies initialized","timestamp":"2025-04-29 06:26:49"}
{"context":"InstanceLoader","level":"info","message":"DiscoveryModule dependencies initialized","timestamp":"2025-04-29 06:26:49"}
{"context":"InstanceLoader","level":"info","message":"ConfigModule dependencies initialized","timestamp":"2025-04-29 06:26:49"}
{"context":"InstanceLoader","level":"info","message":"ConfigModule dependencies initialized","timestamp":"2025-04-29 06:26:49"}
{"context":"InstanceLoader","level":"info","message":"ScheduleModule dependencies initialized","timestamp":"2025-04-29 06:26:49"}
{"context":"InstanceLoader","level":"info","message":"LoggerModule dependencies initialized","timestamp":"2025-04-29 06:26:49"}
{"context":"InstanceLoader","level":"info","message":"WinstonModule dependencies initialized","timestamp":"2025-04-29 06:26:49"}
{"context":"InstanceLoader","level":"info","message":"TypeOrmCoreModule dependencies initialized","timestamp":"2025-04-29 06:26:49"}
{"context":"InstanceLoader","level":"info","message":"TypeOrmModule dependencies initialized","timestamp":"2025-04-29 06:26:49"}
{"context":"InstanceLoader","level":"info","message":"TypeOrmModule dependencies initialized","timestamp":"2025-04-29 06:26:49"}
{"context":"InstanceLoader","level":"info","message":"TypeOrmModule dependencies initialized","timestamp":"2025-04-29 06:26:49"}
{"context":"InstanceLoader","level":"info","message":"TypeOrmModule dependencies initialized","timestamp":"2025-04-29 06:26:49"}
{"context":"InstanceLoader","level":"info","message":"TypeOrmModule dependencies initialized","timestamp":"2025-04-29 06:26:49"}
{"context":"InstanceLoader","level":"info","message":"TypeOrmModule dependencies initialized","timestamp":"2025-04-29 06:26:49"}
{"context":"InstanceLoader","level":"info","message":"TypeOrmModule dependencies initialized","timestamp":"2025-04-29 06:26:49"}
{"context":"InstanceLoader","level":"info","message":"AppModule dependencies initialized","timestamp":"2025-04-29 06:26:49"}
{"context":"InstanceLoader","level":"info","message":"CommonModule dependencies initialized","timestamp":"2025-04-29 06:26:49"}
{"context":"InstanceLoader","level":"info","message":"AuthModule dependencies initialized","timestamp":"2025-04-29 06:26:49"}
{"context":"InstanceLoader","level":"info","message":"UserModule dependencies initialized","timestamp":"2025-04-29 06:26:49"}
{"context":"InstanceLoader","level":"info","message":"StoreModule dependencies initialized","timestamp":"2025-04-29 06:26:49"}
{"context":"InstanceLoader","level":"info","message":"OwnerModule dependencies initialized","timestamp":"2025-04-29 06:26:49"}
{"context":"InstanceLoader","level":"info","message":"ItemModule dependencies initialized","timestamp":"2025-04-29 06:26:49"}
{"context":"InstanceLoader","level":"info","message":"LogisticsModule dependencies initialized","timestamp":"2025-04-29 06:26:49"}
{"context":"InstanceLoader","level":"info","message":"OrderModule dependencies initialized","timestamp":"2025-04-29 06:26:49"}
{"context":"RoutesResolver","level":"info","message":"UserController {/user}:","timestamp":"2025-04-29 06:26:49"}
{"context":"RouterExplorer","level":"info","message":"Mapped {/user, POST} route","timestamp":"2025-04-29 06:26:49"}
{"context":"RouterExplorer","level":"info","message":"Mapped {/user, GET} route","timestamp":"2025-04-29 06:26:49"}
{"context":"RouterExplorer","level":"info","message":"Mapped {/user/:id, GET} route","timestamp":"2025-04-29 06:26:49"}
{"context":"RouterExplorer","level":"info","message":"Mapped {/user/:id, PATCH} route","timestamp":"2025-04-29 06:26:49"}
{"context":"RouterExplorer","level":"info","message":"Mapped {/user/:id, DELETE} route","timestamp":"2025-04-29 06:26:49"}
{"context":"RoutesResolver","level":"info","message":"AuthController {/auth}:","timestamp":"2025-04-29 06:26:49"}
{"context":"RouterExplorer","level":"info","message":"Mapped {/auth/login, POST} route","timestamp":"2025-04-29 06:26:49"}
{"context":"RouterExplorer","level":"info","message":"Mapped {/auth/token/newToken, POST} route","timestamp":"2025-04-29 06:26:49"}
{"context":"RoutesResolver","level":"info","message":"StoreController {/store}:","timestamp":"2025-04-29 06:26:49"}
{"context":"RouterExplorer","level":"info","message":"Mapped {/store, POST} route","timestamp":"2025-04-29 06:26:49"}
{"context":"RouterExplorer","level":"info","message":"Mapped {/store, GET} route","timestamp":"2025-04-29 06:26:49"}
{"context":"RouterExplorer","level":"info","message":"Mapped {/store/:id, GET} route","timestamp":"2025-04-29 06:26:49"}
{"context":"RouterExplorer","level":"info","message":"Mapped {/store/:id, PATCH} route","timestamp":"2025-04-29 06:26:49"}
{"context":"RouterExplorer","level":"info","message":"Mapped {/store/:id, DELETE} route","timestamp":"2025-04-29 06:26:49"}
{"context":"RouterExplorer","level":"info","message":"Mapped {/store/warehouse, POST} route","timestamp":"2025-04-29 06:26:49"}
{"context":"RoutesResolver","level":"info","message":"OwnerController {/owner}:","timestamp":"2025-04-29 06:26:49"}
{"context":"RouterExplorer","level":"info","message":"Mapped {/owner, POST} route","timestamp":"2025-04-29 06:26:49"}
{"context":"RouterExplorer","level":"info","message":"Mapped {/owner, GET} route","timestamp":"2025-04-29 06:26:49"}
{"context":"RouterExplorer","level":"info","message":"Mapped {/owner/:id, GET} route","timestamp":"2025-04-29 06:26:49"}
{"context":"RouterExplorer","level":"info","message":"Mapped {/owner/:id, PATCH} route","timestamp":"2025-04-29 06:26:49"}
{"context":"RouterExplorer","level":"info","message":"Mapped {/owner/:id, DELETE} route","timestamp":"2025-04-29 06:26:49"}
{"context":"RoutesResolver","level":"info","message":"ItemController {/item}:","timestamp":"2025-04-29 06:26:49"}
{"context":"RouterExplorer","level":"info","message":"Mapped {/item, POST} route","timestamp":"2025-04-29 06:26:49"}
{"context":"RouterExplorer","level":"info","message":"Mapped {/item, GET} route","timestamp":"2025-04-29 06:26:49"}
{"context":"RouterExplorer","level":"info","message":"Mapped {/item/:id, GET} route","timestamp":"2025-04-29 06:26:49"}
{"context":"RouterExplorer","level":"info","message":"Mapped {/item/:id, PATCH} route","timestamp":"2025-04-29 06:26:49"}
{"context":"RouterExplorer","level":"info","message":"Mapped {/item/:id, DELETE} route","timestamp":"2025-04-29 06:26:49"}
{"context":"RouterExplorer","level":"info","message":"Mapped {/item/logistics, POST} route","timestamp":"2025-04-29 06:26:49"}
{"context":"RoutesResolver","level":"info","message":"LogisticsController {/logistics}:","timestamp":"2025-04-29 06:26:49"}
{"context":"RouterExplorer","level":"info","message":"Mapped {/logistics, POST} route","timestamp":"2025-04-29 06:26:49"}
{"context":"RouterExplorer","level":"info","message":"Mapped {/logistics, GET} route","timestamp":"2025-04-29 06:26:49"}
{"context":"RouterExplorer","level":"info","message":"Mapped {/logistics/:id, GET} route","timestamp":"2025-04-29 06:26:49"}
{"context":"RouterExplorer","level":"info","message":"Mapped {/logistics/:id, PATCH} route","timestamp":"2025-04-29 06:26:49"}
{"context":"RouterExplorer","level":"info","message":"Mapped {/logistics/:id, DELETE} route","timestamp":"2025-04-29 06:26:49"}
{"context":"RouterExplorer","level":"info","message":"Mapped {/logistics/warehouse/:id, GET} route","timestamp":"2025-04-29 06:26:49"}
{"context":"RouterExplorer","level":"info","message":"Mapped {/logistics/warehouse/:id, POST} route","timestamp":"2025-04-29 06:26:49"}
{"context":"RoutesResolver","level":"info","message":"OrderController {/order}:","timestamp":"2025-04-29 06:26:49"}
{"context":"RouterExplorer","level":"info","message":"Mapped {/order, POST} route","timestamp":"2025-04-29 06:26:49"}
{"context":"RouterExplorer","level":"info","message":"Mapped {/order, GET} route","timestamp":"2025-04-29 06:26:49"}
{"context":"RouterExplorer","level":"info","message":"Mapped {/order/:id, GET} route","timestamp":"2025-04-29 06:26:49"}
{"context":"RouterExplorer","level":"info","message":"Mapped {/order/:id, PATCH} route","timestamp":"2025-04-29 06:26:49"}
{"context":"RouterExplorer","level":"info","message":"Mapped {/order/:id, DELETE} route","timestamp":"2025-04-29 06:26:49"}
{"context":"RouterExplorer","level":"info","message":"Mapped {/order/batch/update-status, POST} route","timestamp":"2025-04-29 06:26:49"}
{"context":"NestApplication","level":"info","message":"Nest application successfully started","timestamp":"2025-04-29 06:26:49"}
{"context":"Bootstrap","level":"info","message":"애플리케이션이 3001 포트에서 시작되었습니다","timestamp":"2025-04-29 06:26:49"}
{"context":"HttpExceptionFilter","level":"error","message":"[예외] POST /user 401 - 인증이 필요합니다.","timestamp":"2025-04-29 06:26:52","trace":"UnauthorizedException: 인증이 필요합니다.\n    at RBACGuard.canActivate (/app/src/auth/guard/rbac.guard.ts:29:13)\n    at GuardsConsumer.tryActivate (/app/node_modules/.pnpm/@nestjs+core@10.4.17_@nestjs+common@10.4.17_class-transformer@0.5.1_class-validator@0.1_eae1b69253770746a482487d36064dac/node_modules/@nestjs/core/guards/guards-consumer.js:15:34)\n    at canActivateFn (/app/node_modules/.pnpm/@nestjs+core@10.4.17_@nestjs+common@10.4.17_class-transformer@0.5.1_class-validator@0.1_eae1b69253770746a482487d36064dac/node_modules/@nestjs/core/router/router-execution-context.js:135:59)\n    at /app/node_modules/.pnpm/@nestjs+core@10.4.17_@nestjs+common@10.4.17_class-transformer@0.5.1_class-validator@0.1_eae1b69253770746a482487d36064dac/node_modules/@nestjs/core/router/router-execution-context.js:42:37\n    at /app/node_modules/.pnpm/@nestjs+core@10.4.17_@nestjs+common@10.4.17_class-transformer@0.5.1_class-validator@0.1_eae1b69253770746a482487d36064dac/node_modules/@nestjs/core/router/router-proxy.js:9:23\n    at Layer.handle [as handle_request] (/app/node_modules/.pnpm/express@4.21.2/node_modules/express/lib/router/layer.js:95:5)\n    at next (/app/node_modules/.pnpm/express@4.21.2/node_modules/express/lib/router/route.js:149:13)\n    at Route.dispatch (/app/node_modules/.pnpm/express@4.21.2/node_modules/express/lib/router/route.js:119:3)\n    at Layer.handle [as handle_request] (/app/node_modules/.pnpm/express@4.21.2/node_modules/express/lib/router/layer.js:95:5)\n    at /app/node_modules/.pnpm/express@4.21.2/node_modules/express/lib/router/index.js:284:15"}
{"details":{"headers":{"accept":"*/*","accept-encoding":"gzip, deflate, br","authorization":"Bearer eyJhbGciOiJIUzI1NiIsInR5cCI6IkpXVCJ9.eyJzdWIiOjEwLCJyb2xlIjoxLCJ0eXBlIjoiYWNjZXNzIiwiaWF0IjoxNzQ1ODk0NTA1LCJleHAiOjE3NDU4OTc1MDV9.eISdy6EfP-A7WM_M-51geY8-UEUrXeobEbHo-IEcwug","cache-control":"no-cache","connection":"keep-alive","content-length":"117","content-type":"application/json","host":"localhost:3001","postman-token":"dbb1837c-377e-4c9b-838f-1088108d92d9","user-agent":"PostmanRuntime/7.43.3"},"ip":"::ffff:192.168.65.1","method":"POST","path":"/user"},"event":"인증/인가 실패","level":"warn","message":"보안 이벤트","timestamp":"2025-04-29T06:26:52.144Z","userId":"unknown"}
{"context":"NestFactory","level":"info","message":"Starting Nest application...","timestamp":"2025-04-29 06:27:33"}
{"context":"InstanceLoader","level":"info","message":"TypeOrmModule dependencies initialized","timestamp":"2025-04-29 06:27:33"}
{"context":"InstanceLoader","level":"info","message":"JwtModule dependencies initialized","timestamp":"2025-04-29 06:27:33"}
{"context":"InstanceLoader","level":"info","message":"ConfigHostModule dependencies initialized","timestamp":"2025-04-29 06:27:33"}
{"context":"InstanceLoader","level":"info","message":"DiscoveryModule dependencies initialized","timestamp":"2025-04-29 06:27:33"}
{"context":"InstanceLoader","level":"info","message":"ConfigModule dependencies initialized","timestamp":"2025-04-29 06:27:33"}
{"context":"InstanceLoader","level":"info","message":"ConfigModule dependencies initialized","timestamp":"2025-04-29 06:27:33"}
{"context":"InstanceLoader","level":"info","message":"ScheduleModule dependencies initialized","timestamp":"2025-04-29 06:27:33"}
{"context":"InstanceLoader","level":"info","message":"LoggerModule dependencies initialized","timestamp":"2025-04-29 06:27:33"}
{"context":"InstanceLoader","level":"info","message":"WinstonModule dependencies initialized","timestamp":"2025-04-29 06:27:33"}
{"context":"InstanceLoader","level":"info","message":"TypeOrmCoreModule dependencies initialized","timestamp":"2025-04-29 06:27:33"}
{"context":"InstanceLoader","level":"info","message":"TypeOrmModule dependencies initialized","timestamp":"2025-04-29 06:27:33"}
{"context":"InstanceLoader","level":"info","message":"TypeOrmModule dependencies initialized","timestamp":"2025-04-29 06:27:33"}
{"context":"InstanceLoader","level":"info","message":"TypeOrmModule dependencies initialized","timestamp":"2025-04-29 06:27:33"}
{"context":"InstanceLoader","level":"info","message":"TypeOrmModule dependencies initialized","timestamp":"2025-04-29 06:27:33"}
{"context":"InstanceLoader","level":"info","message":"TypeOrmModule dependencies initialized","timestamp":"2025-04-29 06:27:33"}
{"context":"InstanceLoader","level":"info","message":"TypeOrmModule dependencies initialized","timestamp":"2025-04-29 06:27:33"}
{"context":"InstanceLoader","level":"info","message":"TypeOrmModule dependencies initialized","timestamp":"2025-04-29 06:27:33"}
{"context":"InstanceLoader","level":"info","message":"AppModule dependencies initialized","timestamp":"2025-04-29 06:27:33"}
{"context":"InstanceLoader","level":"info","message":"CommonModule dependencies initialized","timestamp":"2025-04-29 06:27:33"}
{"context":"InstanceLoader","level":"info","message":"AuthModule dependencies initialized","timestamp":"2025-04-29 06:27:33"}
{"context":"InstanceLoader","level":"info","message":"UserModule dependencies initialized","timestamp":"2025-04-29 06:27:33"}
{"context":"InstanceLoader","level":"info","message":"StoreModule dependencies initialized","timestamp":"2025-04-29 06:27:33"}
{"context":"InstanceLoader","level":"info","message":"OwnerModule dependencies initialized","timestamp":"2025-04-29 06:27:33"}
{"context":"InstanceLoader","level":"info","message":"ItemModule dependencies initialized","timestamp":"2025-04-29 06:27:33"}
{"context":"InstanceLoader","level":"info","message":"LogisticsModule dependencies initialized","timestamp":"2025-04-29 06:27:33"}
{"context":"InstanceLoader","level":"info","message":"OrderModule dependencies initialized","timestamp":"2025-04-29 06:27:33"}
{"context":"RoutesResolver","level":"info","message":"UserController {/user}:","timestamp":"2025-04-29 06:27:33"}
{"context":"RouterExplorer","level":"info","message":"Mapped {/user, POST} route","timestamp":"2025-04-29 06:27:33"}
{"context":"RouterExplorer","level":"info","message":"Mapped {/user, GET} route","timestamp":"2025-04-29 06:27:33"}
{"context":"RouterExplorer","level":"info","message":"Mapped {/user/:id, GET} route","timestamp":"2025-04-29 06:27:33"}
{"context":"RouterExplorer","level":"info","message":"Mapped {/user/:id, PATCH} route","timestamp":"2025-04-29 06:27:33"}
{"context":"RouterExplorer","level":"info","message":"Mapped {/user/:id, DELETE} route","timestamp":"2025-04-29 06:27:33"}
{"context":"RoutesResolver","level":"info","message":"AuthController {/auth}:","timestamp":"2025-04-29 06:27:33"}
{"context":"RouterExplorer","level":"info","message":"Mapped {/auth/login, POST} route","timestamp":"2025-04-29 06:27:33"}
{"context":"RouterExplorer","level":"info","message":"Mapped {/auth/token/newToken, POST} route","timestamp":"2025-04-29 06:27:33"}
{"context":"RoutesResolver","level":"info","message":"StoreController {/store}:","timestamp":"2025-04-29 06:27:33"}
{"context":"RouterExplorer","level":"info","message":"Mapped {/store, POST} route","timestamp":"2025-04-29 06:27:33"}
{"context":"RouterExplorer","level":"info","message":"Mapped {/store, GET} route","timestamp":"2025-04-29 06:27:33"}
{"context":"RouterExplorer","level":"info","message":"Mapped {/store/:id, GET} route","timestamp":"2025-04-29 06:27:33"}
{"context":"RouterExplorer","level":"info","message":"Mapped {/store/:id, PATCH} route","timestamp":"2025-04-29 06:27:33"}
{"context":"RouterExplorer","level":"info","message":"Mapped {/store/:id, DELETE} route","timestamp":"2025-04-29 06:27:33"}
{"context":"RouterExplorer","level":"info","message":"Mapped {/store/warehouse, POST} route","timestamp":"2025-04-29 06:27:33"}
{"context":"RoutesResolver","level":"info","message":"OwnerController {/owner}:","timestamp":"2025-04-29 06:27:33"}
{"context":"RouterExplorer","level":"info","message":"Mapped {/owner, POST} route","timestamp":"2025-04-29 06:27:33"}
{"context":"RouterExplorer","level":"info","message":"Mapped {/owner, GET} route","timestamp":"2025-04-29 06:27:33"}
{"context":"RouterExplorer","level":"info","message":"Mapped {/owner/:id, GET} route","timestamp":"2025-04-29 06:27:33"}
{"context":"RouterExplorer","level":"info","message":"Mapped {/owner/:id, PATCH} route","timestamp":"2025-04-29 06:27:33"}
{"context":"RouterExplorer","level":"info","message":"Mapped {/owner/:id, DELETE} route","timestamp":"2025-04-29 06:27:33"}
{"context":"RoutesResolver","level":"info","message":"ItemController {/item}:","timestamp":"2025-04-29 06:27:33"}
{"context":"RouterExplorer","level":"info","message":"Mapped {/item, POST} route","timestamp":"2025-04-29 06:27:33"}
{"context":"RouterExplorer","level":"info","message":"Mapped {/item, GET} route","timestamp":"2025-04-29 06:27:33"}
{"context":"RouterExplorer","level":"info","message":"Mapped {/item/:id, GET} route","timestamp":"2025-04-29 06:27:33"}
{"context":"RouterExplorer","level":"info","message":"Mapped {/item/:id, PATCH} route","timestamp":"2025-04-29 06:27:33"}
{"context":"RouterExplorer","level":"info","message":"Mapped {/item/:id, DELETE} route","timestamp":"2025-04-29 06:27:33"}
{"context":"RouterExplorer","level":"info","message":"Mapped {/item/logistics, POST} route","timestamp":"2025-04-29 06:27:33"}
{"context":"RoutesResolver","level":"info","message":"LogisticsController {/logistics}:","timestamp":"2025-04-29 06:27:33"}
{"context":"RouterExplorer","level":"info","message":"Mapped {/logistics, POST} route","timestamp":"2025-04-29 06:27:33"}
{"context":"RouterExplorer","level":"info","message":"Mapped {/logistics, GET} route","timestamp":"2025-04-29 06:27:33"}
{"context":"RouterExplorer","level":"info","message":"Mapped {/logistics/:id, GET} route","timestamp":"2025-04-29 06:27:33"}
{"context":"RouterExplorer","level":"info","message":"Mapped {/logistics/:id, PATCH} route","timestamp":"2025-04-29 06:27:33"}
{"context":"RouterExplorer","level":"info","message":"Mapped {/logistics/:id, DELETE} route","timestamp":"2025-04-29 06:27:33"}
{"context":"RouterExplorer","level":"info","message":"Mapped {/logistics/warehouse/:id, GET} route","timestamp":"2025-04-29 06:27:33"}
{"context":"RouterExplorer","level":"info","message":"Mapped {/logistics/warehouse/:id, POST} route","timestamp":"2025-04-29 06:27:33"}
{"context":"RoutesResolver","level":"info","message":"OrderController {/order}:","timestamp":"2025-04-29 06:27:33"}
{"context":"RouterExplorer","level":"info","message":"Mapped {/order, POST} route","timestamp":"2025-04-29 06:27:33"}
{"context":"RouterExplorer","level":"info","message":"Mapped {/order, GET} route","timestamp":"2025-04-29 06:27:33"}
{"context":"RouterExplorer","level":"info","message":"Mapped {/order/:id, GET} route","timestamp":"2025-04-29 06:27:33"}
{"context":"RouterExplorer","level":"info","message":"Mapped {/order/:id, PATCH} route","timestamp":"2025-04-29 06:27:33"}
{"context":"RouterExplorer","level":"info","message":"Mapped {/order/:id, DELETE} route","timestamp":"2025-04-29 06:27:33"}
{"context":"RouterExplorer","level":"info","message":"Mapped {/order/batch/update-status, POST} route","timestamp":"2025-04-29 06:27:33"}
{"context":"NestApplication","level":"info","message":"Nest application successfully started","timestamp":"2025-04-29 06:27:33"}
{"context":"Bootstrap","level":"info","message":"애플리케이션이 3001 포트에서 시작되었습니다","timestamp":"2025-04-29 06:27:33"}
{"context":"HttpExceptionFilter","level":"error","message":"[예외] POST /user 401 - 인증이 필요합니다.","timestamp":"2025-04-29 06:27:36","trace":"UnauthorizedException: 인증이 필요합니다.\n    at RBACGuard.canActivate (/app/src/auth/guard/rbac.guard.ts:30:13)\n    at GuardsConsumer.tryActivate (/app/node_modules/.pnpm/@nestjs+core@10.4.17_@nestjs+common@10.4.17_class-transformer@0.5.1_class-validator@0.1_eae1b69253770746a482487d36064dac/node_modules/@nestjs/core/guards/guards-consumer.js:15:34)\n    at canActivateFn (/app/node_modules/.pnpm/@nestjs+core@10.4.17_@nestjs+common@10.4.17_class-transformer@0.5.1_class-validator@0.1_eae1b69253770746a482487d36064dac/node_modules/@nestjs/core/router/router-execution-context.js:135:59)\n    at /app/node_modules/.pnpm/@nestjs+core@10.4.17_@nestjs+common@10.4.17_class-transformer@0.5.1_class-validator@0.1_eae1b69253770746a482487d36064dac/node_modules/@nestjs/core/router/router-execution-context.js:42:37\n    at /app/node_modules/.pnpm/@nestjs+core@10.4.17_@nestjs+common@10.4.17_class-transformer@0.5.1_class-validator@0.1_eae1b69253770746a482487d36064dac/node_modules/@nestjs/core/router/router-proxy.js:9:23\n    at Layer.handle [as handle_request] (/app/node_modules/.pnpm/express@4.21.2/node_modules/express/lib/router/layer.js:95:5)\n    at next (/app/node_modules/.pnpm/express@4.21.2/node_modules/express/lib/router/route.js:149:13)\n    at Route.dispatch (/app/node_modules/.pnpm/express@4.21.2/node_modules/express/lib/router/route.js:119:3)\n    at Layer.handle [as handle_request] (/app/node_modules/.pnpm/express@4.21.2/node_modules/express/lib/router/layer.js:95:5)\n    at /app/node_modules/.pnpm/express@4.21.2/node_modules/express/lib/router/index.js:284:15"}
{"details":{"headers":{"accept":"*/*","accept-encoding":"gzip, deflate, br","authorization":"Bearer eyJhbGciOiJIUzI1NiIsInR5cCI6IkpXVCJ9.eyJzdWIiOjEwLCJyb2xlIjoxLCJ0eXBlIjoiYWNjZXNzIiwiaWF0IjoxNzQ1ODk0NTA1LCJleHAiOjE3NDU4OTc1MDV9.eISdy6EfP-A7WM_M-51geY8-UEUrXeobEbHo-IEcwug","cache-control":"no-cache","connection":"keep-alive","content-length":"117","content-type":"application/json","host":"localhost:3001","postman-token":"7eb8efbb-c2ef-4b4a-916d-c630f616f67e","user-agent":"PostmanRuntime/7.43.3"},"ip":"::ffff:192.168.65.1","method":"POST","path":"/user"},"event":"인증/인가 실패","level":"warn","message":"보안 이벤트","timestamp":"2025-04-29T06:27:36.521Z","userId":"unknown"}
{"context":"NestFactory","level":"info","message":"Starting Nest application...","timestamp":"2025-04-29 06:27:51"}
{"context":"InstanceLoader","level":"info","message":"TypeOrmModule dependencies initialized","timestamp":"2025-04-29 06:27:51"}
{"context":"InstanceLoader","level":"info","message":"JwtModule dependencies initialized","timestamp":"2025-04-29 06:27:51"}
{"context":"InstanceLoader","level":"info","message":"ConfigHostModule dependencies initialized","timestamp":"2025-04-29 06:27:51"}
{"context":"InstanceLoader","level":"info","message":"DiscoveryModule dependencies initialized","timestamp":"2025-04-29 06:27:51"}
{"context":"InstanceLoader","level":"info","message":"ConfigModule dependencies initialized","timestamp":"2025-04-29 06:27:51"}
{"context":"InstanceLoader","level":"info","message":"ConfigModule dependencies initialized","timestamp":"2025-04-29 06:27:51"}
{"context":"InstanceLoader","level":"info","message":"ScheduleModule dependencies initialized","timestamp":"2025-04-29 06:27:51"}
{"context":"InstanceLoader","level":"info","message":"LoggerModule dependencies initialized","timestamp":"2025-04-29 06:27:51"}
{"context":"InstanceLoader","level":"info","message":"WinstonModule dependencies initialized","timestamp":"2025-04-29 06:27:51"}
{"context":"InstanceLoader","level":"info","message":"TypeOrmCoreModule dependencies initialized","timestamp":"2025-04-29 06:27:51"}
{"context":"InstanceLoader","level":"info","message":"TypeOrmModule dependencies initialized","timestamp":"2025-04-29 06:27:51"}
{"context":"InstanceLoader","level":"info","message":"TypeOrmModule dependencies initialized","timestamp":"2025-04-29 06:27:51"}
{"context":"InstanceLoader","level":"info","message":"TypeOrmModule dependencies initialized","timestamp":"2025-04-29 06:27:51"}
{"context":"InstanceLoader","level":"info","message":"TypeOrmModule dependencies initialized","timestamp":"2025-04-29 06:27:51"}
{"context":"InstanceLoader","level":"info","message":"TypeOrmModule dependencies initialized","timestamp":"2025-04-29 06:27:51"}
{"context":"InstanceLoader","level":"info","message":"TypeOrmModule dependencies initialized","timestamp":"2025-04-29 06:27:51"}
{"context":"InstanceLoader","level":"info","message":"TypeOrmModule dependencies initialized","timestamp":"2025-04-29 06:27:51"}
{"context":"InstanceLoader","level":"info","message":"AppModule dependencies initialized","timestamp":"2025-04-29 06:27:51"}
{"context":"InstanceLoader","level":"info","message":"CommonModule dependencies initialized","timestamp":"2025-04-29 06:27:51"}
{"context":"InstanceLoader","level":"info","message":"AuthModule dependencies initialized","timestamp":"2025-04-29 06:27:51"}
{"context":"InstanceLoader","level":"info","message":"UserModule dependencies initialized","timestamp":"2025-04-29 06:27:51"}
{"context":"InstanceLoader","level":"info","message":"StoreModule dependencies initialized","timestamp":"2025-04-29 06:27:51"}
{"context":"InstanceLoader","level":"info","message":"OwnerModule dependencies initialized","timestamp":"2025-04-29 06:27:51"}
{"context":"InstanceLoader","level":"info","message":"ItemModule dependencies initialized","timestamp":"2025-04-29 06:27:51"}
{"context":"InstanceLoader","level":"info","message":"LogisticsModule dependencies initialized","timestamp":"2025-04-29 06:27:51"}
{"context":"InstanceLoader","level":"info","message":"OrderModule dependencies initialized","timestamp":"2025-04-29 06:27:51"}
{"context":"RoutesResolver","level":"info","message":"UserController {/user}:","timestamp":"2025-04-29 06:27:51"}
{"context":"RouterExplorer","level":"info","message":"Mapped {/user, POST} route","timestamp":"2025-04-29 06:27:51"}
{"context":"RouterExplorer","level":"info","message":"Mapped {/user, GET} route","timestamp":"2025-04-29 06:27:51"}
{"context":"RouterExplorer","level":"info","message":"Mapped {/user/:id, GET} route","timestamp":"2025-04-29 06:27:51"}
{"context":"RouterExplorer","level":"info","message":"Mapped {/user/:id, PATCH} route","timestamp":"2025-04-29 06:27:51"}
{"context":"RouterExplorer","level":"info","message":"Mapped {/user/:id, DELETE} route","timestamp":"2025-04-29 06:27:51"}
{"context":"RoutesResolver","level":"info","message":"AuthController {/auth}:","timestamp":"2025-04-29 06:27:51"}
{"context":"RouterExplorer","level":"info","message":"Mapped {/auth/login, POST} route","timestamp":"2025-04-29 06:27:51"}
{"context":"RouterExplorer","level":"info","message":"Mapped {/auth/token/newToken, POST} route","timestamp":"2025-04-29 06:27:51"}
{"context":"RoutesResolver","level":"info","message":"StoreController {/store}:","timestamp":"2025-04-29 06:27:51"}
{"context":"RouterExplorer","level":"info","message":"Mapped {/store, POST} route","timestamp":"2025-04-29 06:27:51"}
{"context":"RouterExplorer","level":"info","message":"Mapped {/store, GET} route","timestamp":"2025-04-29 06:27:51"}
{"context":"RouterExplorer","level":"info","message":"Mapped {/store/:id, GET} route","timestamp":"2025-04-29 06:27:51"}
{"context":"RouterExplorer","level":"info","message":"Mapped {/store/:id, PATCH} route","timestamp":"2025-04-29 06:27:51"}
{"context":"RouterExplorer","level":"info","message":"Mapped {/store/:id, DELETE} route","timestamp":"2025-04-29 06:27:51"}
{"context":"RouterExplorer","level":"info","message":"Mapped {/store/warehouse, POST} route","timestamp":"2025-04-29 06:27:51"}
{"context":"RoutesResolver","level":"info","message":"OwnerController {/owner}:","timestamp":"2025-04-29 06:27:51"}
{"context":"RouterExplorer","level":"info","message":"Mapped {/owner, POST} route","timestamp":"2025-04-29 06:27:51"}
{"context":"RouterExplorer","level":"info","message":"Mapped {/owner, GET} route","timestamp":"2025-04-29 06:27:51"}
{"context":"RouterExplorer","level":"info","message":"Mapped {/owner/:id, GET} route","timestamp":"2025-04-29 06:27:51"}
{"context":"RouterExplorer","level":"info","message":"Mapped {/owner/:id, PATCH} route","timestamp":"2025-04-29 06:27:51"}
{"context":"RouterExplorer","level":"info","message":"Mapped {/owner/:id, DELETE} route","timestamp":"2025-04-29 06:27:51"}
{"context":"RoutesResolver","level":"info","message":"ItemController {/item}:","timestamp":"2025-04-29 06:27:51"}
{"context":"RouterExplorer","level":"info","message":"Mapped {/item, POST} route","timestamp":"2025-04-29 06:27:51"}
{"context":"RouterExplorer","level":"info","message":"Mapped {/item, GET} route","timestamp":"2025-04-29 06:27:51"}
{"context":"RouterExplorer","level":"info","message":"Mapped {/item/:id, GET} route","timestamp":"2025-04-29 06:27:51"}
{"context":"RouterExplorer","level":"info","message":"Mapped {/item/:id, PATCH} route","timestamp":"2025-04-29 06:27:51"}
{"context":"RouterExplorer","level":"info","message":"Mapped {/item/:id, DELETE} route","timestamp":"2025-04-29 06:27:51"}
{"context":"RouterExplorer","level":"info","message":"Mapped {/item/logistics, POST} route","timestamp":"2025-04-29 06:27:51"}
{"context":"RoutesResolver","level":"info","message":"LogisticsController {/logistics}:","timestamp":"2025-04-29 06:27:51"}
{"context":"RouterExplorer","level":"info","message":"Mapped {/logistics, POST} route","timestamp":"2025-04-29 06:27:51"}
{"context":"RouterExplorer","level":"info","message":"Mapped {/logistics, GET} route","timestamp":"2025-04-29 06:27:51"}
{"context":"RouterExplorer","level":"info","message":"Mapped {/logistics/:id, GET} route","timestamp":"2025-04-29 06:27:51"}
{"context":"RouterExplorer","level":"info","message":"Mapped {/logistics/:id, PATCH} route","timestamp":"2025-04-29 06:27:51"}
{"context":"RouterExplorer","level":"info","message":"Mapped {/logistics/:id, DELETE} route","timestamp":"2025-04-29 06:27:51"}
{"context":"RouterExplorer","level":"info","message":"Mapped {/logistics/warehouse/:id, GET} route","timestamp":"2025-04-29 06:27:51"}
{"context":"RouterExplorer","level":"info","message":"Mapped {/logistics/warehouse/:id, POST} route","timestamp":"2025-04-29 06:27:51"}
{"context":"RoutesResolver","level":"info","message":"OrderController {/order}:","timestamp":"2025-04-29 06:27:51"}
{"context":"RouterExplorer","level":"info","message":"Mapped {/order, POST} route","timestamp":"2025-04-29 06:27:51"}
{"context":"RouterExplorer","level":"info","message":"Mapped {/order, GET} route","timestamp":"2025-04-29 06:27:51"}
{"context":"RouterExplorer","level":"info","message":"Mapped {/order/:id, GET} route","timestamp":"2025-04-29 06:27:51"}
{"context":"RouterExplorer","level":"info","message":"Mapped {/order/:id, PATCH} route","timestamp":"2025-04-29 06:27:51"}
{"context":"RouterExplorer","level":"info","message":"Mapped {/order/:id, DELETE} route","timestamp":"2025-04-29 06:27:51"}
{"context":"RouterExplorer","level":"info","message":"Mapped {/order/batch/update-status, POST} route","timestamp":"2025-04-29 06:27:51"}
{"context":"NestApplication","level":"info","message":"Nest application successfully started","timestamp":"2025-04-29 06:27:51"}
{"context":"Bootstrap","level":"info","message":"애플리케이션이 3001 포트에서 시작되었습니다","timestamp":"2025-04-29 06:27:51"}
{"context":"NestFactory","level":"info","message":"Starting Nest application...","timestamp":"2025-04-29 06:27:54"}
{"context":"InstanceLoader","level":"info","message":"TypeOrmModule dependencies initialized","timestamp":"2025-04-29 06:27:54"}
{"context":"InstanceLoader","level":"info","message":"JwtModule dependencies initialized","timestamp":"2025-04-29 06:27:54"}
{"context":"InstanceLoader","level":"info","message":"ConfigHostModule dependencies initialized","timestamp":"2025-04-29 06:27:54"}
{"context":"InstanceLoader","level":"info","message":"DiscoveryModule dependencies initialized","timestamp":"2025-04-29 06:27:54"}
{"context":"InstanceLoader","level":"info","message":"ConfigModule dependencies initialized","timestamp":"2025-04-29 06:27:54"}
{"context":"InstanceLoader","level":"info","message":"ConfigModule dependencies initialized","timestamp":"2025-04-29 06:27:54"}
{"context":"InstanceLoader","level":"info","message":"ScheduleModule dependencies initialized","timestamp":"2025-04-29 06:27:54"}
{"context":"InstanceLoader","level":"info","message":"LoggerModule dependencies initialized","timestamp":"2025-04-29 06:27:54"}
{"context":"InstanceLoader","level":"info","message":"WinstonModule dependencies initialized","timestamp":"2025-04-29 06:27:54"}
{"context":"InstanceLoader","level":"info","message":"TypeOrmCoreModule dependencies initialized","timestamp":"2025-04-29 06:27:54"}
{"context":"InstanceLoader","level":"info","message":"TypeOrmModule dependencies initialized","timestamp":"2025-04-29 06:27:54"}
{"context":"InstanceLoader","level":"info","message":"TypeOrmModule dependencies initialized","timestamp":"2025-04-29 06:27:54"}
{"context":"InstanceLoader","level":"info","message":"TypeOrmModule dependencies initialized","timestamp":"2025-04-29 06:27:54"}
{"context":"InstanceLoader","level":"info","message":"TypeOrmModule dependencies initialized","timestamp":"2025-04-29 06:27:54"}
{"context":"InstanceLoader","level":"info","message":"TypeOrmModule dependencies initialized","timestamp":"2025-04-29 06:27:54"}
{"context":"InstanceLoader","level":"info","message":"TypeOrmModule dependencies initialized","timestamp":"2025-04-29 06:27:54"}
{"context":"InstanceLoader","level":"info","message":"TypeOrmModule dependencies initialized","timestamp":"2025-04-29 06:27:54"}
{"context":"InstanceLoader","level":"info","message":"AppModule dependencies initialized","timestamp":"2025-04-29 06:27:54"}
{"context":"InstanceLoader","level":"info","message":"CommonModule dependencies initialized","timestamp":"2025-04-29 06:27:54"}
{"context":"InstanceLoader","level":"info","message":"AuthModule dependencies initialized","timestamp":"2025-04-29 06:27:54"}
{"context":"InstanceLoader","level":"info","message":"UserModule dependencies initialized","timestamp":"2025-04-29 06:27:54"}
{"context":"InstanceLoader","level":"info","message":"StoreModule dependencies initialized","timestamp":"2025-04-29 06:27:54"}
{"context":"InstanceLoader","level":"info","message":"OwnerModule dependencies initialized","timestamp":"2025-04-29 06:27:54"}
{"context":"InstanceLoader","level":"info","message":"ItemModule dependencies initialized","timestamp":"2025-04-29 06:27:54"}
{"context":"InstanceLoader","level":"info","message":"LogisticsModule dependencies initialized","timestamp":"2025-04-29 06:27:54"}
{"context":"InstanceLoader","level":"info","message":"OrderModule dependencies initialized","timestamp":"2025-04-29 06:27:54"}
{"context":"RoutesResolver","level":"info","message":"UserController {/user}:","timestamp":"2025-04-29 06:27:54"}
{"context":"RouterExplorer","level":"info","message":"Mapped {/user, POST} route","timestamp":"2025-04-29 06:27:54"}
{"context":"RouterExplorer","level":"info","message":"Mapped {/user, GET} route","timestamp":"2025-04-29 06:27:54"}
{"context":"RouterExplorer","level":"info","message":"Mapped {/user/:id, GET} route","timestamp":"2025-04-29 06:27:54"}
{"context":"RouterExplorer","level":"info","message":"Mapped {/user/:id, PATCH} route","timestamp":"2025-04-29 06:27:54"}
{"context":"RouterExplorer","level":"info","message":"Mapped {/user/:id, DELETE} route","timestamp":"2025-04-29 06:27:54"}
{"context":"RoutesResolver","level":"info","message":"AuthController {/auth}:","timestamp":"2025-04-29 06:27:54"}
{"context":"RouterExplorer","level":"info","message":"Mapped {/auth/login, POST} route","timestamp":"2025-04-29 06:27:54"}
{"context":"RouterExplorer","level":"info","message":"Mapped {/auth/token/newToken, POST} route","timestamp":"2025-04-29 06:27:54"}
{"context":"RoutesResolver","level":"info","message":"StoreController {/store}:","timestamp":"2025-04-29 06:27:54"}
{"context":"RouterExplorer","level":"info","message":"Mapped {/store, POST} route","timestamp":"2025-04-29 06:27:54"}
{"context":"RouterExplorer","level":"info","message":"Mapped {/store, GET} route","timestamp":"2025-04-29 06:27:54"}
{"context":"RouterExplorer","level":"info","message":"Mapped {/store/:id, GET} route","timestamp":"2025-04-29 06:27:54"}
{"context":"RouterExplorer","level":"info","message":"Mapped {/store/:id, PATCH} route","timestamp":"2025-04-29 06:27:54"}
{"context":"RouterExplorer","level":"info","message":"Mapped {/store/:id, DELETE} route","timestamp":"2025-04-29 06:27:54"}
{"context":"RouterExplorer","level":"info","message":"Mapped {/store/warehouse, POST} route","timestamp":"2025-04-29 06:27:54"}
{"context":"RoutesResolver","level":"info","message":"OwnerController {/owner}:","timestamp":"2025-04-29 06:27:54"}
{"context":"RouterExplorer","level":"info","message":"Mapped {/owner, POST} route","timestamp":"2025-04-29 06:27:54"}
{"context":"RouterExplorer","level":"info","message":"Mapped {/owner, GET} route","timestamp":"2025-04-29 06:27:54"}
{"context":"RouterExplorer","level":"info","message":"Mapped {/owner/:id, GET} route","timestamp":"2025-04-29 06:27:54"}
{"context":"RouterExplorer","level":"info","message":"Mapped {/owner/:id, PATCH} route","timestamp":"2025-04-29 06:27:54"}
{"context":"RouterExplorer","level":"info","message":"Mapped {/owner/:id, DELETE} route","timestamp":"2025-04-29 06:27:54"}
{"context":"RoutesResolver","level":"info","message":"ItemController {/item}:","timestamp":"2025-04-29 06:27:54"}
{"context":"RouterExplorer","level":"info","message":"Mapped {/item, POST} route","timestamp":"2025-04-29 06:27:54"}
{"context":"RouterExplorer","level":"info","message":"Mapped {/item, GET} route","timestamp":"2025-04-29 06:27:54"}
{"context":"RouterExplorer","level":"info","message":"Mapped {/item/:id, GET} route","timestamp":"2025-04-29 06:27:54"}
{"context":"RouterExplorer","level":"info","message":"Mapped {/item/:id, PATCH} route","timestamp":"2025-04-29 06:27:54"}
{"context":"RouterExplorer","level":"info","message":"Mapped {/item/:id, DELETE} route","timestamp":"2025-04-29 06:27:54"}
{"context":"RouterExplorer","level":"info","message":"Mapped {/item/logistics, POST} route","timestamp":"2025-04-29 06:27:54"}
{"context":"RoutesResolver","level":"info","message":"LogisticsController {/logistics}:","timestamp":"2025-04-29 06:27:54"}
{"context":"RouterExplorer","level":"info","message":"Mapped {/logistics, POST} route","timestamp":"2025-04-29 06:27:54"}
{"context":"RouterExplorer","level":"info","message":"Mapped {/logistics, GET} route","timestamp":"2025-04-29 06:27:54"}
{"context":"RouterExplorer","level":"info","message":"Mapped {/logistics/:id, GET} route","timestamp":"2025-04-29 06:27:54"}
{"context":"RouterExplorer","level":"info","message":"Mapped {/logistics/:id, PATCH} route","timestamp":"2025-04-29 06:27:54"}
{"context":"RouterExplorer","level":"info","message":"Mapped {/logistics/:id, DELETE} route","timestamp":"2025-04-29 06:27:54"}
{"context":"RouterExplorer","level":"info","message":"Mapped {/logistics/warehouse/:id, GET} route","timestamp":"2025-04-29 06:27:54"}
{"context":"RouterExplorer","level":"info","message":"Mapped {/logistics/warehouse/:id, POST} route","timestamp":"2025-04-29 06:27:54"}
{"context":"RoutesResolver","level":"info","message":"OrderController {/order}:","timestamp":"2025-04-29 06:27:54"}
{"context":"RouterExplorer","level":"info","message":"Mapped {/order, POST} route","timestamp":"2025-04-29 06:27:54"}
{"context":"RouterExplorer","level":"info","message":"Mapped {/order, GET} route","timestamp":"2025-04-29 06:27:54"}
{"context":"RouterExplorer","level":"info","message":"Mapped {/order/:id, GET} route","timestamp":"2025-04-29 06:27:54"}
{"context":"RouterExplorer","level":"info","message":"Mapped {/order/:id, PATCH} route","timestamp":"2025-04-29 06:27:54"}
{"context":"RouterExplorer","level":"info","message":"Mapped {/order/:id, DELETE} route","timestamp":"2025-04-29 06:27:54"}
{"context":"RouterExplorer","level":"info","message":"Mapped {/order/batch/update-status, POST} route","timestamp":"2025-04-29 06:27:54"}
{"context":"NestApplication","level":"info","message":"Nest application successfully started","timestamp":"2025-04-29 06:27:54"}
{"context":"Bootstrap","level":"info","message":"애플리케이션이 3001 포트에서 시작되었습니다","timestamp":"2025-04-29 06:27:54"}
{"context":"HttpExceptionFilter","level":"error","message":"[예외] POST /user 500 - 서버 내부 오류가 발생했습니다.","timestamp":"2025-04-29 06:27:57","trace":"TypeError: Cannot read properties of undefined (reading 'log')\n    at RBACGuard.canActivate (/app/src/auth/guard/rbac.guard.ts:20:13)\n    at GuardsConsumer.tryActivate (/app/node_modules/.pnpm/@nestjs+core@10.4.17_@nestjs+common@10.4.17_class-transformer@0.5.1_class-validator@0.1_eae1b69253770746a482487d36064dac/node_modules/@nestjs/core/guards/guards-consumer.js:15:34)\n    at canActivateFn (/app/node_modules/.pnpm/@nestjs+core@10.4.17_@nestjs+common@10.4.17_class-transformer@0.5.1_class-validator@0.1_eae1b69253770746a482487d36064dac/node_modules/@nestjs/core/router/router-execution-context.js:135:59)\n    at /app/node_modules/.pnpm/@nestjs+core@10.4.17_@nestjs+common@10.4.17_class-transformer@0.5.1_class-validator@0.1_eae1b69253770746a482487d36064dac/node_modules/@nestjs/core/router/router-execution-context.js:42:37\n    at /app/node_modules/.pnpm/@nestjs+core@10.4.17_@nestjs+common@10.4.17_class-transformer@0.5.1_class-validator@0.1_eae1b69253770746a482487d36064dac/node_modules/@nestjs/core/router/router-proxy.js:9:23\n    at Layer.handle [as handle_request] (/app/node_modules/.pnpm/express@4.21.2/node_modules/express/lib/router/layer.js:95:5)\n    at next (/app/node_modules/.pnpm/express@4.21.2/node_modules/express/lib/router/route.js:149:13)\n    at Route.dispatch (/app/node_modules/.pnpm/express@4.21.2/node_modules/express/lib/router/route.js:119:3)\n    at Layer.handle [as handle_request] (/app/node_modules/.pnpm/express@4.21.2/node_modules/express/lib/router/layer.js:95:5)\n    at /app/node_modules/.pnpm/express@4.21.2/node_modules/express/lib/router/index.js:284:15"}
{"context":"HttpExceptionFilter","level":"error","message":"[예외] POST /user 500 - 서버 내부 오류가 발생했습니다.","timestamp":"2025-04-29 06:28:05","trace":"TypeError: Cannot read properties of undefined (reading 'log')\n    at RBACGuard.canActivate (/app/src/auth/guard/rbac.guard.ts:20:13)\n    at GuardsConsumer.tryActivate (/app/node_modules/.pnpm/@nestjs+core@10.4.17_@nestjs+common@10.4.17_class-transformer@0.5.1_class-validator@0.1_eae1b69253770746a482487d36064dac/node_modules/@nestjs/core/guards/guards-consumer.js:15:34)\n    at canActivateFn (/app/node_modules/.pnpm/@nestjs+core@10.4.17_@nestjs+common@10.4.17_class-transformer@0.5.1_class-validator@0.1_eae1b69253770746a482487d36064dac/node_modules/@nestjs/core/router/router-execution-context.js:135:59)\n    at /app/node_modules/.pnpm/@nestjs+core@10.4.17_@nestjs+common@10.4.17_class-transformer@0.5.1_class-validator@0.1_eae1b69253770746a482487d36064dac/node_modules/@nestjs/core/router/router-execution-context.js:42:37\n    at /app/node_modules/.pnpm/@nestjs+core@10.4.17_@nestjs+common@10.4.17_class-transformer@0.5.1_class-validator@0.1_eae1b69253770746a482487d36064dac/node_modules/@nestjs/core/router/router-proxy.js:9:23\n    at Layer.handle [as handle_request] (/app/node_modules/.pnpm/express@4.21.2/node_modules/express/lib/router/layer.js:95:5)\n    at next (/app/node_modules/.pnpm/express@4.21.2/node_modules/express/lib/router/route.js:149:13)\n    at Route.dispatch (/app/node_modules/.pnpm/express@4.21.2/node_modules/express/lib/router/route.js:119:3)\n    at Layer.handle [as handle_request] (/app/node_modules/.pnpm/express@4.21.2/node_modules/express/lib/router/layer.js:95:5)\n    at /app/node_modules/.pnpm/express@4.21.2/node_modules/express/lib/router/index.js:284:15"}
{"context":"NestFactory","level":"info","message":"Starting Nest application...","timestamp":"2025-04-29 06:28:10"}
{"context":"InstanceLoader","level":"info","message":"TypeOrmModule dependencies initialized","timestamp":"2025-04-29 06:28:10"}
{"context":"InstanceLoader","level":"info","message":"JwtModule dependencies initialized","timestamp":"2025-04-29 06:28:10"}
{"context":"InstanceLoader","level":"info","message":"ConfigHostModule dependencies initialized","timestamp":"2025-04-29 06:28:10"}
{"context":"InstanceLoader","level":"info","message":"DiscoveryModule dependencies initialized","timestamp":"2025-04-29 06:28:10"}
{"context":"InstanceLoader","level":"info","message":"ConfigModule dependencies initialized","timestamp":"2025-04-29 06:28:10"}
{"context":"InstanceLoader","level":"info","message":"ConfigModule dependencies initialized","timestamp":"2025-04-29 06:28:10"}
{"context":"InstanceLoader","level":"info","message":"ScheduleModule dependencies initialized","timestamp":"2025-04-29 06:28:10"}
{"context":"InstanceLoader","level":"info","message":"LoggerModule dependencies initialized","timestamp":"2025-04-29 06:28:10"}
{"context":"InstanceLoader","level":"info","message":"WinstonModule dependencies initialized","timestamp":"2025-04-29 06:28:10"}
{"context":"InstanceLoader","level":"info","message":"TypeOrmCoreModule dependencies initialized","timestamp":"2025-04-29 06:28:10"}
{"context":"InstanceLoader","level":"info","message":"TypeOrmModule dependencies initialized","timestamp":"2025-04-29 06:28:10"}
{"context":"InstanceLoader","level":"info","message":"TypeOrmModule dependencies initialized","timestamp":"2025-04-29 06:28:10"}
{"context":"InstanceLoader","level":"info","message":"TypeOrmModule dependencies initialized","timestamp":"2025-04-29 06:28:10"}
{"context":"InstanceLoader","level":"info","message":"TypeOrmModule dependencies initialized","timestamp":"2025-04-29 06:28:10"}
{"context":"InstanceLoader","level":"info","message":"TypeOrmModule dependencies initialized","timestamp":"2025-04-29 06:28:10"}
{"context":"InstanceLoader","level":"info","message":"TypeOrmModule dependencies initialized","timestamp":"2025-04-29 06:28:10"}
{"context":"InstanceLoader","level":"info","message":"TypeOrmModule dependencies initialized","timestamp":"2025-04-29 06:28:10"}
{"context":"InstanceLoader","level":"info","message":"AppModule dependencies initialized","timestamp":"2025-04-29 06:28:10"}
{"context":"InstanceLoader","level":"info","message":"CommonModule dependencies initialized","timestamp":"2025-04-29 06:28:10"}
{"context":"InstanceLoader","level":"info","message":"AuthModule dependencies initialized","timestamp":"2025-04-29 06:28:10"}
{"context":"InstanceLoader","level":"info","message":"UserModule dependencies initialized","timestamp":"2025-04-29 06:28:10"}
{"context":"InstanceLoader","level":"info","message":"StoreModule dependencies initialized","timestamp":"2025-04-29 06:28:10"}
{"context":"InstanceLoader","level":"info","message":"OwnerModule dependencies initialized","timestamp":"2025-04-29 06:28:10"}
{"context":"InstanceLoader","level":"info","message":"ItemModule dependencies initialized","timestamp":"2025-04-29 06:28:10"}
{"context":"InstanceLoader","level":"info","message":"LogisticsModule dependencies initialized","timestamp":"2025-04-29 06:28:10"}
{"context":"InstanceLoader","level":"info","message":"OrderModule dependencies initialized","timestamp":"2025-04-29 06:28:10"}
{"context":"RoutesResolver","level":"info","message":"UserController {/user}:","timestamp":"2025-04-29 06:28:10"}
{"context":"RouterExplorer","level":"info","message":"Mapped {/user, POST} route","timestamp":"2025-04-29 06:28:10"}
{"context":"RouterExplorer","level":"info","message":"Mapped {/user, GET} route","timestamp":"2025-04-29 06:28:10"}
{"context":"RouterExplorer","level":"info","message":"Mapped {/user/:id, GET} route","timestamp":"2025-04-29 06:28:10"}
{"context":"RouterExplorer","level":"info","message":"Mapped {/user/:id, PATCH} route","timestamp":"2025-04-29 06:28:10"}
{"context":"RouterExplorer","level":"info","message":"Mapped {/user/:id, DELETE} route","timestamp":"2025-04-29 06:28:10"}
{"context":"RoutesResolver","level":"info","message":"AuthController {/auth}:","timestamp":"2025-04-29 06:28:10"}
{"context":"RouterExplorer","level":"info","message":"Mapped {/auth/login, POST} route","timestamp":"2025-04-29 06:28:10"}
{"context":"RouterExplorer","level":"info","message":"Mapped {/auth/token/newToken, POST} route","timestamp":"2025-04-29 06:28:10"}
{"context":"RoutesResolver","level":"info","message":"StoreController {/store}:","timestamp":"2025-04-29 06:28:10"}
{"context":"RouterExplorer","level":"info","message":"Mapped {/store, POST} route","timestamp":"2025-04-29 06:28:10"}
{"context":"RouterExplorer","level":"info","message":"Mapped {/store, GET} route","timestamp":"2025-04-29 06:28:10"}
{"context":"RouterExplorer","level":"info","message":"Mapped {/store/:id, GET} route","timestamp":"2025-04-29 06:28:10"}
{"context":"RouterExplorer","level":"info","message":"Mapped {/store/:id, PATCH} route","timestamp":"2025-04-29 06:28:10"}
{"context":"RouterExplorer","level":"info","message":"Mapped {/store/:id, DELETE} route","timestamp":"2025-04-29 06:28:10"}
{"context":"RouterExplorer","level":"info","message":"Mapped {/store/warehouse, POST} route","timestamp":"2025-04-29 06:28:10"}
{"context":"RoutesResolver","level":"info","message":"OwnerController {/owner}:","timestamp":"2025-04-29 06:28:10"}
{"context":"RouterExplorer","level":"info","message":"Mapped {/owner, POST} route","timestamp":"2025-04-29 06:28:10"}
{"context":"RouterExplorer","level":"info","message":"Mapped {/owner, GET} route","timestamp":"2025-04-29 06:28:10"}
{"context":"RouterExplorer","level":"info","message":"Mapped {/owner/:id, GET} route","timestamp":"2025-04-29 06:28:10"}
{"context":"RouterExplorer","level":"info","message":"Mapped {/owner/:id, PATCH} route","timestamp":"2025-04-29 06:28:10"}
{"context":"RouterExplorer","level":"info","message":"Mapped {/owner/:id, DELETE} route","timestamp":"2025-04-29 06:28:10"}
{"context":"RoutesResolver","level":"info","message":"ItemController {/item}:","timestamp":"2025-04-29 06:28:10"}
{"context":"RouterExplorer","level":"info","message":"Mapped {/item, POST} route","timestamp":"2025-04-29 06:28:10"}
{"context":"RouterExplorer","level":"info","message":"Mapped {/item, GET} route","timestamp":"2025-04-29 06:28:10"}
{"context":"RouterExplorer","level":"info","message":"Mapped {/item/:id, GET} route","timestamp":"2025-04-29 06:28:10"}
{"context":"RouterExplorer","level":"info","message":"Mapped {/item/:id, PATCH} route","timestamp":"2025-04-29 06:28:10"}
{"context":"RouterExplorer","level":"info","message":"Mapped {/item/:id, DELETE} route","timestamp":"2025-04-29 06:28:10"}
{"context":"RouterExplorer","level":"info","message":"Mapped {/item/logistics, POST} route","timestamp":"2025-04-29 06:28:10"}
{"context":"RoutesResolver","level":"info","message":"LogisticsController {/logistics}:","timestamp":"2025-04-29 06:28:10"}
{"context":"RouterExplorer","level":"info","message":"Mapped {/logistics, POST} route","timestamp":"2025-04-29 06:28:10"}
{"context":"RouterExplorer","level":"info","message":"Mapped {/logistics, GET} route","timestamp":"2025-04-29 06:28:10"}
{"context":"RouterExplorer","level":"info","message":"Mapped {/logistics/:id, GET} route","timestamp":"2025-04-29 06:28:10"}
{"context":"RouterExplorer","level":"info","message":"Mapped {/logistics/:id, PATCH} route","timestamp":"2025-04-29 06:28:10"}
{"context":"RouterExplorer","level":"info","message":"Mapped {/logistics/:id, DELETE} route","timestamp":"2025-04-29 06:28:10"}
{"context":"RouterExplorer","level":"info","message":"Mapped {/logistics/warehouse/:id, GET} route","timestamp":"2025-04-29 06:28:10"}
{"context":"RouterExplorer","level":"info","message":"Mapped {/logistics/warehouse/:id, POST} route","timestamp":"2025-04-29 06:28:10"}
{"context":"RoutesResolver","level":"info","message":"OrderController {/order}:","timestamp":"2025-04-29 06:28:10"}
{"context":"RouterExplorer","level":"info","message":"Mapped {/order, POST} route","timestamp":"2025-04-29 06:28:10"}
{"context":"RouterExplorer","level":"info","message":"Mapped {/order, GET} route","timestamp":"2025-04-29 06:28:10"}
{"context":"RouterExplorer","level":"info","message":"Mapped {/order/:id, GET} route","timestamp":"2025-04-29 06:28:10"}
{"context":"RouterExplorer","level":"info","message":"Mapped {/order/:id, PATCH} route","timestamp":"2025-04-29 06:28:10"}
{"context":"RouterExplorer","level":"info","message":"Mapped {/order/:id, DELETE} route","timestamp":"2025-04-29 06:28:10"}
{"context":"RouterExplorer","level":"info","message":"Mapped {/order/batch/update-status, POST} route","timestamp":"2025-04-29 06:28:10"}
{"context":"NestApplication","level":"info","message":"Nest application successfully started","timestamp":"2025-04-29 06:28:10"}
{"context":"Bootstrap","level":"info","message":"애플리케이션이 3001 포트에서 시작되었습니다","timestamp":"2025-04-29 06:28:10"}
{"context":"NestFactory","level":"info","message":"Starting Nest application...","timestamp":"2025-04-29 06:28:24"}
{"context":"InstanceLoader","level":"info","message":"TypeOrmModule dependencies initialized","timestamp":"2025-04-29 06:28:24"}
{"context":"InstanceLoader","level":"info","message":"JwtModule dependencies initialized","timestamp":"2025-04-29 06:28:24"}
{"context":"InstanceLoader","level":"info","message":"ConfigHostModule dependencies initialized","timestamp":"2025-04-29 06:28:24"}
{"context":"InstanceLoader","level":"info","message":"DiscoveryModule dependencies initialized","timestamp":"2025-04-29 06:28:24"}
{"context":"InstanceLoader","level":"info","message":"ConfigModule dependencies initialized","timestamp":"2025-04-29 06:28:24"}
{"context":"InstanceLoader","level":"info","message":"ConfigModule dependencies initialized","timestamp":"2025-04-29 06:28:24"}
{"context":"InstanceLoader","level":"info","message":"ScheduleModule dependencies initialized","timestamp":"2025-04-29 06:28:24"}
{"context":"InstanceLoader","level":"info","message":"LoggerModule dependencies initialized","timestamp":"2025-04-29 06:28:24"}
{"context":"InstanceLoader","level":"info","message":"WinstonModule dependencies initialized","timestamp":"2025-04-29 06:28:24"}
{"context":"InstanceLoader","level":"info","message":"TypeOrmCoreModule dependencies initialized","timestamp":"2025-04-29 06:28:24"}
{"context":"InstanceLoader","level":"info","message":"TypeOrmModule dependencies initialized","timestamp":"2025-04-29 06:28:24"}
{"context":"InstanceLoader","level":"info","message":"TypeOrmModule dependencies initialized","timestamp":"2025-04-29 06:28:24"}
{"context":"InstanceLoader","level":"info","message":"TypeOrmModule dependencies initialized","timestamp":"2025-04-29 06:28:24"}
{"context":"InstanceLoader","level":"info","message":"TypeOrmModule dependencies initialized","timestamp":"2025-04-29 06:28:24"}
{"context":"InstanceLoader","level":"info","message":"TypeOrmModule dependencies initialized","timestamp":"2025-04-29 06:28:24"}
{"context":"InstanceLoader","level":"info","message":"TypeOrmModule dependencies initialized","timestamp":"2025-04-29 06:28:24"}
{"context":"InstanceLoader","level":"info","message":"TypeOrmModule dependencies initialized","timestamp":"2025-04-29 06:28:24"}
{"context":"InstanceLoader","level":"info","message":"AppModule dependencies initialized","timestamp":"2025-04-29 06:28:24"}
{"context":"InstanceLoader","level":"info","message":"CommonModule dependencies initialized","timestamp":"2025-04-29 06:28:24"}
{"context":"InstanceLoader","level":"info","message":"AuthModule dependencies initialized","timestamp":"2025-04-29 06:28:24"}
{"context":"InstanceLoader","level":"info","message":"UserModule dependencies initialized","timestamp":"2025-04-29 06:28:24"}
{"context":"InstanceLoader","level":"info","message":"StoreModule dependencies initialized","timestamp":"2025-04-29 06:28:24"}
{"context":"InstanceLoader","level":"info","message":"OwnerModule dependencies initialized","timestamp":"2025-04-29 06:28:24"}
{"context":"InstanceLoader","level":"info","message":"ItemModule dependencies initialized","timestamp":"2025-04-29 06:28:24"}
{"context":"InstanceLoader","level":"info","message":"LogisticsModule dependencies initialized","timestamp":"2025-04-29 06:28:24"}
{"context":"InstanceLoader","level":"info","message":"OrderModule dependencies initialized","timestamp":"2025-04-29 06:28:24"}
{"context":"RoutesResolver","level":"info","message":"UserController {/user}:","timestamp":"2025-04-29 06:28:24"}
{"context":"RouterExplorer","level":"info","message":"Mapped {/user, POST} route","timestamp":"2025-04-29 06:28:24"}
{"context":"RouterExplorer","level":"info","message":"Mapped {/user, GET} route","timestamp":"2025-04-29 06:28:24"}
{"context":"RouterExplorer","level":"info","message":"Mapped {/user/:id, GET} route","timestamp":"2025-04-29 06:28:24"}
{"context":"RouterExplorer","level":"info","message":"Mapped {/user/:id, PATCH} route","timestamp":"2025-04-29 06:28:24"}
{"context":"RouterExplorer","level":"info","message":"Mapped {/user/:id, DELETE} route","timestamp":"2025-04-29 06:28:24"}
{"context":"RoutesResolver","level":"info","message":"AuthController {/auth}:","timestamp":"2025-04-29 06:28:24"}
{"context":"RouterExplorer","level":"info","message":"Mapped {/auth/login, POST} route","timestamp":"2025-04-29 06:28:24"}
{"context":"RouterExplorer","level":"info","message":"Mapped {/auth/token/newToken, POST} route","timestamp":"2025-04-29 06:28:24"}
{"context":"RoutesResolver","level":"info","message":"StoreController {/store}:","timestamp":"2025-04-29 06:28:24"}
{"context":"RouterExplorer","level":"info","message":"Mapped {/store, POST} route","timestamp":"2025-04-29 06:28:24"}
{"context":"RouterExplorer","level":"info","message":"Mapped {/store, GET} route","timestamp":"2025-04-29 06:28:24"}
{"context":"RouterExplorer","level":"info","message":"Mapped {/store/:id, GET} route","timestamp":"2025-04-29 06:28:24"}
{"context":"RouterExplorer","level":"info","message":"Mapped {/store/:id, PATCH} route","timestamp":"2025-04-29 06:28:24"}
{"context":"RouterExplorer","level":"info","message":"Mapped {/store/:id, DELETE} route","timestamp":"2025-04-29 06:28:24"}
{"context":"RouterExplorer","level":"info","message":"Mapped {/store/warehouse, POST} route","timestamp":"2025-04-29 06:28:24"}
{"context":"RoutesResolver","level":"info","message":"OwnerController {/owner}:","timestamp":"2025-04-29 06:28:24"}
{"context":"RouterExplorer","level":"info","message":"Mapped {/owner, POST} route","timestamp":"2025-04-29 06:28:24"}
{"context":"RouterExplorer","level":"info","message":"Mapped {/owner, GET} route","timestamp":"2025-04-29 06:28:24"}
{"context":"RouterExplorer","level":"info","message":"Mapped {/owner/:id, GET} route","timestamp":"2025-04-29 06:28:24"}
{"context":"RouterExplorer","level":"info","message":"Mapped {/owner/:id, PATCH} route","timestamp":"2025-04-29 06:28:24"}
{"context":"RouterExplorer","level":"info","message":"Mapped {/owner/:id, DELETE} route","timestamp":"2025-04-29 06:28:24"}
{"context":"RoutesResolver","level":"info","message":"ItemController {/item}:","timestamp":"2025-04-29 06:28:24"}
{"context":"RouterExplorer","level":"info","message":"Mapped {/item, POST} route","timestamp":"2025-04-29 06:28:24"}
{"context":"RouterExplorer","level":"info","message":"Mapped {/item, GET} route","timestamp":"2025-04-29 06:28:24"}
{"context":"RouterExplorer","level":"info","message":"Mapped {/item/:id, GET} route","timestamp":"2025-04-29 06:28:24"}
{"context":"RouterExplorer","level":"info","message":"Mapped {/item/:id, PATCH} route","timestamp":"2025-04-29 06:28:24"}
{"context":"RouterExplorer","level":"info","message":"Mapped {/item/:id, DELETE} route","timestamp":"2025-04-29 06:28:24"}
{"context":"RouterExplorer","level":"info","message":"Mapped {/item/logistics, POST} route","timestamp":"2025-04-29 06:28:24"}
{"context":"RoutesResolver","level":"info","message":"LogisticsController {/logistics}:","timestamp":"2025-04-29 06:28:24"}
{"context":"RouterExplorer","level":"info","message":"Mapped {/logistics, POST} route","timestamp":"2025-04-29 06:28:24"}
{"context":"RouterExplorer","level":"info","message":"Mapped {/logistics, GET} route","timestamp":"2025-04-29 06:28:24"}
{"context":"RouterExplorer","level":"info","message":"Mapped {/logistics/:id, GET} route","timestamp":"2025-04-29 06:28:24"}
{"context":"RouterExplorer","level":"info","message":"Mapped {/logistics/:id, PATCH} route","timestamp":"2025-04-29 06:28:24"}
{"context":"RouterExplorer","level":"info","message":"Mapped {/logistics/:id, DELETE} route","timestamp":"2025-04-29 06:28:24"}
{"context":"RouterExplorer","level":"info","message":"Mapped {/logistics/warehouse/:id, GET} route","timestamp":"2025-04-29 06:28:24"}
{"context":"RouterExplorer","level":"info","message":"Mapped {/logistics/warehouse/:id, POST} route","timestamp":"2025-04-29 06:28:24"}
{"context":"RoutesResolver","level":"info","message":"OrderController {/order}:","timestamp":"2025-04-29 06:28:24"}
{"context":"RouterExplorer","level":"info","message":"Mapped {/order, POST} route","timestamp":"2025-04-29 06:28:24"}
{"context":"RouterExplorer","level":"info","message":"Mapped {/order, GET} route","timestamp":"2025-04-29 06:28:24"}
{"context":"RouterExplorer","level":"info","message":"Mapped {/order/:id, GET} route","timestamp":"2025-04-29 06:28:24"}
{"context":"RouterExplorer","level":"info","message":"Mapped {/order/:id, PATCH} route","timestamp":"2025-04-29 06:28:24"}
{"context":"RouterExplorer","level":"info","message":"Mapped {/order/:id, DELETE} route","timestamp":"2025-04-29 06:28:24"}
{"context":"RouterExplorer","level":"info","message":"Mapped {/order/batch/update-status, POST} route","timestamp":"2025-04-29 06:28:24"}
{"context":"NestApplication","level":"info","message":"Nest application successfully started","timestamp":"2025-04-29 06:28:24"}
{"context":"Bootstrap","level":"info","message":"애플리케이션이 3001 포트에서 시작되었습니다","timestamp":"2025-04-29 06:28:24"}
{"context":"HttpExceptionFilter","level":"error","message":"[예외] POST /user 401 - 인증이 필요합니다.","timestamp":"2025-04-29 06:28:27","trace":"UnauthorizedException: 인증이 필요합니다.\n    at RBACGuard.canActivate (/app/src/auth/guard/rbac.guard.ts:29:13)\n    at GuardsConsumer.tryActivate (/app/node_modules/.pnpm/@nestjs+core@10.4.17_@nestjs+common@10.4.17_class-transformer@0.5.1_class-validator@0.1_eae1b69253770746a482487d36064dac/node_modules/@nestjs/core/guards/guards-consumer.js:15:34)\n    at canActivateFn (/app/node_modules/.pnpm/@nestjs+core@10.4.17_@nestjs+common@10.4.17_class-transformer@0.5.1_class-validator@0.1_eae1b69253770746a482487d36064dac/node_modules/@nestjs/core/router/router-execution-context.js:135:59)\n    at /app/node_modules/.pnpm/@nestjs+core@10.4.17_@nestjs+common@10.4.17_class-transformer@0.5.1_class-validator@0.1_eae1b69253770746a482487d36064dac/node_modules/@nestjs/core/router/router-execution-context.js:42:37\n    at /app/node_modules/.pnpm/@nestjs+core@10.4.17_@nestjs+common@10.4.17_class-transformer@0.5.1_class-validator@0.1_eae1b69253770746a482487d36064dac/node_modules/@nestjs/core/router/router-proxy.js:9:23\n    at Layer.handle [as handle_request] (/app/node_modules/.pnpm/express@4.21.2/node_modules/express/lib/router/layer.js:95:5)\n    at next (/app/node_modules/.pnpm/express@4.21.2/node_modules/express/lib/router/route.js:149:13)\n    at Route.dispatch (/app/node_modules/.pnpm/express@4.21.2/node_modules/express/lib/router/route.js:119:3)\n    at Layer.handle [as handle_request] (/app/node_modules/.pnpm/express@4.21.2/node_modules/express/lib/router/layer.js:95:5)\n    at /app/node_modules/.pnpm/express@4.21.2/node_modules/express/lib/router/index.js:284:15"}
{"details":{"headers":{"accept":"*/*","accept-encoding":"gzip, deflate, br","authorization":"Bearer eyJhbGciOiJIUzI1NiIsInR5cCI6IkpXVCJ9.eyJzdWIiOjEwLCJyb2xlIjoxLCJ0eXBlIjoiYWNjZXNzIiwiaWF0IjoxNzQ1ODk0NTA1LCJleHAiOjE3NDU4OTc1MDV9.eISdy6EfP-A7WM_M-51geY8-UEUrXeobEbHo-IEcwug","cache-control":"no-cache","connection":"keep-alive","content-length":"117","content-type":"application/json","host":"localhost:3001","postman-token":"4a55e549-e8e0-4581-b401-598aba8bf870","user-agent":"PostmanRuntime/7.43.3"},"ip":"::ffff:192.168.65.1","method":"POST","path":"/user"},"event":"인증/인가 실패","level":"warn","message":"보안 이벤트","timestamp":"2025-04-29T06:28:27.459Z","userId":"unknown"}
{"context":"HttpExceptionFilter","level":"error","message":"[예외] POST /user 401 - 인증이 필요합니다.","timestamp":"2025-04-29 06:28:28","trace":"UnauthorizedException: 인증이 필요합니다.\n    at RBACGuard.canActivate (/app/src/auth/guard/rbac.guard.ts:29:13)\n    at GuardsConsumer.tryActivate (/app/node_modules/.pnpm/@nestjs+core@10.4.17_@nestjs+common@10.4.17_class-transformer@0.5.1_class-validator@0.1_eae1b69253770746a482487d36064dac/node_modules/@nestjs/core/guards/guards-consumer.js:15:34)\n    at canActivateFn (/app/node_modules/.pnpm/@nestjs+core@10.4.17_@nestjs+common@10.4.17_class-transformer@0.5.1_class-validator@0.1_eae1b69253770746a482487d36064dac/node_modules/@nestjs/core/router/router-execution-context.js:135:59)\n    at /app/node_modules/.pnpm/@nestjs+core@10.4.17_@nestjs+common@10.4.17_class-transformer@0.5.1_class-validator@0.1_eae1b69253770746a482487d36064dac/node_modules/@nestjs/core/router/router-execution-context.js:42:37\n    at /app/node_modules/.pnpm/@nestjs+core@10.4.17_@nestjs+common@10.4.17_class-transformer@0.5.1_class-validator@0.1_eae1b69253770746a482487d36064dac/node_modules/@nestjs/core/router/router-proxy.js:9:23\n    at Layer.handle [as handle_request] (/app/node_modules/.pnpm/express@4.21.2/node_modules/express/lib/router/layer.js:95:5)\n    at next (/app/node_modules/.pnpm/express@4.21.2/node_modules/express/lib/router/route.js:149:13)\n    at Route.dispatch (/app/node_modules/.pnpm/express@4.21.2/node_modules/express/lib/router/route.js:119:3)\n    at Layer.handle [as handle_request] (/app/node_modules/.pnpm/express@4.21.2/node_modules/express/lib/router/layer.js:95:5)\n    at /app/node_modules/.pnpm/express@4.21.2/node_modules/express/lib/router/index.js:284:15"}
{"details":{"headers":{"accept":"*/*","accept-encoding":"gzip, deflate, br","authorization":"Bearer eyJhbGciOiJIUzI1NiIsInR5cCI6IkpXVCJ9.eyJzdWIiOjEwLCJyb2xlIjoxLCJ0eXBlIjoiYWNjZXNzIiwiaWF0IjoxNzQ1ODk0NTA1LCJleHAiOjE3NDU4OTc1MDV9.eISdy6EfP-A7WM_M-51geY8-UEUrXeobEbHo-IEcwug","cache-control":"no-cache","connection":"keep-alive","content-length":"117","content-type":"application/json","host":"localhost:3001","postman-token":"9a41511e-585b-49db-b2eb-7cc7c7a51950","user-agent":"PostmanRuntime/7.43.3"},"ip":"::ffff:192.168.65.1","method":"POST","path":"/user"},"event":"인증/인가 실패","level":"warn","message":"보안 이벤트","timestamp":"2025-04-29T06:28:28.269Z","userId":"unknown"}
{"context":"NestFactory","level":"info","message":"Starting Nest application...","timestamp":"2025-04-29 06:28:31"}
{"context":"InstanceLoader","level":"info","message":"TypeOrmModule dependencies initialized","timestamp":"2025-04-29 06:28:31"}
{"context":"InstanceLoader","level":"info","message":"JwtModule dependencies initialized","timestamp":"2025-04-29 06:28:31"}
{"context":"InstanceLoader","level":"info","message":"ConfigHostModule dependencies initialized","timestamp":"2025-04-29 06:28:31"}
{"context":"InstanceLoader","level":"info","message":"DiscoveryModule dependencies initialized","timestamp":"2025-04-29 06:28:31"}
{"context":"InstanceLoader","level":"info","message":"ConfigModule dependencies initialized","timestamp":"2025-04-29 06:28:31"}
{"context":"InstanceLoader","level":"info","message":"ConfigModule dependencies initialized","timestamp":"2025-04-29 06:28:31"}
{"context":"InstanceLoader","level":"info","message":"ScheduleModule dependencies initialized","timestamp":"2025-04-29 06:28:31"}
{"context":"InstanceLoader","level":"info","message":"LoggerModule dependencies initialized","timestamp":"2025-04-29 06:28:31"}
{"context":"InstanceLoader","level":"info","message":"WinstonModule dependencies initialized","timestamp":"2025-04-29 06:28:31"}
{"context":"InstanceLoader","level":"info","message":"TypeOrmCoreModule dependencies initialized","timestamp":"2025-04-29 06:28:31"}
{"context":"InstanceLoader","level":"info","message":"TypeOrmModule dependencies initialized","timestamp":"2025-04-29 06:28:31"}
{"context":"InstanceLoader","level":"info","message":"TypeOrmModule dependencies initialized","timestamp":"2025-04-29 06:28:31"}
{"context":"InstanceLoader","level":"info","message":"TypeOrmModule dependencies initialized","timestamp":"2025-04-29 06:28:31"}
{"context":"InstanceLoader","level":"info","message":"TypeOrmModule dependencies initialized","timestamp":"2025-04-29 06:28:31"}
{"context":"InstanceLoader","level":"info","message":"TypeOrmModule dependencies initialized","timestamp":"2025-04-29 06:28:31"}
{"context":"InstanceLoader","level":"info","message":"TypeOrmModule dependencies initialized","timestamp":"2025-04-29 06:28:31"}
{"context":"InstanceLoader","level":"info","message":"TypeOrmModule dependencies initialized","timestamp":"2025-04-29 06:28:31"}
{"context":"InstanceLoader","level":"info","message":"AppModule dependencies initialized","timestamp":"2025-04-29 06:28:31"}
{"context":"InstanceLoader","level":"info","message":"CommonModule dependencies initialized","timestamp":"2025-04-29 06:28:31"}
{"context":"InstanceLoader","level":"info","message":"AuthModule dependencies initialized","timestamp":"2025-04-29 06:28:31"}
{"context":"InstanceLoader","level":"info","message":"UserModule dependencies initialized","timestamp":"2025-04-29 06:28:31"}
{"context":"InstanceLoader","level":"info","message":"StoreModule dependencies initialized","timestamp":"2025-04-29 06:28:31"}
{"context":"InstanceLoader","level":"info","message":"OwnerModule dependencies initialized","timestamp":"2025-04-29 06:28:31"}
{"context":"InstanceLoader","level":"info","message":"ItemModule dependencies initialized","timestamp":"2025-04-29 06:28:31"}
{"context":"InstanceLoader","level":"info","message":"LogisticsModule dependencies initialized","timestamp":"2025-04-29 06:28:31"}
{"context":"InstanceLoader","level":"info","message":"OrderModule dependencies initialized","timestamp":"2025-04-29 06:28:31"}
{"context":"RoutesResolver","level":"info","message":"UserController {/user}:","timestamp":"2025-04-29 06:28:31"}
{"context":"RouterExplorer","level":"info","message":"Mapped {/user, POST} route","timestamp":"2025-04-29 06:28:31"}
{"context":"RouterExplorer","level":"info","message":"Mapped {/user, GET} route","timestamp":"2025-04-29 06:28:31"}
{"context":"RouterExplorer","level":"info","message":"Mapped {/user/:id, GET} route","timestamp":"2025-04-29 06:28:31"}
{"context":"RouterExplorer","level":"info","message":"Mapped {/user/:id, PATCH} route","timestamp":"2025-04-29 06:28:31"}
{"context":"RouterExplorer","level":"info","message":"Mapped {/user/:id, DELETE} route","timestamp":"2025-04-29 06:28:31"}
{"context":"RoutesResolver","level":"info","message":"AuthController {/auth}:","timestamp":"2025-04-29 06:28:31"}
{"context":"RouterExplorer","level":"info","message":"Mapped {/auth/login, POST} route","timestamp":"2025-04-29 06:28:31"}
{"context":"RouterExplorer","level":"info","message":"Mapped {/auth/token/newToken, POST} route","timestamp":"2025-04-29 06:28:31"}
{"context":"RoutesResolver","level":"info","message":"StoreController {/store}:","timestamp":"2025-04-29 06:28:31"}
{"context":"RouterExplorer","level":"info","message":"Mapped {/store, POST} route","timestamp":"2025-04-29 06:28:31"}
{"context":"RouterExplorer","level":"info","message":"Mapped {/store, GET} route","timestamp":"2025-04-29 06:28:31"}
{"context":"RouterExplorer","level":"info","message":"Mapped {/store/:id, GET} route","timestamp":"2025-04-29 06:28:31"}
{"context":"RouterExplorer","level":"info","message":"Mapped {/store/:id, PATCH} route","timestamp":"2025-04-29 06:28:31"}
{"context":"RouterExplorer","level":"info","message":"Mapped {/store/:id, DELETE} route","timestamp":"2025-04-29 06:28:31"}
{"context":"RouterExplorer","level":"info","message":"Mapped {/store/warehouse, POST} route","timestamp":"2025-04-29 06:28:31"}
{"context":"RoutesResolver","level":"info","message":"OwnerController {/owner}:","timestamp":"2025-04-29 06:28:31"}
{"context":"RouterExplorer","level":"info","message":"Mapped {/owner, POST} route","timestamp":"2025-04-29 06:28:31"}
{"context":"RouterExplorer","level":"info","message":"Mapped {/owner, GET} route","timestamp":"2025-04-29 06:28:31"}
{"context":"RouterExplorer","level":"info","message":"Mapped {/owner/:id, GET} route","timestamp":"2025-04-29 06:28:31"}
{"context":"RouterExplorer","level":"info","message":"Mapped {/owner/:id, PATCH} route","timestamp":"2025-04-29 06:28:31"}
{"context":"RouterExplorer","level":"info","message":"Mapped {/owner/:id, DELETE} route","timestamp":"2025-04-29 06:28:31"}
{"context":"RoutesResolver","level":"info","message":"ItemController {/item}:","timestamp":"2025-04-29 06:28:31"}
{"context":"RouterExplorer","level":"info","message":"Mapped {/item, POST} route","timestamp":"2025-04-29 06:28:31"}
{"context":"RouterExplorer","level":"info","message":"Mapped {/item, GET} route","timestamp":"2025-04-29 06:28:31"}
{"context":"RouterExplorer","level":"info","message":"Mapped {/item/:id, GET} route","timestamp":"2025-04-29 06:28:31"}
{"context":"RouterExplorer","level":"info","message":"Mapped {/item/:id, PATCH} route","timestamp":"2025-04-29 06:28:31"}
{"context":"RouterExplorer","level":"info","message":"Mapped {/item/:id, DELETE} route","timestamp":"2025-04-29 06:28:31"}
{"context":"RouterExplorer","level":"info","message":"Mapped {/item/logistics, POST} route","timestamp":"2025-04-29 06:28:31"}
{"context":"RoutesResolver","level":"info","message":"LogisticsController {/logistics}:","timestamp":"2025-04-29 06:28:31"}
{"context":"RouterExplorer","level":"info","message":"Mapped {/logistics, POST} route","timestamp":"2025-04-29 06:28:31"}
{"context":"RouterExplorer","level":"info","message":"Mapped {/logistics, GET} route","timestamp":"2025-04-29 06:28:31"}
{"context":"RouterExplorer","level":"info","message":"Mapped {/logistics/:id, GET} route","timestamp":"2025-04-29 06:28:31"}
{"context":"RouterExplorer","level":"info","message":"Mapped {/logistics/:id, PATCH} route","timestamp":"2025-04-29 06:28:31"}
{"context":"RouterExplorer","level":"info","message":"Mapped {/logistics/:id, DELETE} route","timestamp":"2025-04-29 06:28:31"}
{"context":"RouterExplorer","level":"info","message":"Mapped {/logistics/warehouse/:id, GET} route","timestamp":"2025-04-29 06:28:31"}
{"context":"RouterExplorer","level":"info","message":"Mapped {/logistics/warehouse/:id, POST} route","timestamp":"2025-04-29 06:28:31"}
{"context":"RoutesResolver","level":"info","message":"OrderController {/order}:","timestamp":"2025-04-29 06:28:31"}
{"context":"RouterExplorer","level":"info","message":"Mapped {/order, POST} route","timestamp":"2025-04-29 06:28:31"}
{"context":"RouterExplorer","level":"info","message":"Mapped {/order, GET} route","timestamp":"2025-04-29 06:28:31"}
{"context":"RouterExplorer","level":"info","message":"Mapped {/order/:id, GET} route","timestamp":"2025-04-29 06:28:31"}
{"context":"RouterExplorer","level":"info","message":"Mapped {/order/:id, PATCH} route","timestamp":"2025-04-29 06:28:31"}
{"context":"RouterExplorer","level":"info","message":"Mapped {/order/:id, DELETE} route","timestamp":"2025-04-29 06:28:31"}
{"context":"RouterExplorer","level":"info","message":"Mapped {/order/batch/update-status, POST} route","timestamp":"2025-04-29 06:28:31"}
{"context":"NestApplication","level":"info","message":"Nest application successfully started","timestamp":"2025-04-29 06:28:31"}
{"context":"Bootstrap","level":"info","message":"애플리케이션이 3001 포트에서 시작되었습니다","timestamp":"2025-04-29 06:28:31"}
{"context":"NestFactory","level":"info","message":"Starting Nest application...","timestamp":"2025-04-29 06:28:39"}
{"context":"InstanceLoader","level":"info","message":"TypeOrmModule dependencies initialized","timestamp":"2025-04-29 06:28:39"}
{"context":"InstanceLoader","level":"info","message":"JwtModule dependencies initialized","timestamp":"2025-04-29 06:28:39"}
{"context":"InstanceLoader","level":"info","message":"ConfigHostModule dependencies initialized","timestamp":"2025-04-29 06:28:39"}
{"context":"InstanceLoader","level":"info","message":"DiscoveryModule dependencies initialized","timestamp":"2025-04-29 06:28:39"}
{"context":"InstanceLoader","level":"info","message":"ConfigModule dependencies initialized","timestamp":"2025-04-29 06:28:39"}
{"context":"InstanceLoader","level":"info","message":"ConfigModule dependencies initialized","timestamp":"2025-04-29 06:28:39"}
{"context":"InstanceLoader","level":"info","message":"ScheduleModule dependencies initialized","timestamp":"2025-04-29 06:28:39"}
{"context":"InstanceLoader","level":"info","message":"LoggerModule dependencies initialized","timestamp":"2025-04-29 06:28:39"}
{"context":"InstanceLoader","level":"info","message":"WinstonModule dependencies initialized","timestamp":"2025-04-29 06:28:39"}
{"context":"InstanceLoader","level":"info","message":"TypeOrmCoreModule dependencies initialized","timestamp":"2025-04-29 06:28:39"}
{"context":"InstanceLoader","level":"info","message":"TypeOrmModule dependencies initialized","timestamp":"2025-04-29 06:28:39"}
{"context":"InstanceLoader","level":"info","message":"TypeOrmModule dependencies initialized","timestamp":"2025-04-29 06:28:39"}
{"context":"InstanceLoader","level":"info","message":"TypeOrmModule dependencies initialized","timestamp":"2025-04-29 06:28:39"}
{"context":"InstanceLoader","level":"info","message":"TypeOrmModule dependencies initialized","timestamp":"2025-04-29 06:28:39"}
{"context":"InstanceLoader","level":"info","message":"TypeOrmModule dependencies initialized","timestamp":"2025-04-29 06:28:39"}
{"context":"InstanceLoader","level":"info","message":"TypeOrmModule dependencies initialized","timestamp":"2025-04-29 06:28:39"}
{"context":"InstanceLoader","level":"info","message":"TypeOrmModule dependencies initialized","timestamp":"2025-04-29 06:28:39"}
{"context":"InstanceLoader","level":"info","message":"AppModule dependencies initialized","timestamp":"2025-04-29 06:28:39"}
{"context":"InstanceLoader","level":"info","message":"CommonModule dependencies initialized","timestamp":"2025-04-29 06:28:39"}
{"context":"InstanceLoader","level":"info","message":"AuthModule dependencies initialized","timestamp":"2025-04-29 06:28:39"}
{"context":"InstanceLoader","level":"info","message":"UserModule dependencies initialized","timestamp":"2025-04-29 06:28:39"}
{"context":"InstanceLoader","level":"info","message":"StoreModule dependencies initialized","timestamp":"2025-04-29 06:28:39"}
{"context":"InstanceLoader","level":"info","message":"OwnerModule dependencies initialized","timestamp":"2025-04-29 06:28:39"}
{"context":"InstanceLoader","level":"info","message":"ItemModule dependencies initialized","timestamp":"2025-04-29 06:28:39"}
{"context":"InstanceLoader","level":"info","message":"LogisticsModule dependencies initialized","timestamp":"2025-04-29 06:28:39"}
{"context":"InstanceLoader","level":"info","message":"OrderModule dependencies initialized","timestamp":"2025-04-29 06:28:39"}
{"context":"RoutesResolver","level":"info","message":"UserController {/user}:","timestamp":"2025-04-29 06:28:39"}
{"context":"RouterExplorer","level":"info","message":"Mapped {/user, POST} route","timestamp":"2025-04-29 06:28:39"}
{"context":"RouterExplorer","level":"info","message":"Mapped {/user, GET} route","timestamp":"2025-04-29 06:28:39"}
{"context":"RouterExplorer","level":"info","message":"Mapped {/user/:id, GET} route","timestamp":"2025-04-29 06:28:39"}
{"context":"RouterExplorer","level":"info","message":"Mapped {/user/:id, PATCH} route","timestamp":"2025-04-29 06:28:39"}
{"context":"RouterExplorer","level":"info","message":"Mapped {/user/:id, DELETE} route","timestamp":"2025-04-29 06:28:39"}
{"context":"RoutesResolver","level":"info","message":"AuthController {/auth}:","timestamp":"2025-04-29 06:28:39"}
{"context":"RouterExplorer","level":"info","message":"Mapped {/auth/login, POST} route","timestamp":"2025-04-29 06:28:39"}
{"context":"RouterExplorer","level":"info","message":"Mapped {/auth/token/newToken, POST} route","timestamp":"2025-04-29 06:28:39"}
{"context":"RoutesResolver","level":"info","message":"StoreController {/store}:","timestamp":"2025-04-29 06:28:39"}
{"context":"RouterExplorer","level":"info","message":"Mapped {/store, POST} route","timestamp":"2025-04-29 06:28:39"}
{"context":"RouterExplorer","level":"info","message":"Mapped {/store, GET} route","timestamp":"2025-04-29 06:28:39"}
{"context":"RouterExplorer","level":"info","message":"Mapped {/store/:id, GET} route","timestamp":"2025-04-29 06:28:39"}
{"context":"RouterExplorer","level":"info","message":"Mapped {/store/:id, PATCH} route","timestamp":"2025-04-29 06:28:39"}
{"context":"RouterExplorer","level":"info","message":"Mapped {/store/:id, DELETE} route","timestamp":"2025-04-29 06:28:39"}
{"context":"RouterExplorer","level":"info","message":"Mapped {/store/warehouse, POST} route","timestamp":"2025-04-29 06:28:39"}
{"context":"RoutesResolver","level":"info","message":"OwnerController {/owner}:","timestamp":"2025-04-29 06:28:39"}
{"context":"RouterExplorer","level":"info","message":"Mapped {/owner, POST} route","timestamp":"2025-04-29 06:28:39"}
{"context":"RouterExplorer","level":"info","message":"Mapped {/owner, GET} route","timestamp":"2025-04-29 06:28:39"}
{"context":"RouterExplorer","level":"info","message":"Mapped {/owner/:id, GET} route","timestamp":"2025-04-29 06:28:39"}
{"context":"RouterExplorer","level":"info","message":"Mapped {/owner/:id, PATCH} route","timestamp":"2025-04-29 06:28:39"}
{"context":"RouterExplorer","level":"info","message":"Mapped {/owner/:id, DELETE} route","timestamp":"2025-04-29 06:28:39"}
{"context":"RoutesResolver","level":"info","message":"ItemController {/item}:","timestamp":"2025-04-29 06:28:39"}
{"context":"RouterExplorer","level":"info","message":"Mapped {/item, POST} route","timestamp":"2025-04-29 06:28:39"}
{"context":"RouterExplorer","level":"info","message":"Mapped {/item, GET} route","timestamp":"2025-04-29 06:28:39"}
{"context":"RouterExplorer","level":"info","message":"Mapped {/item/:id, GET} route","timestamp":"2025-04-29 06:28:39"}
{"context":"RouterExplorer","level":"info","message":"Mapped {/item/:id, PATCH} route","timestamp":"2025-04-29 06:28:39"}
{"context":"RouterExplorer","level":"info","message":"Mapped {/item/:id, DELETE} route","timestamp":"2025-04-29 06:28:39"}
{"context":"RouterExplorer","level":"info","message":"Mapped {/item/logistics, POST} route","timestamp":"2025-04-29 06:28:39"}
{"context":"RoutesResolver","level":"info","message":"LogisticsController {/logistics}:","timestamp":"2025-04-29 06:28:39"}
{"context":"RouterExplorer","level":"info","message":"Mapped {/logistics, POST} route","timestamp":"2025-04-29 06:28:39"}
{"context":"RouterExplorer","level":"info","message":"Mapped {/logistics, GET} route","timestamp":"2025-04-29 06:28:39"}
{"context":"RouterExplorer","level":"info","message":"Mapped {/logistics/:id, GET} route","timestamp":"2025-04-29 06:28:39"}
{"context":"RouterExplorer","level":"info","message":"Mapped {/logistics/:id, PATCH} route","timestamp":"2025-04-29 06:28:39"}
{"context":"RouterExplorer","level":"info","message":"Mapped {/logistics/:id, DELETE} route","timestamp":"2025-04-29 06:28:39"}
{"context":"RouterExplorer","level":"info","message":"Mapped {/logistics/warehouse/:id, GET} route","timestamp":"2025-04-29 06:28:39"}
{"context":"RouterExplorer","level":"info","message":"Mapped {/logistics/warehouse/:id, POST} route","timestamp":"2025-04-29 06:28:39"}
{"context":"RoutesResolver","level":"info","message":"OrderController {/order}:","timestamp":"2025-04-29 06:28:39"}
{"context":"RouterExplorer","level":"info","message":"Mapped {/order, POST} route","timestamp":"2025-04-29 06:28:39"}
{"context":"RouterExplorer","level":"info","message":"Mapped {/order, GET} route","timestamp":"2025-04-29 06:28:39"}
{"context":"RouterExplorer","level":"info","message":"Mapped {/order/:id, GET} route","timestamp":"2025-04-29 06:28:39"}
{"context":"RouterExplorer","level":"info","message":"Mapped {/order/:id, PATCH} route","timestamp":"2025-04-29 06:28:39"}
{"context":"RouterExplorer","level":"info","message":"Mapped {/order/:id, DELETE} route","timestamp":"2025-04-29 06:28:39"}
{"context":"RouterExplorer","level":"info","message":"Mapped {/order/batch/update-status, POST} route","timestamp":"2025-04-29 06:28:39"}
{"context":"NestApplication","level":"info","message":"Nest application successfully started","timestamp":"2025-04-29 06:28:39"}
{"context":"Bootstrap","level":"info","message":"애플리케이션이 3001 포트에서 시작되었습니다","timestamp":"2025-04-29 06:28:39"}
{"context":"NestFactory","level":"info","message":"Starting Nest application...","timestamp":"2025-04-29 06:29:05"}
{"context":"InstanceLoader","level":"info","message":"TypeOrmModule dependencies initialized","timestamp":"2025-04-29 06:29:05"}
{"context":"InstanceLoader","level":"info","message":"JwtModule dependencies initialized","timestamp":"2025-04-29 06:29:05"}
{"context":"InstanceLoader","level":"info","message":"ConfigHostModule dependencies initialized","timestamp":"2025-04-29 06:29:05"}
{"context":"InstanceLoader","level":"info","message":"DiscoveryModule dependencies initialized","timestamp":"2025-04-29 06:29:05"}
{"context":"InstanceLoader","level":"info","message":"ConfigModule dependencies initialized","timestamp":"2025-04-29 06:29:05"}
{"context":"InstanceLoader","level":"info","message":"ConfigModule dependencies initialized","timestamp":"2025-04-29 06:29:05"}
{"context":"InstanceLoader","level":"info","message":"ScheduleModule dependencies initialized","timestamp":"2025-04-29 06:29:05"}
{"context":"InstanceLoader","level":"info","message":"LoggerModule dependencies initialized","timestamp":"2025-04-29 06:29:05"}
{"context":"InstanceLoader","level":"info","message":"WinstonModule dependencies initialized","timestamp":"2025-04-29 06:29:05"}
{"context":"InstanceLoader","level":"info","message":"TypeOrmCoreModule dependencies initialized","timestamp":"2025-04-29 06:29:05"}
{"context":"InstanceLoader","level":"info","message":"TypeOrmModule dependencies initialized","timestamp":"2025-04-29 06:29:05"}
{"context":"InstanceLoader","level":"info","message":"TypeOrmModule dependencies initialized","timestamp":"2025-04-29 06:29:05"}
{"context":"InstanceLoader","level":"info","message":"TypeOrmModule dependencies initialized","timestamp":"2025-04-29 06:29:05"}
{"context":"InstanceLoader","level":"info","message":"TypeOrmModule dependencies initialized","timestamp":"2025-04-29 06:29:05"}
{"context":"InstanceLoader","level":"info","message":"TypeOrmModule dependencies initialized","timestamp":"2025-04-29 06:29:05"}
{"context":"InstanceLoader","level":"info","message":"TypeOrmModule dependencies initialized","timestamp":"2025-04-29 06:29:05"}
{"context":"InstanceLoader","level":"info","message":"TypeOrmModule dependencies initialized","timestamp":"2025-04-29 06:29:05"}
{"context":"InstanceLoader","level":"info","message":"AppModule dependencies initialized","timestamp":"2025-04-29 06:29:05"}
{"context":"InstanceLoader","level":"info","message":"CommonModule dependencies initialized","timestamp":"2025-04-29 06:29:05"}
{"context":"InstanceLoader","level":"info","message":"AuthModule dependencies initialized","timestamp":"2025-04-29 06:29:05"}
{"context":"InstanceLoader","level":"info","message":"UserModule dependencies initialized","timestamp":"2025-04-29 06:29:05"}
{"context":"InstanceLoader","level":"info","message":"StoreModule dependencies initialized","timestamp":"2025-04-29 06:29:05"}
{"context":"InstanceLoader","level":"info","message":"OwnerModule dependencies initialized","timestamp":"2025-04-29 06:29:05"}
{"context":"InstanceLoader","level":"info","message":"ItemModule dependencies initialized","timestamp":"2025-04-29 06:29:05"}
{"context":"InstanceLoader","level":"info","message":"LogisticsModule dependencies initialized","timestamp":"2025-04-29 06:29:05"}
{"context":"InstanceLoader","level":"info","message":"OrderModule dependencies initialized","timestamp":"2025-04-29 06:29:05"}
{"context":"RoutesResolver","level":"info","message":"UserController {/user}:","timestamp":"2025-04-29 06:29:05"}
{"context":"RouterExplorer","level":"info","message":"Mapped {/user, POST} route","timestamp":"2025-04-29 06:29:05"}
{"context":"RouterExplorer","level":"info","message":"Mapped {/user, GET} route","timestamp":"2025-04-29 06:29:05"}
{"context":"RouterExplorer","level":"info","message":"Mapped {/user/:id, GET} route","timestamp":"2025-04-29 06:29:05"}
{"context":"RouterExplorer","level":"info","message":"Mapped {/user/:id, PATCH} route","timestamp":"2025-04-29 06:29:05"}
{"context":"RouterExplorer","level":"info","message":"Mapped {/user/:id, DELETE} route","timestamp":"2025-04-29 06:29:05"}
{"context":"RoutesResolver","level":"info","message":"AuthController {/auth}:","timestamp":"2025-04-29 06:29:05"}
{"context":"RouterExplorer","level":"info","message":"Mapped {/auth/login, POST} route","timestamp":"2025-04-29 06:29:05"}
{"context":"RouterExplorer","level":"info","message":"Mapped {/auth/token/newToken, POST} route","timestamp":"2025-04-29 06:29:05"}
{"context":"RoutesResolver","level":"info","message":"StoreController {/store}:","timestamp":"2025-04-29 06:29:05"}
{"context":"RouterExplorer","level":"info","message":"Mapped {/store, POST} route","timestamp":"2025-04-29 06:29:05"}
{"context":"RouterExplorer","level":"info","message":"Mapped {/store, GET} route","timestamp":"2025-04-29 06:29:05"}
{"context":"RouterExplorer","level":"info","message":"Mapped {/store/:id, GET} route","timestamp":"2025-04-29 06:29:05"}
{"context":"RouterExplorer","level":"info","message":"Mapped {/store/:id, PATCH} route","timestamp":"2025-04-29 06:29:05"}
{"context":"RouterExplorer","level":"info","message":"Mapped {/store/:id, DELETE} route","timestamp":"2025-04-29 06:29:05"}
{"context":"RouterExplorer","level":"info","message":"Mapped {/store/warehouse, POST} route","timestamp":"2025-04-29 06:29:05"}
{"context":"RoutesResolver","level":"info","message":"OwnerController {/owner}:","timestamp":"2025-04-29 06:29:05"}
{"context":"RouterExplorer","level":"info","message":"Mapped {/owner, POST} route","timestamp":"2025-04-29 06:29:05"}
{"context":"RouterExplorer","level":"info","message":"Mapped {/owner, GET} route","timestamp":"2025-04-29 06:29:05"}
{"context":"RouterExplorer","level":"info","message":"Mapped {/owner/:id, GET} route","timestamp":"2025-04-29 06:29:05"}
{"context":"RouterExplorer","level":"info","message":"Mapped {/owner/:id, PATCH} route","timestamp":"2025-04-29 06:29:05"}
{"context":"RouterExplorer","level":"info","message":"Mapped {/owner/:id, DELETE} route","timestamp":"2025-04-29 06:29:05"}
{"context":"RoutesResolver","level":"info","message":"ItemController {/item}:","timestamp":"2025-04-29 06:29:05"}
{"context":"RouterExplorer","level":"info","message":"Mapped {/item, POST} route","timestamp":"2025-04-29 06:29:05"}
{"context":"RouterExplorer","level":"info","message":"Mapped {/item, GET} route","timestamp":"2025-04-29 06:29:05"}
{"context":"RouterExplorer","level":"info","message":"Mapped {/item/:id, GET} route","timestamp":"2025-04-29 06:29:05"}
{"context":"RouterExplorer","level":"info","message":"Mapped {/item/:id, PATCH} route","timestamp":"2025-04-29 06:29:05"}
{"context":"RouterExplorer","level":"info","message":"Mapped {/item/:id, DELETE} route","timestamp":"2025-04-29 06:29:05"}
{"context":"RouterExplorer","level":"info","message":"Mapped {/item/logistics, POST} route","timestamp":"2025-04-29 06:29:05"}
{"context":"RoutesResolver","level":"info","message":"LogisticsController {/logistics}:","timestamp":"2025-04-29 06:29:05"}
{"context":"RouterExplorer","level":"info","message":"Mapped {/logistics, POST} route","timestamp":"2025-04-29 06:29:05"}
{"context":"RouterExplorer","level":"info","message":"Mapped {/logistics, GET} route","timestamp":"2025-04-29 06:29:05"}
{"context":"RouterExplorer","level":"info","message":"Mapped {/logistics/:id, GET} route","timestamp":"2025-04-29 06:29:05"}
{"context":"RouterExplorer","level":"info","message":"Mapped {/logistics/:id, PATCH} route","timestamp":"2025-04-29 06:29:05"}
{"context":"RouterExplorer","level":"info","message":"Mapped {/logistics/:id, DELETE} route","timestamp":"2025-04-29 06:29:05"}
{"context":"RouterExplorer","level":"info","message":"Mapped {/logistics/warehouse/:id, GET} route","timestamp":"2025-04-29 06:29:05"}
{"context":"RouterExplorer","level":"info","message":"Mapped {/logistics/warehouse/:id, POST} route","timestamp":"2025-04-29 06:29:05"}
{"context":"RoutesResolver","level":"info","message":"OrderController {/order}:","timestamp":"2025-04-29 06:29:05"}
{"context":"RouterExplorer","level":"info","message":"Mapped {/order, POST} route","timestamp":"2025-04-29 06:29:05"}
{"context":"RouterExplorer","level":"info","message":"Mapped {/order, GET} route","timestamp":"2025-04-29 06:29:05"}
{"context":"RouterExplorer","level":"info","message":"Mapped {/order/:id, GET} route","timestamp":"2025-04-29 06:29:05"}
{"context":"RouterExplorer","level":"info","message":"Mapped {/order/:id, PATCH} route","timestamp":"2025-04-29 06:29:05"}
{"context":"RouterExplorer","level":"info","message":"Mapped {/order/:id, DELETE} route","timestamp":"2025-04-29 06:29:05"}
{"context":"RouterExplorer","level":"info","message":"Mapped {/order/batch/update-status, POST} route","timestamp":"2025-04-29 06:29:05"}
{"context":"NestApplication","level":"info","message":"Nest application successfully started","timestamp":"2025-04-29 06:29:05"}
{"context":"Bootstrap","level":"info","message":"애플리케이션이 3001 포트에서 시작되었습니다","timestamp":"2025-04-29 06:29:05"}
{"level":"info","message":"API 호출","method":"POST","path":"/user","responseTime":139,"statusCode":201,"timestamp":"2025-04-29 06:29:52","userId":"anonymous"}
{"context":"NestFactory","level":"info","message":"Starting Nest application...","timestamp":"2025-04-29 06:30:03"}
{"context":"InstanceLoader","level":"info","message":"TypeOrmModule dependencies initialized","timestamp":"2025-04-29 06:30:03"}
{"context":"InstanceLoader","level":"info","message":"JwtModule dependencies initialized","timestamp":"2025-04-29 06:30:03"}
{"context":"InstanceLoader","level":"info","message":"ConfigHostModule dependencies initialized","timestamp":"2025-04-29 06:30:03"}
{"context":"InstanceLoader","level":"info","message":"DiscoveryModule dependencies initialized","timestamp":"2025-04-29 06:30:03"}
{"context":"InstanceLoader","level":"info","message":"ConfigModule dependencies initialized","timestamp":"2025-04-29 06:30:03"}
{"context":"InstanceLoader","level":"info","message":"ConfigModule dependencies initialized","timestamp":"2025-04-29 06:30:03"}
{"context":"InstanceLoader","level":"info","message":"ScheduleModule dependencies initialized","timestamp":"2025-04-29 06:30:03"}
{"context":"InstanceLoader","level":"info","message":"LoggerModule dependencies initialized","timestamp":"2025-04-29 06:30:03"}
{"context":"InstanceLoader","level":"info","message":"WinstonModule dependencies initialized","timestamp":"2025-04-29 06:30:03"}
{"context":"InstanceLoader","level":"info","message":"TypeOrmCoreModule dependencies initialized","timestamp":"2025-04-29 06:30:03"}
{"context":"InstanceLoader","level":"info","message":"TypeOrmModule dependencies initialized","timestamp":"2025-04-29 06:30:03"}
{"context":"InstanceLoader","level":"info","message":"TypeOrmModule dependencies initialized","timestamp":"2025-04-29 06:30:03"}
{"context":"InstanceLoader","level":"info","message":"TypeOrmModule dependencies initialized","timestamp":"2025-04-29 06:30:03"}
{"context":"InstanceLoader","level":"info","message":"TypeOrmModule dependencies initialized","timestamp":"2025-04-29 06:30:03"}
{"context":"InstanceLoader","level":"info","message":"TypeOrmModule dependencies initialized","timestamp":"2025-04-29 06:30:03"}
{"context":"InstanceLoader","level":"info","message":"TypeOrmModule dependencies initialized","timestamp":"2025-04-29 06:30:03"}
{"context":"InstanceLoader","level":"info","message":"TypeOrmModule dependencies initialized","timestamp":"2025-04-29 06:30:03"}
{"context":"InstanceLoader","level":"info","message":"AppModule dependencies initialized","timestamp":"2025-04-29 06:30:03"}
{"context":"InstanceLoader","level":"info","message":"CommonModule dependencies initialized","timestamp":"2025-04-29 06:30:03"}
{"context":"InstanceLoader","level":"info","message":"AuthModule dependencies initialized","timestamp":"2025-04-29 06:30:03"}
{"context":"InstanceLoader","level":"info","message":"UserModule dependencies initialized","timestamp":"2025-04-29 06:30:03"}
{"context":"InstanceLoader","level":"info","message":"StoreModule dependencies initialized","timestamp":"2025-04-29 06:30:03"}
{"context":"InstanceLoader","level":"info","message":"OwnerModule dependencies initialized","timestamp":"2025-04-29 06:30:03"}
{"context":"InstanceLoader","level":"info","message":"ItemModule dependencies initialized","timestamp":"2025-04-29 06:30:03"}
{"context":"InstanceLoader","level":"info","message":"LogisticsModule dependencies initialized","timestamp":"2025-04-29 06:30:03"}
{"context":"InstanceLoader","level":"info","message":"OrderModule dependencies initialized","timestamp":"2025-04-29 06:30:03"}
{"context":"RoutesResolver","level":"info","message":"UserController {/user}:","timestamp":"2025-04-29 06:30:03"}
{"context":"RouterExplorer","level":"info","message":"Mapped {/user, POST} route","timestamp":"2025-04-29 06:30:03"}
{"context":"RouterExplorer","level":"info","message":"Mapped {/user, GET} route","timestamp":"2025-04-29 06:30:03"}
{"context":"RouterExplorer","level":"info","message":"Mapped {/user/:id, GET} route","timestamp":"2025-04-29 06:30:03"}
{"context":"RouterExplorer","level":"info","message":"Mapped {/user/:id, PATCH} route","timestamp":"2025-04-29 06:30:03"}
{"context":"RouterExplorer","level":"info","message":"Mapped {/user/:id, DELETE} route","timestamp":"2025-04-29 06:30:03"}
{"context":"RoutesResolver","level":"info","message":"AuthController {/auth}:","timestamp":"2025-04-29 06:30:03"}
{"context":"RouterExplorer","level":"info","message":"Mapped {/auth/login, POST} route","timestamp":"2025-04-29 06:30:03"}
{"context":"RouterExplorer","level":"info","message":"Mapped {/auth/token/newToken, POST} route","timestamp":"2025-04-29 06:30:03"}
{"context":"RoutesResolver","level":"info","message":"StoreController {/store}:","timestamp":"2025-04-29 06:30:03"}
{"context":"RouterExplorer","level":"info","message":"Mapped {/store, POST} route","timestamp":"2025-04-29 06:30:03"}
{"context":"RouterExplorer","level":"info","message":"Mapped {/store, GET} route","timestamp":"2025-04-29 06:30:03"}
{"context":"RouterExplorer","level":"info","message":"Mapped {/store/:id, GET} route","timestamp":"2025-04-29 06:30:03"}
{"context":"RouterExplorer","level":"info","message":"Mapped {/store/:id, PATCH} route","timestamp":"2025-04-29 06:30:03"}
{"context":"RouterExplorer","level":"info","message":"Mapped {/store/:id, DELETE} route","timestamp":"2025-04-29 06:30:03"}
{"context":"RouterExplorer","level":"info","message":"Mapped {/store/warehouse, POST} route","timestamp":"2025-04-29 06:30:03"}
{"context":"RoutesResolver","level":"info","message":"OwnerController {/owner}:","timestamp":"2025-04-29 06:30:03"}
{"context":"RouterExplorer","level":"info","message":"Mapped {/owner, POST} route","timestamp":"2025-04-29 06:30:03"}
{"context":"RouterExplorer","level":"info","message":"Mapped {/owner, GET} route","timestamp":"2025-04-29 06:30:03"}
{"context":"RouterExplorer","level":"info","message":"Mapped {/owner/:id, GET} route","timestamp":"2025-04-29 06:30:03"}
{"context":"RouterExplorer","level":"info","message":"Mapped {/owner/:id, PATCH} route","timestamp":"2025-04-29 06:30:03"}
{"context":"RouterExplorer","level":"info","message":"Mapped {/owner/:id, DELETE} route","timestamp":"2025-04-29 06:30:03"}
{"context":"RoutesResolver","level":"info","message":"ItemController {/item}:","timestamp":"2025-04-29 06:30:03"}
{"context":"RouterExplorer","level":"info","message":"Mapped {/item, POST} route","timestamp":"2025-04-29 06:30:03"}
{"context":"RouterExplorer","level":"info","message":"Mapped {/item, GET} route","timestamp":"2025-04-29 06:30:03"}
{"context":"RouterExplorer","level":"info","message":"Mapped {/item/:id, GET} route","timestamp":"2025-04-29 06:30:03"}
{"context":"RouterExplorer","level":"info","message":"Mapped {/item/:id, PATCH} route","timestamp":"2025-04-29 06:30:03"}
{"context":"RouterExplorer","level":"info","message":"Mapped {/item/:id, DELETE} route","timestamp":"2025-04-29 06:30:03"}
{"context":"RouterExplorer","level":"info","message":"Mapped {/item/logistics, POST} route","timestamp":"2025-04-29 06:30:03"}
{"context":"RoutesResolver","level":"info","message":"LogisticsController {/logistics}:","timestamp":"2025-04-29 06:30:03"}
{"context":"RouterExplorer","level":"info","message":"Mapped {/logistics, POST} route","timestamp":"2025-04-29 06:30:03"}
{"context":"RouterExplorer","level":"info","message":"Mapped {/logistics, GET} route","timestamp":"2025-04-29 06:30:03"}
{"context":"RouterExplorer","level":"info","message":"Mapped {/logistics/:id, GET} route","timestamp":"2025-04-29 06:30:03"}
{"context":"RouterExplorer","level":"info","message":"Mapped {/logistics/:id, PATCH} route","timestamp":"2025-04-29 06:30:03"}
{"context":"RouterExplorer","level":"info","message":"Mapped {/logistics/:id, DELETE} route","timestamp":"2025-04-29 06:30:03"}
{"context":"RouterExplorer","level":"info","message":"Mapped {/logistics/warehouse/:id, GET} route","timestamp":"2025-04-29 06:30:03"}
{"context":"RouterExplorer","level":"info","message":"Mapped {/logistics/warehouse/:id, POST} route","timestamp":"2025-04-29 06:30:03"}
{"context":"RoutesResolver","level":"info","message":"OrderController {/order}:","timestamp":"2025-04-29 06:30:03"}
{"context":"RouterExplorer","level":"info","message":"Mapped {/order, POST} route","timestamp":"2025-04-29 06:30:03"}
{"context":"RouterExplorer","level":"info","message":"Mapped {/order, GET} route","timestamp":"2025-04-29 06:30:03"}
{"context":"RouterExplorer","level":"info","message":"Mapped {/order/:id, GET} route","timestamp":"2025-04-29 06:30:03"}
{"context":"RouterExplorer","level":"info","message":"Mapped {/order/:id, PATCH} route","timestamp":"2025-04-29 06:30:03"}
{"context":"RouterExplorer","level":"info","message":"Mapped {/order/:id, DELETE} route","timestamp":"2025-04-29 06:30:03"}
{"context":"RouterExplorer","level":"info","message":"Mapped {/order/batch/update-status, POST} route","timestamp":"2025-04-29 06:30:03"}
{"context":"NestApplication","level":"info","message":"Nest application successfully started","timestamp":"2025-04-29 06:30:03"}
{"context":"Bootstrap","level":"info","message":"애플리케이션이 3001 포트에서 시작되었습니다","timestamp":"2025-04-29 06:30:03"}
{"context":"NestFactory","level":"info","message":"Starting Nest application...","timestamp":"2025-04-29 06:30:12"}
{"context":"InstanceLoader","level":"info","message":"TypeOrmModule dependencies initialized","timestamp":"2025-04-29 06:30:12"}
{"context":"InstanceLoader","level":"info","message":"JwtModule dependencies initialized","timestamp":"2025-04-29 06:30:12"}
{"context":"InstanceLoader","level":"info","message":"ConfigHostModule dependencies initialized","timestamp":"2025-04-29 06:30:12"}
{"context":"InstanceLoader","level":"info","message":"DiscoveryModule dependencies initialized","timestamp":"2025-04-29 06:30:12"}
{"context":"InstanceLoader","level":"info","message":"ConfigModule dependencies initialized","timestamp":"2025-04-29 06:30:12"}
{"context":"InstanceLoader","level":"info","message":"ConfigModule dependencies initialized","timestamp":"2025-04-29 06:30:12"}
{"context":"InstanceLoader","level":"info","message":"ScheduleModule dependencies initialized","timestamp":"2025-04-29 06:30:12"}
{"context":"InstanceLoader","level":"info","message":"LoggerModule dependencies initialized","timestamp":"2025-04-29 06:30:12"}
{"context":"InstanceLoader","level":"info","message":"WinstonModule dependencies initialized","timestamp":"2025-04-29 06:30:12"}
{"context":"InstanceLoader","level":"info","message":"TypeOrmCoreModule dependencies initialized","timestamp":"2025-04-29 06:30:12"}
{"context":"InstanceLoader","level":"info","message":"TypeOrmModule dependencies initialized","timestamp":"2025-04-29 06:30:12"}
{"context":"InstanceLoader","level":"info","message":"TypeOrmModule dependencies initialized","timestamp":"2025-04-29 06:30:12"}
{"context":"InstanceLoader","level":"info","message":"TypeOrmModule dependencies initialized","timestamp":"2025-04-29 06:30:12"}
{"context":"InstanceLoader","level":"info","message":"TypeOrmModule dependencies initialized","timestamp":"2025-04-29 06:30:12"}
{"context":"InstanceLoader","level":"info","message":"TypeOrmModule dependencies initialized","timestamp":"2025-04-29 06:30:12"}
{"context":"InstanceLoader","level":"info","message":"TypeOrmModule dependencies initialized","timestamp":"2025-04-29 06:30:12"}
{"context":"InstanceLoader","level":"info","message":"TypeOrmModule dependencies initialized","timestamp":"2025-04-29 06:30:12"}
{"context":"InstanceLoader","level":"info","message":"AppModule dependencies initialized","timestamp":"2025-04-29 06:30:12"}
{"context":"InstanceLoader","level":"info","message":"CommonModule dependencies initialized","timestamp":"2025-04-29 06:30:12"}
{"context":"InstanceLoader","level":"info","message":"AuthModule dependencies initialized","timestamp":"2025-04-29 06:30:12"}
{"context":"InstanceLoader","level":"info","message":"UserModule dependencies initialized","timestamp":"2025-04-29 06:30:12"}
{"context":"InstanceLoader","level":"info","message":"StoreModule dependencies initialized","timestamp":"2025-04-29 06:30:12"}
{"context":"InstanceLoader","level":"info","message":"OwnerModule dependencies initialized","timestamp":"2025-04-29 06:30:12"}
{"context":"InstanceLoader","level":"info","message":"ItemModule dependencies initialized","timestamp":"2025-04-29 06:30:12"}
{"context":"InstanceLoader","level":"info","message":"LogisticsModule dependencies initialized","timestamp":"2025-04-29 06:30:12"}
{"context":"InstanceLoader","level":"info","message":"OrderModule dependencies initialized","timestamp":"2025-04-29 06:30:12"}
{"context":"RoutesResolver","level":"info","message":"UserController {/user}:","timestamp":"2025-04-29 06:30:12"}
{"context":"RouterExplorer","level":"info","message":"Mapped {/user, POST} route","timestamp":"2025-04-29 06:30:12"}
{"context":"RouterExplorer","level":"info","message":"Mapped {/user, GET} route","timestamp":"2025-04-29 06:30:12"}
{"context":"RouterExplorer","level":"info","message":"Mapped {/user/:id, GET} route","timestamp":"2025-04-29 06:30:12"}
{"context":"RouterExplorer","level":"info","message":"Mapped {/user/:id, PATCH} route","timestamp":"2025-04-29 06:30:12"}
{"context":"RouterExplorer","level":"info","message":"Mapped {/user/:id, DELETE} route","timestamp":"2025-04-29 06:30:12"}
{"context":"RoutesResolver","level":"info","message":"AuthController {/auth}:","timestamp":"2025-04-29 06:30:12"}
{"context":"RouterExplorer","level":"info","message":"Mapped {/auth/login, POST} route","timestamp":"2025-04-29 06:30:12"}
{"context":"RouterExplorer","level":"info","message":"Mapped {/auth/token/newToken, POST} route","timestamp":"2025-04-29 06:30:12"}
{"context":"RoutesResolver","level":"info","message":"StoreController {/store}:","timestamp":"2025-04-29 06:30:12"}
{"context":"RouterExplorer","level":"info","message":"Mapped {/store, POST} route","timestamp":"2025-04-29 06:30:12"}
{"context":"RouterExplorer","level":"info","message":"Mapped {/store, GET} route","timestamp":"2025-04-29 06:30:12"}
{"context":"RouterExplorer","level":"info","message":"Mapped {/store/:id, GET} route","timestamp":"2025-04-29 06:30:12"}
{"context":"RouterExplorer","level":"info","message":"Mapped {/store/:id, PATCH} route","timestamp":"2025-04-29 06:30:12"}
{"context":"RouterExplorer","level":"info","message":"Mapped {/store/:id, DELETE} route","timestamp":"2025-04-29 06:30:12"}
{"context":"RouterExplorer","level":"info","message":"Mapped {/store/warehouse, POST} route","timestamp":"2025-04-29 06:30:12"}
{"context":"RoutesResolver","level":"info","message":"OwnerController {/owner}:","timestamp":"2025-04-29 06:30:12"}
{"context":"RouterExplorer","level":"info","message":"Mapped {/owner, POST} route","timestamp":"2025-04-29 06:30:12"}
{"context":"RouterExplorer","level":"info","message":"Mapped {/owner, GET} route","timestamp":"2025-04-29 06:30:12"}
{"context":"RouterExplorer","level":"info","message":"Mapped {/owner/:id, GET} route","timestamp":"2025-04-29 06:30:12"}
{"context":"RouterExplorer","level":"info","message":"Mapped {/owner/:id, PATCH} route","timestamp":"2025-04-29 06:30:12"}
{"context":"RouterExplorer","level":"info","message":"Mapped {/owner/:id, DELETE} route","timestamp":"2025-04-29 06:30:12"}
{"context":"RoutesResolver","level":"info","message":"ItemController {/item}:","timestamp":"2025-04-29 06:30:12"}
{"context":"RouterExplorer","level":"info","message":"Mapped {/item, POST} route","timestamp":"2025-04-29 06:30:12"}
{"context":"RouterExplorer","level":"info","message":"Mapped {/item, GET} route","timestamp":"2025-04-29 06:30:12"}
{"context":"RouterExplorer","level":"info","message":"Mapped {/item/:id, GET} route","timestamp":"2025-04-29 06:30:12"}
{"context":"RouterExplorer","level":"info","message":"Mapped {/item/:id, PATCH} route","timestamp":"2025-04-29 06:30:12"}
{"context":"RouterExplorer","level":"info","message":"Mapped {/item/:id, DELETE} route","timestamp":"2025-04-29 06:30:12"}
{"context":"RouterExplorer","level":"info","message":"Mapped {/item/logistics, POST} route","timestamp":"2025-04-29 06:30:12"}
{"context":"RoutesResolver","level":"info","message":"LogisticsController {/logistics}:","timestamp":"2025-04-29 06:30:12"}
{"context":"RouterExplorer","level":"info","message":"Mapped {/logistics, POST} route","timestamp":"2025-04-29 06:30:12"}
{"context":"RouterExplorer","level":"info","message":"Mapped {/logistics, GET} route","timestamp":"2025-04-29 06:30:12"}
{"context":"RouterExplorer","level":"info","message":"Mapped {/logistics/:id, GET} route","timestamp":"2025-04-29 06:30:12"}
{"context":"RouterExplorer","level":"info","message":"Mapped {/logistics/:id, PATCH} route","timestamp":"2025-04-29 06:30:12"}
{"context":"RouterExplorer","level":"info","message":"Mapped {/logistics/:id, DELETE} route","timestamp":"2025-04-29 06:30:12"}
{"context":"RouterExplorer","level":"info","message":"Mapped {/logistics/warehouse/:id, GET} route","timestamp":"2025-04-29 06:30:12"}
{"context":"RouterExplorer","level":"info","message":"Mapped {/logistics/warehouse/:id, POST} route","timestamp":"2025-04-29 06:30:12"}
{"context":"RoutesResolver","level":"info","message":"OrderController {/order}:","timestamp":"2025-04-29 06:30:12"}
{"context":"RouterExplorer","level":"info","message":"Mapped {/order, POST} route","timestamp":"2025-04-29 06:30:12"}
{"context":"RouterExplorer","level":"info","message":"Mapped {/order, GET} route","timestamp":"2025-04-29 06:30:12"}
{"context":"RouterExplorer","level":"info","message":"Mapped {/order/:id, GET} route","timestamp":"2025-04-29 06:30:12"}
{"context":"RouterExplorer","level":"info","message":"Mapped {/order/:id, PATCH} route","timestamp":"2025-04-29 06:30:12"}
{"context":"RouterExplorer","level":"info","message":"Mapped {/order/:id, DELETE} route","timestamp":"2025-04-29 06:30:12"}
{"context":"RouterExplorer","level":"info","message":"Mapped {/order/batch/update-status, POST} route","timestamp":"2025-04-29 06:30:12"}
{"context":"NestApplication","level":"info","message":"Nest application successfully started","timestamp":"2025-04-29 06:30:12"}
{"context":"Bootstrap","level":"info","message":"애플리케이션이 3001 포트에서 시작되었습니다","timestamp":"2025-04-29 06:30:12"}
{"context":"NestFactory","level":"info","message":"Starting Nest application...","timestamp":"2025-04-29 06:30:19"}
{"context":"InstanceLoader","level":"info","message":"TypeOrmModule dependencies initialized","timestamp":"2025-04-29 06:30:19"}
{"context":"InstanceLoader","level":"info","message":"JwtModule dependencies initialized","timestamp":"2025-04-29 06:30:19"}
{"context":"InstanceLoader","level":"info","message":"ConfigHostModule dependencies initialized","timestamp":"2025-04-29 06:30:19"}
{"context":"InstanceLoader","level":"info","message":"DiscoveryModule dependencies initialized","timestamp":"2025-04-29 06:30:19"}
{"context":"InstanceLoader","level":"info","message":"ConfigModule dependencies initialized","timestamp":"2025-04-29 06:30:19"}
{"context":"InstanceLoader","level":"info","message":"ConfigModule dependencies initialized","timestamp":"2025-04-29 06:30:19"}
{"context":"InstanceLoader","level":"info","message":"ScheduleModule dependencies initialized","timestamp":"2025-04-29 06:30:19"}
{"context":"InstanceLoader","level":"info","message":"LoggerModule dependencies initialized","timestamp":"2025-04-29 06:30:19"}
{"context":"InstanceLoader","level":"info","message":"WinstonModule dependencies initialized","timestamp":"2025-04-29 06:30:19"}
{"context":"InstanceLoader","level":"info","message":"TypeOrmCoreModule dependencies initialized","timestamp":"2025-04-29 06:30:19"}
{"context":"InstanceLoader","level":"info","message":"TypeOrmModule dependencies initialized","timestamp":"2025-04-29 06:30:19"}
{"context":"InstanceLoader","level":"info","message":"TypeOrmModule dependencies initialized","timestamp":"2025-04-29 06:30:19"}
{"context":"InstanceLoader","level":"info","message":"TypeOrmModule dependencies initialized","timestamp":"2025-04-29 06:30:19"}
{"context":"InstanceLoader","level":"info","message":"TypeOrmModule dependencies initialized","timestamp":"2025-04-29 06:30:19"}
{"context":"InstanceLoader","level":"info","message":"TypeOrmModule dependencies initialized","timestamp":"2025-04-29 06:30:19"}
{"context":"InstanceLoader","level":"info","message":"TypeOrmModule dependencies initialized","timestamp":"2025-04-29 06:30:19"}
{"context":"InstanceLoader","level":"info","message":"TypeOrmModule dependencies initialized","timestamp":"2025-04-29 06:30:19"}
{"context":"InstanceLoader","level":"info","message":"AppModule dependencies initialized","timestamp":"2025-04-29 06:30:19"}
{"context":"InstanceLoader","level":"info","message":"CommonModule dependencies initialized","timestamp":"2025-04-29 06:30:19"}
{"context":"InstanceLoader","level":"info","message":"AuthModule dependencies initialized","timestamp":"2025-04-29 06:30:19"}
{"context":"InstanceLoader","level":"info","message":"UserModule dependencies initialized","timestamp":"2025-04-29 06:30:19"}
{"context":"InstanceLoader","level":"info","message":"StoreModule dependencies initialized","timestamp":"2025-04-29 06:30:19"}
{"context":"InstanceLoader","level":"info","message":"OwnerModule dependencies initialized","timestamp":"2025-04-29 06:30:19"}
{"context":"InstanceLoader","level":"info","message":"ItemModule dependencies initialized","timestamp":"2025-04-29 06:30:19"}
{"context":"InstanceLoader","level":"info","message":"LogisticsModule dependencies initialized","timestamp":"2025-04-29 06:30:19"}
{"context":"InstanceLoader","level":"info","message":"OrderModule dependencies initialized","timestamp":"2025-04-29 06:30:19"}
{"context":"RoutesResolver","level":"info","message":"UserController {/user}:","timestamp":"2025-04-29 06:30:19"}
{"context":"RouterExplorer","level":"info","message":"Mapped {/user, POST} route","timestamp":"2025-04-29 06:30:19"}
{"context":"RouterExplorer","level":"info","message":"Mapped {/user, GET} route","timestamp":"2025-04-29 06:30:19"}
{"context":"RouterExplorer","level":"info","message":"Mapped {/user/:id, GET} route","timestamp":"2025-04-29 06:30:19"}
{"context":"RouterExplorer","level":"info","message":"Mapped {/user/:id, PATCH} route","timestamp":"2025-04-29 06:30:19"}
{"context":"RouterExplorer","level":"info","message":"Mapped {/user/:id, DELETE} route","timestamp":"2025-04-29 06:30:19"}
{"context":"RoutesResolver","level":"info","message":"AuthController {/auth}:","timestamp":"2025-04-29 06:30:19"}
{"context":"RouterExplorer","level":"info","message":"Mapped {/auth/login, POST} route","timestamp":"2025-04-29 06:30:19"}
{"context":"RouterExplorer","level":"info","message":"Mapped {/auth/token/newToken, POST} route","timestamp":"2025-04-29 06:30:19"}
{"context":"RoutesResolver","level":"info","message":"StoreController {/store}:","timestamp":"2025-04-29 06:30:19"}
{"context":"RouterExplorer","level":"info","message":"Mapped {/store, POST} route","timestamp":"2025-04-29 06:30:19"}
{"context":"RouterExplorer","level":"info","message":"Mapped {/store, GET} route","timestamp":"2025-04-29 06:30:19"}
{"context":"RouterExplorer","level":"info","message":"Mapped {/store/:id, GET} route","timestamp":"2025-04-29 06:30:19"}
{"context":"RouterExplorer","level":"info","message":"Mapped {/store/:id, PATCH} route","timestamp":"2025-04-29 06:30:19"}
{"context":"RouterExplorer","level":"info","message":"Mapped {/store/:id, DELETE} route","timestamp":"2025-04-29 06:30:19"}
{"context":"RouterExplorer","level":"info","message":"Mapped {/store/warehouse, POST} route","timestamp":"2025-04-29 06:30:19"}
{"context":"RoutesResolver","level":"info","message":"OwnerController {/owner}:","timestamp":"2025-04-29 06:30:19"}
{"context":"RouterExplorer","level":"info","message":"Mapped {/owner, POST} route","timestamp":"2025-04-29 06:30:19"}
{"context":"RouterExplorer","level":"info","message":"Mapped {/owner, GET} route","timestamp":"2025-04-29 06:30:19"}
{"context":"RouterExplorer","level":"info","message":"Mapped {/owner/:id, GET} route","timestamp":"2025-04-29 06:30:19"}
{"context":"RouterExplorer","level":"info","message":"Mapped {/owner/:id, PATCH} route","timestamp":"2025-04-29 06:30:19"}
{"context":"RouterExplorer","level":"info","message":"Mapped {/owner/:id, DELETE} route","timestamp":"2025-04-29 06:30:19"}
{"context":"RoutesResolver","level":"info","message":"ItemController {/item}:","timestamp":"2025-04-29 06:30:19"}
{"context":"RouterExplorer","level":"info","message":"Mapped {/item, POST} route","timestamp":"2025-04-29 06:30:19"}
{"context":"RouterExplorer","level":"info","message":"Mapped {/item, GET} route","timestamp":"2025-04-29 06:30:19"}
{"context":"RouterExplorer","level":"info","message":"Mapped {/item/:id, GET} route","timestamp":"2025-04-29 06:30:19"}
{"context":"RouterExplorer","level":"info","message":"Mapped {/item/:id, PATCH} route","timestamp":"2025-04-29 06:30:19"}
{"context":"RouterExplorer","level":"info","message":"Mapped {/item/:id, DELETE} route","timestamp":"2025-04-29 06:30:19"}
{"context":"RouterExplorer","level":"info","message":"Mapped {/item/logistics, POST} route","timestamp":"2025-04-29 06:30:19"}
{"context":"RoutesResolver","level":"info","message":"LogisticsController {/logistics}:","timestamp":"2025-04-29 06:30:19"}
{"context":"RouterExplorer","level":"info","message":"Mapped {/logistics, POST} route","timestamp":"2025-04-29 06:30:19"}
{"context":"RouterExplorer","level":"info","message":"Mapped {/logistics, GET} route","timestamp":"2025-04-29 06:30:19"}
{"context":"RouterExplorer","level":"info","message":"Mapped {/logistics/:id, GET} route","timestamp":"2025-04-29 06:30:19"}
{"context":"RouterExplorer","level":"info","message":"Mapped {/logistics/:id, PATCH} route","timestamp":"2025-04-29 06:30:19"}
{"context":"RouterExplorer","level":"info","message":"Mapped {/logistics/:id, DELETE} route","timestamp":"2025-04-29 06:30:19"}
{"context":"RouterExplorer","level":"info","message":"Mapped {/logistics/warehouse/:id, GET} route","timestamp":"2025-04-29 06:30:19"}
{"context":"RouterExplorer","level":"info","message":"Mapped {/logistics/warehouse/:id, POST} route","timestamp":"2025-04-29 06:30:19"}
{"context":"RoutesResolver","level":"info","message":"OrderController {/order}:","timestamp":"2025-04-29 06:30:19"}
{"context":"RouterExplorer","level":"info","message":"Mapped {/order, POST} route","timestamp":"2025-04-29 06:30:19"}
{"context":"RouterExplorer","level":"info","message":"Mapped {/order, GET} route","timestamp":"2025-04-29 06:30:19"}
{"context":"RouterExplorer","level":"info","message":"Mapped {/order/:id, GET} route","timestamp":"2025-04-29 06:30:19"}
{"context":"RouterExplorer","level":"info","message":"Mapped {/order/:id, PATCH} route","timestamp":"2025-04-29 06:30:19"}
{"context":"RouterExplorer","level":"info","message":"Mapped {/order/:id, DELETE} route","timestamp":"2025-04-29 06:30:19"}
{"context":"RouterExplorer","level":"info","message":"Mapped {/order/batch/update-status, POST} route","timestamp":"2025-04-29 06:30:19"}
{"context":"NestApplication","level":"info","message":"Nest application successfully started","timestamp":"2025-04-29 06:30:19"}
{"context":"Bootstrap","level":"info","message":"애플리케이션이 3001 포트에서 시작되었습니다","timestamp":"2025-04-29 06:30:19"}
{"context":"HttpExceptionFilter","level":"error","message":"[예외] GET / 401 - Bearer 토큰 검증 실패","timestamp":"2025-04-29 06:30:28","trace":"UnauthorizedException: Bearer 토큰 검증 실패\n    at MiddlewareHost.bearerTokenValidate (/app/src/auth/middleware/tokenAuthanticator.middleware.ts:154:13)\n    at process.processTicksAndRejections (node:internal/process/task_queues:95:5)\n    at async MiddlewareHost.use (/app/src/auth/middleware/tokenAuthanticator.middleware.ts:34:31)\n    at async /app/node_modules/.pnpm/@nestjs+core@10.4.17_@nestjs+common@10.4.17_class-transformer@0.5.1_class-validator@0.1_eae1b69253770746a482487d36064dac/node_modules/@nestjs/core/router/router-proxy.js:9:17"}
{"details":{"headers":{"accept":"*/*","accept-encoding":"gzip, deflate, br","authorization":"Bearer eyJhbGciOiJIUzI1NiIsInR5cCI6IkpXVCJ9.eyJzdWIiOjEwLCJyb2xlIjoxLCJ0eXBlIjoiYWNjZXNzIiwiaWF0IjoxNzQ1ODk0NTA1LCJleHAiOjE3NDU4OTc1MDV9.eISdy6EfP-A7WM_M-51geY8-UEUrXeobEbHo-IEcwug","cache-control":"no-cache","connection":"keep-alive","host":"localhost:3001","postman-token":"5cd780b8-68ec-46f8-8ddf-e0546694558a","user-agent":"PostmanRuntime/7.43.3"},"ip":"::ffff:192.168.65.1","method":"GET","path":"/"},"event":"인증/인가 실패","level":"warn","message":"보안 이벤트","timestamp":"2025-04-29T06:30:28.172Z","userId":"unknown"}
{"level":"info","message":"API 호출","method":"POST","path":"/auth/login","responseTime":112,"statusCode":201,"timestamp":"2025-04-29 06:30:57","userId":"admin@admin.com"}
{"level":"info","message":"API 호출","method":"POST","path":"/user","responseTime":110,"statusCode":201,"timestamp":"2025-04-29 06:31:09","userId":"anonymous"}
{"level":"info","message":"API 호출","method":"GET","path":"/user","responseTime":19,"statusCode":200,"timestamp":"2025-04-29 06:31:21","userId":"anonymous"}
